-- MySQL dump 10.13  Distrib 8.0.23, for Win64 (x86_64)
--
-- Host: localhost    Database: litres
-- ------------------------------------------------------
-- Server version	8.0.23

/*!40101 SET @OLD_CHARACTER_SET_CLIENT=@@CHARACTER_SET_CLIENT */;
/*!40101 SET @OLD_CHARACTER_SET_RESULTS=@@CHARACTER_SET_RESULTS */;
/*!40101 SET @OLD_COLLATION_CONNECTION=@@COLLATION_CONNECTION */;
/*!50503 SET NAMES utf8mb4 */;
/*!40103 SET @OLD_TIME_ZONE=@@TIME_ZONE */;
/*!40103 SET TIME_ZONE='+00:00' */;
/*!40014 SET @OLD_UNIQUE_CHECKS=@@UNIQUE_CHECKS, UNIQUE_CHECKS=0 */;
/*!40014 SET @OLD_FOREIGN_KEY_CHECKS=@@FOREIGN_KEY_CHECKS, FOREIGN_KEY_CHECKS=0 */;
/*!40101 SET @OLD_SQL_MODE=@@SQL_MODE, SQL_MODE='NO_AUTO_VALUE_ON_ZERO' */;
/*!40111 SET @OLD_SQL_NOTES=@@SQL_NOTES, SQL_NOTES=0 */;

--
-- Table structure for table `authors`
--

DROP TABLE IF EXISTS `authors`;
/*!40101 SET @saved_cs_client     = @@character_set_client */;
/*!50503 SET character_set_client = utf8mb4 */;
CREATE TABLE `authors` (
  `id` int unsigned NOT NULL AUTO_INCREMENT COMMENT '╨Ш╨┤╨╡╨╜╤В╨╕╤Д╨╕╨║╨░╤В╨╛╤А ╤Б╤В╤А╨╛╨║╨╕',
  `first_name` varchar(100) CHARACTER SET utf8mb4 COLLATE utf8mb4_unicode_ci NOT NULL COMMENT '╨Ш╨╝╤П ╨░╨▓╤В╨╛╤А╨░',
  `last_name` varchar(100) CHARACTER SET utf8mb4 COLLATE utf8mb4_unicode_ci NOT NULL COMMENT '╨д╨░╨╝╨╕╨╗╨╕╤П ╨░╨▓╤В╨╛╤А╨░',
  `books_amount` int NOT NULL COMMENT '╨Ъ╨╛╨╗╨╕╤З╨╡╤Б╤В╨▓╨╛ ╨║╨╜╨╕╨│',
  `about` text CHARACTER SET utf8mb4 COLLATE utf8mb4_unicode_ci NOT NULL COMMENT '╨Ш╨╜╤Д╨╛╤А╨╝╨░╤Ж╨╕╤П ╨╛╨▒ ╨░╨▓╤В╨╛╤А╨╡',
  `reviews_amount` int NOT NULL COMMENT '╨Ъ╨╛╨╗╨╕╤З╨╡╤Б╤В╨▓╨╛ ╨╛╤В╨╖╤Л╨▓╨╛╨▓',
  `created_at` datetime DEFAULT CURRENT_TIMESTAMP COMMENT '╨Т╤А╨╡╨╝╤П ╤Б╨╛╨╖╨┤╨░╨╜╨╕╤П ╤Б╤В╤А╨╛╨║╨╕',
  `updated_at` datetime DEFAULT CURRENT_TIMESTAMP ON UPDATE CURRENT_TIMESTAMP COMMENT '╨Т╤А╨╡╨╝╤П ╨╛╨▒╨╜╨╛╨▓╨╗╨╡╨╜╨╕╤П ╤Б╤В╤А╨╛╨║╨╕',
  PRIMARY KEY (`id`)
) ENGINE=InnoDB AUTO_INCREMENT=101 DEFAULT CHARSET=utf8mb4 COLLATE=utf8mb4_unicode_ci COMMENT='╨Р╨▓╤В╨╛╤А╤Л';
/*!40101 SET character_set_client = @saved_cs_client */;

--
-- Dumping data for table `authors`
--

LOCK TABLES `authors` WRITE;
/*!40000 ALTER TABLE `authors` DISABLE KEYS */;
INSERT INTO `authors` VALUES (1,'Sedrick','Greenholt',105,'I\'m not the same, the next moment a shower of little Alice herself, and once she remembered the number of executions the Queen till she too began dreaming after a pause: \'the reason is, that I\'m.',103,'2013-07-18 09:12:25','2021-04-26 18:48:15'),(2,'Rashawn','Robel',81,'Let me see: that would be so easily offended, you know!\' The Mouse did not wish to offend the Dormouse followed him: the March Hare. \'I didn\'t know how to get through was more hopeless than ever:.',236,'2016-06-06 04:21:35','2021-04-26 18:48:15'),(3,'Alexandria','Kuhn',92,'King, looking round the thistle again; then the puppy made another rush at the mouth with strings: into this they slipped the guinea-pig, head first, and then, if I shall remember it in large.',117,'2013-09-23 00:37:58','2021-04-26 18:48:15'),(4,'Enrique','Grady',217,'THIS!\' (Sounds of more energetic remedies--\' \'Speak English!\' said the Cat: \'we\'re all mad here. I\'m mad. You\'re mad.\' \'How do you know why it\'s called a whiting?\' \'I never said I could show you our.',0,'2012-09-26 20:26:31','2021-04-26 18:48:14'),(5,'Constance','Boyle',206,'Dormouse say?\' one of its mouth and began an account of the bread-and-butter. Just at this corner--No, tie \'em together first--they don\'t reach half high enough yet--Oh! they\'ll do well enough; and.',5,'2015-12-08 17:05:11','2021-04-26 18:48:14'),(6,'Leonie','Nicolas',81,'King said to Alice, and tried to speak, and no one listening, this time, as it can talk: at any rate, the Dormouse again, so she went on, \'What HAVE you been doing here?\' \'May it please your.',3,'2017-11-14 19:37:08','2021-04-26 18:48:14'),(7,'Joel','Rice',86,'It\'s enough to look over their shoulders, that all the right distance--but then I wonder if I chose,\' the Duchess replied, in a low voice, \'Your Majesty must cross-examine the next witness.\' And he.',129,'2014-05-15 22:52:21','2021-04-26 18:48:15'),(8,'Guido','Lemke',184,'THE FENDER, (WITH ALICE\'S LOVE). Oh dear, what nonsense I\'m talking!\' Just then she heard the Queen\'s hedgehog just now, only it ran away when it grunted again, so that it might appear to others.',43,'2015-08-03 16:50:09','2021-04-26 18:48:15'),(9,'Alanis','Gleichner',63,'It\'ll be no doubt that it was too slippery; and when Alice had been all the players, except the Lizard, who seemed ready to make out at the March Hare took the cauldron of soup off the subjects on.',3,'2012-03-02 04:14:10','2021-04-26 18:48:14'),(10,'Tania','Reinger',62,'I\'m sure I have dropped them, I wonder?\' Alice guessed who it was, even before she made it out into the garden with one finger for the first figure!\' said the King. \'When did you do either!\' And the.',76,'2015-06-28 13:59:18','2021-04-26 18:48:15'),(11,'Deontae','Lehner',119,'I\'ve seen that done,\' thought Alice. One of the house if it likes.\' \'I\'d rather not,\' the Cat said, waving its tail when it\'s angry, and wags its tail when I\'m angry. Therefore I\'m mad.\' \'I call it.',250,'2018-03-31 10:31:38','2021-04-26 18:48:15'),(12,'Tamara','Swaniawski',111,'The chief difficulty Alice found at first she would gather about her repeating \'YOU ARE OLD, FATHER WILLIAM,\"\' said the Cat. \'I don\'t see,\' said the Mouse, getting up and straightening itself out.',23,'2014-05-19 10:00:50','2021-04-26 18:48:15'),(13,'Brad','Ryan',195,'English coast you find a number of cucumber-frames there must be!\' thought Alice. \'I\'ve so often read in the house, \"Let us both go to on the Duchess\'s cook. She carried the pepper-box in her life,.',26,'2013-04-13 12:59:55','2021-04-26 18:48:14'),(14,'Geoffrey','Treutel',41,'After a time there were no tears. \'If you\'re going to remark myself.\' \'Have you guessed the riddle yet?\' the Hatter with a melancholy tone: \'it doesn\'t seem to encourage the witness at all: he kept.',113,'2015-11-30 14:07:14','2021-04-26 18:48:15'),(15,'Angelo','Brown',10,'Alice had been anxiously looking across the field after it, never once considering how in the middle of one! There ought to eat or drink under the table: she opened it, and burning with curiosity,.',2,'2013-09-04 23:28:04','2013-10-22 08:24:45'),(16,'Alden','Gutkowski',3,'I suppose you\'ll be telling me next that you weren\'t to talk nonsense. The Queen\'s Croquet-Ground A large rose-tree stood near the looking-glass. There was a long time together.\' \'Which is just the.',0,'2014-09-26 05:36:01','2016-06-23 19:00:14'),(17,'Eloise','Goyette',221,'Gryphon: and Alice called after her. \'I\'ve something important to say!\' This sounded promising, certainly: Alice turned and came back again. \'Keep your temper,\' said the Dodo solemnly presented the.',0,'2015-01-17 07:22:19','2021-04-26 18:48:14'),(18,'Sadie','Shields',83,'Mary Ann, and be turned out of it, and burning with curiosity, she ran with all their simple joys, remembering her own ears for having missed their turns, and she sat down at her as hard as it left.',220,'2020-09-30 19:17:54','2021-04-26 18:48:14'),(19,'Judy','Upton',50,'Cat. \'--so long as it left no mark on the second verse of the well, and noticed that one of them.\' In another moment down went Alice after it, never once considering how in the sand with wooden.',245,'2017-02-15 14:24:23','2021-04-26 18:48:15'),(20,'Kacey','Towne',2,'Pray how did you do lessons?\' said Alice, \'it\'s very easy to know what it might belong to one of the court. \'What do you mean that you think you could see this, as she did not wish to offend the.',5,'2015-01-26 23:18:43','2021-04-26 18:48:14'),(21,'Bonita','Reilly',159,'This time there were ten of them, with her head!\' the Queen had only one way up as the White Rabbit read out, at the March Hare, \'that \"I breathe when I grow at a king,\' said Alice. \'You must be,\'.',136,'2011-07-26 02:34:16','2021-04-26 18:48:15'),(22,'Ari','Vandervort',1,'Dormouse began in a loud, indignant voice, but she stopped hastily, for the immediate adoption of more broken glass.) \'Now tell me, please, which way you go,\' said the Duchess; \'and that\'s why..',193,'2011-07-16 07:28:19','2021-04-26 18:48:15'),(23,'Baron','Ruecker',4,'Footman continued in the way wherever she wanted much to know, but the three were all shaped like the look of things at all, as the March Hare was said to Alice, they all crowded round it, panting,.',0,'2016-08-05 04:19:02','2021-04-26 18:48:16'),(24,'Dessie','Lemke',189,'Alice waited a little, \'From the Queen. \'Can you play croquet?\' The soldiers were always getting up and said, \'It was the first figure!\' said the Rabbit whispered in reply, \'for fear they should.',59,'2013-05-23 22:50:01','2021-04-26 18:48:15'),(25,'Zechariah','Mertz',168,'EVER happen in a great interest in questions of eating and drinking. \'They lived on treacle,\' said the Cat; and this was his first speech. \'You should learn not to her, \'if we had the door as you.',214,'2019-09-06 23:54:47','2021-04-26 18:48:15'),(26,'Maximilian','Ruecker',272,'Alice in a sort of thing that would happen: \'\"Miss Alice! Come here directly, and get in at the thought that she had asked it aloud; and in another moment, when she went in without knocking, and.',145,'2018-09-27 21:26:04','2021-04-26 18:48:15'),(27,'Blanca','Rath',254,'HIM TO YOU,\"\' said Alice. The poor little Lizard, Bill, was in managing her flamingo: she succeeded in curving it down into its eyes by this time.) \'You\'re nothing but a pack of cards: the Knave of.',80,'2020-05-14 16:09:47','2021-04-26 18:48:15'),(28,'Bryana','Heidenreich',153,'Dormouse, who was sitting on the bank, and of having the sentence first!\' \'Hold your tongue!\' said the Caterpillar. This was quite impossible to say \'Drink me,\' but the Rabbit asked. \'No, I didn\'t,\'.',215,'2014-10-27 10:07:29','2021-04-26 18:48:15'),(29,'Robin','Harvey',2,'And how odd the directions will look! ALICE\'S RIGHT FOOT, ESQ. HEARTHRUG, NEAR THE FENDER, (WITH ALICE\'S LOVE). Oh dear, what nonsense I\'m talking!\' Just then her head to keep herself from being.',43,'2020-01-04 11:58:54','2021-04-26 18:48:14'),(30,'Mary','Witting',149,'Hatter grumbled: \'you shouldn\'t have put it in a great interest in questions of eating and drinking. \'They lived on treacle,\' said the youth, \'one would hardly suppose That your eye was as much.',83,'2019-09-09 09:23:13','2021-04-26 18:48:15'),(31,'Kyleigh','Brakus',36,'Rabbit asked. \'No, I didn\'t,\' said Alice: \'I don\'t know where Dinn may be,\' said the Dormouse: \'not in that soup!\' Alice said nothing; she had gone through that day. \'A likely story indeed!\' said.',9,'2020-05-10 07:42:33','2021-04-26 18:48:16'),(32,'Jerod','Hoppe',142,'Duchess asked, with another dig of her ever getting out of its little eyes, but it was neither more nor less than a real nose; also its eyes by this time). \'Don\'t grunt,\' said Alice; \'living at the.',21,'2020-12-27 00:31:57','2021-04-26 18:48:15'),(33,'Forrest','Effertz',262,'Canterbury, found it made no mark; but he now hastily began again, using the ink, that was trickling down his face, as long as it was quite pleased to find herself still in sight, hurrying down it..',107,'2012-11-10 10:44:31','2021-04-26 18:48:15'),(34,'Immanuel','Hills',282,'Caterpillar. \'Well, I never heard of such a fall as this, I shall fall right THROUGH the earth! How funny it\'ll seem, sending presents to one\'s own feet! And how odd the directions will look!.',0,'2015-07-06 19:33:37','2021-04-26 18:48:14'),(35,'Marjolaine','Walter',24,'I think I can say.\' This was not going to begin lessons: you\'d only have to beat time when she turned away. \'Come back!\' the Caterpillar angrily, rearing itself upright as it lasted.) \'Then the.',221,'2019-08-10 09:59:05','2021-04-26 18:48:15'),(36,'Kay','Jenkins',212,'And I declare it\'s too bad, that it was as steady as ever; Yet you finished the first question, you know.\' \'I DON\'T know,\' said Alice as it could go, and making quite a large dish of tarts upon it:.',31,'2020-01-12 05:47:09','2021-04-26 18:48:15'),(37,'Beatrice','Hudson',172,'Gryphon. \'The reason is,\' said the Cat went on, \'if you don\'t know much,\' said Alice; \'I daresay it\'s a set of verses.\' \'Are they in the distance, and she was now the right way of settling all.',242,'2014-02-27 20:45:23','2021-04-26 18:48:15'),(38,'Ebony','Hoppe',191,'His voice has a timid voice at her feet, they seemed to be two people! Why, there\'s hardly room to open them again, and Alice joined the procession, wondering very much to-night, I should like to.',119,'2011-11-28 19:01:35','2021-04-26 18:48:15'),(39,'Efren','Schmitt',136,'YOUR adventures.\' \'I could tell you more than Alice could see, when she got back to her: first, because the Duchess was VERY ugly; and secondly, because they\'re making such VERY short remarks, and.',117,'2014-01-29 04:49:15','2021-04-26 18:48:15'),(40,'Austyn','Grady',106,'Gryphon. \'They can\'t have anything to say, she simply bowed, and took the hookah into its nest. Alice crouched down among the trees, a little bird as soon as the March Hare went \'Sh! sh!\' and the.',226,'2012-03-26 00:24:34','2021-04-26 18:48:15'),(41,'Coralie','Balistreri',121,'Mouse with an M?\' said Alice. \'Then it doesn\'t understand English,\' thought Alice; \'only, as it\'s asleep, I suppose Dinah\'ll be sending me on messages next!\' And she began nursing her child again,.',28,'2013-04-14 00:16:56','2021-04-26 18:48:15'),(42,'Destiny','Eichmann',32,'Hatter, \'or you\'ll be telling me next that you had been wandering, when a cry of \'The trial\'s beginning!\' was heard in the newspapers, at the flowers and those cool fountains, but she saw maps and.',0,'2011-09-12 04:09:17','2015-03-17 11:24:31'),(43,'Zella','Rempel',91,'I was going to leave off being arches to do it! Oh dear! I\'d nearly forgotten that I\'ve got back to them, and the White Rabbit with pink eyes ran close by it, and very soon came to the heads of the.',213,'2016-03-17 09:27:28','2021-04-26 18:48:15'),(44,'Lina','Yost',287,'Pigeon. \'I can tell you my adventures--beginning from this side of the officers: but the great puzzle!\' And she opened it, and kept doubling itself up and say \"How doth the little passage: and.',231,'2011-05-01 07:26:18','2021-04-26 18:48:15'),(45,'Bailey','Wilderman',172,'They were just beginning to think about stopping herself before she made it out to sea!\" But the insolence of his pocket, and pulled out a new idea to Alice, flinging the baby violently up and down.',14,'2019-06-13 16:43:15','2021-04-26 18:48:15'),(46,'Abby','Will',299,'Gryphon, and, taking Alice by the Queen said to the Hatter. \'Stolen!\' the King hastily said, and went on: \'But why did they live on?\' said Alice, rather alarmed at the March Hare. Alice sighed.',126,'2018-09-18 14:11:22','2021-04-26 18:48:15'),(47,'Don','Larkin',76,'This is the reason so many lessons to learn! No, I\'ve made up my mind about it; if I\'m not particular as to bring tears into her face. \'Very,\' said Alice: \'three inches is such a wretched height to.',0,'2017-07-22 15:36:44','2021-04-26 18:48:14'),(48,'Jesse','Wehner',84,'By the time he was speaking, so that it was just beginning to see the Queen. \'Sentence first--verdict afterwards.\' \'Stuff and nonsense!\' said Alice very humbly: \'you had got its head impatiently,.',90,'2018-09-18 05:27:59','2021-04-26 18:48:15'),(49,'Anderson','Effertz',192,'Alice. \'Come on, then,\' said Alice, \'and why it is almost certain to disagree with you, sooner or later. However, this bottle was NOT marked \'poison,\' it is I hate cats and dogs.\' It was high time.',71,'2020-06-24 11:40:03','2021-04-26 18:48:15'),(50,'Lazaro','Block',107,'I shall be a queer thing, to be a footman in livery came running out of breath, and said \'What else had you to offer it,\' said the Duchess, as she fell past it. \'Well!\' thought Alice \'without.',86,'2020-05-27 22:09:46','2021-04-26 18:48:15'),(51,'Shyanne','Kuhlman',260,'Father William replied to his son, \'I feared it might be some sense in your pocket?\' he went on, without attending to her; \'but those serpents! There\'s no pleasing them!\' Alice was more hopeless.',8,'2019-08-02 01:01:42','2021-04-26 18:48:14'),(52,'Mitchell','Altenwerth',76,'Hardly knowing what she was quite out of a dance is it?\' he said. (Which he certainly did NOT, being made entirely of cardboard.) \'All right, so far,\' said the Caterpillar. Alice said very humbly;.',54,'2018-09-17 07:04:28','2021-04-26 18:48:14'),(53,'Lillie','Ferry',201,'Footman went on without attending to her; \'but those serpents! There\'s no pleasing them!\' Alice was only a mouse that had slipped in like herself. \'Would it be of very little use without my.',214,'2015-10-13 05:41:30','2021-04-26 18:48:15'),(54,'Lizzie','Hills',178,'I am very tired of being upset, and their curls got entangled together. Alice was very like having a game of croquet she was near enough to drive one crazy!\' The Footman seemed to be trampled under.',62,'2014-12-22 04:40:58','2021-04-26 18:48:15'),(55,'Liliana','Bailey',283,'Alice said; \'there\'s a large mushroom growing near her, she began, rather timidly, as she could, and waited to see you again, you dear old thing!\' said Alice, looking down with one finger; and the.',170,'2016-02-09 18:39:13','2021-04-26 18:48:15'),(56,'Eula','Jaskolski',282,'Alice. \'I wonder what I say--that\'s the same words as before, \'and things are \"much of a tree in front of the pack, she could not tell whether they were nowhere to be ashamed of yourself for asking.',0,'2012-06-17 03:14:11','2021-04-26 18:48:14'),(57,'Milford','Beahan',263,'CHAPTER VI. Pig and Pepper For a minute or two. \'They couldn\'t have done just as I\'d taken the highest tree in the beautiful garden, among the people near the King said, for about the crumbs,\' said.',160,'2019-10-02 17:17:33','2021-04-26 18:48:15'),(58,'Rafaela','Lang',165,'Alice ventured to say. \'What is it?\' The Gryphon sat up and beg for its dinner, and all her knowledge of history, Alice had no pictures or conversations?\' So she tucked it away under her arm, that.',41,'2016-02-01 02:36:48','2021-04-26 18:48:15'),(59,'Robyn','Lind',6,'The Knave shook his head mournfully. \'Not I!\' he replied. \'We quarrelled last March--just before HE went mad, you know--\' She had not gone (We know it was a sound of many footsteps, and Alice.',3,'2012-05-10 12:59:16','2018-01-09 17:22:25'),(60,'Albin','Hegmann',35,'I could shut up like a sky-rocket!\' \'So you did, old fellow!\' said the King. The next thing was snorting like a stalk out of sight, he said in a dreamy sort of people live about here?\' \'In THAT.',6,'2017-01-16 02:48:04','2021-04-26 18:48:14'),(61,'Asha','Braun',27,'Cat. \'I\'d nearly forgotten that I\'ve got to the shore. CHAPTER III. A Caucus-Race and a great interest in questions of eating and drinking. \'They lived on treacle,\' said the King said to Alice, that.',1,'2020-08-02 05:16:26','2020-09-30 00:20:23'),(62,'Rosa','Schimmel',282,'Lobster Quadrille is!\' \'No, indeed,\' said Alice. \'Why, there they lay on the bank, with her head!\' Those whom she sentenced were taken into custody by the soldiers, who of course had to double.',226,'2014-07-31 23:04:56','2021-04-26 18:48:15'),(63,'Garrett','Willms',58,'March Hare. Alice was so small as this before, never! And I declare it\'s too bad, that it seemed quite dull and stupid for life to go after that savage Queen: so she began looking at them with one.',7,'2015-02-28 22:32:38','2021-04-26 18:48:15'),(64,'Christine','Medhurst',105,'I ought to have any rules in particular; at least, if there were a Duck and a Dodo, a Lory and an old woman--but then--always to have him with them,\' the Mock Turtle went on, \'What\'s your name,.',247,'2011-05-28 10:09:31','2021-04-26 18:48:14'),(65,'Genesis','King',278,'I\'ll go round a deal too far off to other parts of the busy farm-yard--while the lowing of the Mock Turtle, and said \'No, never\') \'--so you can find out the Fish-Footman was gone, and, by the hand,.',105,'2019-07-28 20:43:12','2021-04-26 18:48:15'),(66,'Jarred','Kuvalis',50,'I don\'t care which happens!\' She ate a little scream of laughter. \'Oh, hush!\' the Rabbit whispered in a dreamy sort of thing never happened, and now here I am in the house, and found quite a crowd.',2,'2012-12-04 00:04:07','2021-04-26 18:48:15'),(67,'Mae','Jaskolski',173,'Alice, and, after waiting till she had this fit) An obstacle that came between Him, and ourselves, and it. Don\'t let him know she liked them best, For this must be really offended. \'We won\'t talk.',195,'2013-05-17 11:19:35','2021-04-26 18:48:15'),(68,'Ashley','Bechtelar',32,'And the Eaglet bent down its head down, and was looking about for it, he was obliged to say it over) \'--yes, that\'s about the crumbs,\' said the Dodo. Then they all spoke at once, she found she could.',30,'2020-06-15 05:47:09','2021-04-26 18:48:14'),(69,'Abigail','Upton',241,'I don\'t take this child away with me,\' thought Alice, \'and if it had finished this short speech, they all moved off, and that if you wouldn\'t have come here.\' Alice didn\'t think that very few little.',219,'2019-11-14 22:45:09','2021-04-26 18:48:15'),(70,'Harley','Oberbrunner',206,'You see the earth takes twenty-four hours to turn into a small passage, not much surprised at her feet in a trembling voice, \'--and I hadn\'t mentioned Dinah!\' she said to the King, \'and don\'t look.',9,'2016-06-04 16:49:39','2021-04-26 18:48:15'),(71,'Jasper','Hettinger',78,'Alice, \'to pretend to be sure, she had succeeded in getting its body tucked away, comfortably enough, under her arm, and timidly said \'Consider, my dear: she is only a child!\' The Queen turned.',137,'2012-01-25 18:54:45','2021-04-26 18:48:15'),(72,'Joesph','Predovic',10,'Alice recognised the White Rabbit put on your shoes and stockings for you now, dears? I\'m sure _I_ shan\'t be able! I shall be a footman because he taught us,\' said the Duchess, the Duchess! Oh!.',0,'2013-07-23 16:31:26','2021-04-26 18:48:14'),(73,'Emely','Goyette',29,'But here, to Alice\'s great surprise, the Duchess\'s knee, while plates and dishes crashed around it--once more the shriek of the cattle in the sea!\' cried the Mock Turtle, \'they--you\'ve seen them, of.',158,'2015-10-21 11:38:53','2021-04-26 18:48:15'),(74,'Ricardo','Bahringer',115,'Lobster; I heard him declare, \"You have baked me too brown, I must go and take it away!\' There was a dispute going on shrinking rapidly: she soon made out that it might tell her something worth.',127,'2018-10-03 09:49:30','2021-04-26 18:48:15'),(75,'Olin','Howell',186,'Gryphon, and the Dormouse fell asleep instantly, and neither of the right-hand bit to try the experiment?\' \'HE might bite,\' Alice cautiously replied: \'but I haven\'t had a bone in his sleep, \'that \"I.',161,'2017-09-04 18:16:53','2021-04-26 18:48:15'),(76,'Jerrell','Koelpin',285,'NOT be an advantage,\' said Alice, very loudly and decidedly, and the little golden key, and Alice\'s elbow was pressed hard against it, that attempt proved a failure. Alice heard the Queen was to.',6,'2019-06-29 23:00:12','2021-04-26 18:48:14'),(77,'Vena','Erdman',2,'Footman continued in the pool a little before she made some tarts, All on a little shaking among the bright eager eyes were nearly out of his great wig.\' The judge, by the Queen was to get her head.',172,'2017-06-04 20:23:01','2021-04-26 18:48:15'),(78,'Payton','Boyle',266,'Alice to herself, \'in my going out altogether, like a thunderstorm. \'A fine day, your Majesty!\' the soldiers had to do it.\' (And, as you might catch a bad cold if she was near enough to try the.',23,'2011-06-12 19:58:26','2021-04-26 18:48:14'),(79,'Palma','Eichmann',174,'King said, with a pair of white kid gloves while she was quite tired of being all alone here!\' As she said this, she came upon a little nervous about this; \'for it might happen any minute, \'and.',129,'2016-06-25 01:27:01','2021-04-26 18:48:15'),(80,'Bradley','Gibson',71,'White Rabbit; \'in fact, there\'s nothing written on the back. At last the Caterpillar contemptuously. \'Who are YOU?\' Which brought them back again to the three gardeners at it, busily painting them.',0,'2012-10-23 10:39:07','2021-04-26 18:48:14'),(81,'Cheyanne','Runte',132,'Alice went on, \'if you don\'t explain it is right?\' \'In my youth,\' said the King; \'and don\'t be nervous, or I\'ll kick you down stairs!\' \'That is not said right,\' said the Pigeon; \'but if they do, why.',129,'2016-02-04 04:56:12','2021-04-26 18:48:15'),(82,'Hortense','Kshlerin',147,'Alice thought she might as well as she was trying to box her own child-life, and the pool rippling to the jury, and the Panther received knife and fork with a deep voice, \'are done with blacking, I.',47,'2020-01-27 21:41:36','2021-04-26 18:48:14'),(83,'Hallie','Miller',40,'Off with his head!\' or \'Off with his head!\' she said, \'and see whether it\'s marked \"poison\" or not\'; for she had hoped) a fan and gloves--that is, if I know all sorts of little birds and beasts, as.',6,'2017-09-22 07:36:12','2021-04-26 18:48:15'),(84,'Evans','Parker',58,'Mock Turtle replied; \'and then the Mock Turtle. \'And how do you call it purring, not growling,\' said Alice. \'Well, I hardly know--No more, thank ye; I\'m better now--but I\'m a hatter.\' Here the other.',128,'2020-03-16 01:10:56','2021-04-26 18:48:14'),(85,'Otto','Renner',2,'Rabbit came near her, about four feet high. \'I wish I could let you out, you know.\' \'Not the same thing as \"I get what I say--that\'s the same side of WHAT?\' thought Alice; \'I might as well to.',142,'2017-12-30 08:05:36','2021-04-26 18:48:15'),(86,'Louvenia','Christiansen',167,'English coast you find a thing,\' said the Mouse, turning to the other, saying, in a pleased tone. \'Pray don\'t trouble yourself to say than his first speech. \'You should learn not to her, so she took.',192,'2016-06-02 12:35:09','2021-04-26 18:48:15'),(87,'Tom','Wiegand',64,'King and Queen of Hearts were seated on their faces, and the moment she quite forgot how to speak first, \'why your cat grins like that?\' \'It\'s a mineral, I THINK,\' said Alice. \'Of course not,\' said.',249,'2017-04-03 10:50:26','2021-04-26 18:48:14'),(88,'Cielo','Balistreri',115,'Five, who had been wandering, when a sharp hiss made her so savage when they arrived, with a table in the house if it please your Majesty?\' he asked. \'Begin at the window.\' \'THAT you won\'t\' thought.',31,'2014-05-16 18:28:27','2021-04-26 18:48:15'),(89,'Arlo','Gaylord',85,'Dormouse, and repeated her question. \'Why did you begin?\' The Hatter looked at her, and she told her sister, who was peeping anxiously into its face to see that queer little toss of her or of.',82,'2013-06-10 23:50:01','2021-04-26 18:48:15'),(90,'Carlos','Mitchell',78,'Alice. \'But you\'re so easily offended!\' \'You\'ll get used to read fairy-tales, I fancied that kind of sob, \'I\'ve tried every way, and then raised himself upon tiptoe, put his mouth close to her,.',0,'2018-01-14 05:01:25','2021-04-26 18:48:14'),(91,'Aric','Hills',135,'I am, sir,\' said Alice; not that she let the jury--\' \'If any one left alive!\' She was close behind it was addressed to the confused clamour of the baby, and not to be no use speaking to it,\' she.',67,'2013-12-19 18:19:19','2021-04-26 18:48:15'),(92,'Amber','Runolfsson',142,'Alice. \'Why?\' \'IT DOES THE BOOTS AND SHOES.\' the Gryphon remarked: \'because they lessen from day to day.\' This was such a nice little histories about children who had meanwhile been examining the.',85,'2013-05-10 05:33:17','2021-04-26 18:48:15'),(93,'Melany','VonRueden',5,'Very soon the Rabbit say to this: so she sat on, with closed eyes, and half of them--and it belongs to the law, And argued each case with my wife; And the Gryphon whispered in a soothing tone:.',226,'2016-05-29 13:25:52','2021-04-26 18:48:15'),(94,'Jadyn','Mann',198,'I suppose?\' said Alice. \'Why not?\' said the Duchess, as she ran. \'How surprised he\'ll be when he sneezes: He only does it matter to me whether you\'re nervous or not.\' \'I\'m a poor man, your Majesty,\'.',125,'2012-09-23 11:50:37','2021-04-26 18:48:15'),(95,'Toni','Willms',75,'Queen, \'and he shall tell you his history,\' As they walked off together. Alice laughed so much surprised, that for two Pennyworth only of beautiful Soup? Pennyworth only of beautiful Soup?.',6,'2020-02-16 11:20:08','2021-04-26 18:48:14'),(96,'Savanna','Johns',81,'That\'ll be a great thistle, to keep back the wandering hair that curled all over their shoulders, that all the way the people near the King very decidedly, and the others took the regular course.\'.',197,'2018-12-26 11:28:45','2021-04-26 18:48:15'),(97,'Jayde','D\'Amore',179,'She hastily put down the chimney, and said \'That\'s very curious.\' \'It\'s all her fancy, that: they never executes nobody, you know. Please, Ma\'am, is this New Zealand or Australia?\' (and she tried.',109,'2018-03-20 09:36:55','2021-04-26 18:48:14'),(98,'Jeanne','Hintz',50,'March Hare. Visit either you like: they\'re both mad.\' \'But I don\'t keep the same thing as \"I sleep when I got up very carefully, with one foot. \'Get up!\' said the King. Here one of its mouth, and.',110,'2020-06-12 14:34:28','2021-04-26 18:48:15'),(99,'Hank','Abshire',12,'Alice could hear him sighing as if a fish came to ME, and told me you had been anything near the King repeated angrily, \'or I\'ll have you executed, whether you\'re a little animal (she couldn\'t guess.',209,'2013-09-20 10:41:17','2021-04-26 18:48:15'),(100,'Evalyn','Hermann',212,'I must sugar my hair.\" As a duck with its eyelids, so he with his head!\"\' \'How dreadfully savage!\' exclaimed Alice. \'That\'s the first verse,\' said the King very decidedly, and there they are!\' said.',0,'2011-11-22 22:40:54','2021-04-26 18:48:14');
/*!40000 ALTER TABLE `authors` ENABLE KEYS */;
UNLOCK TABLES;

--
-- Table structure for table `bonus_cards`
--

DROP TABLE IF EXISTS `bonus_cards`;
/*!40101 SET @saved_cs_client     = @@character_set_client */;
/*!50503 SET character_set_client = utf8mb4 */;
CREATE TABLE `bonus_cards` (
  `id` int unsigned NOT NULL AUTO_INCREMENT COMMENT 'Идентификатор строки',
  `name` varchar(255) NOT NULL COMMENT 'Название бонусной карты',
  PRIMARY KEY (`id`),
  UNIQUE KEY `name` (`name`)
) ENGINE=InnoDB AUTO_INCREMENT=15 DEFAULT CHARSET=utf8mb4 COLLATE=utf8mb4_0900_ai_ci COMMENT='Бонусные карты';
/*!40101 SET character_set_client = @saved_cs_client */;

--
-- Dumping data for table `bonus_cards`
--

LOCK TABLES `bonus_cards` WRITE;
/*!40000 ALTER TABLE `bonus_cards` DISABLE KEYS */;
INSERT INTO `bonus_cards` VALUES (6,'BPClub'),(9,'S7 Priority'),(8,'Аэрофлот'),(7,'Город (Тройка)'),(10,'Карта Ural Airlines'),(5,'Карта Билайн'),(13,'Карта Магнит'),(11,'Карта Москвича'),(3,'Карта Перекресток'),(1,'Много.ру'),(14,'Не использовать карту'),(2,'Связной Плюс'),(4,'Семейная команда');
/*!40000 ALTER TABLE `bonus_cards` ENABLE KEYS */;
UNLOCK TABLES;

--
-- Table structure for table `book_types`
--

DROP TABLE IF EXISTS `book_types`;
/*!40101 SET @saved_cs_client     = @@character_set_client */;
/*!50503 SET character_set_client = utf8mb4 */;
CREATE TABLE `book_types` (
  `id` int unsigned NOT NULL COMMENT 'Идентификатор строки',
  `name` varchar(255) NOT NULL COMMENT 'Формат книги',
  PRIMARY KEY (`id`),
  UNIQUE KEY `name` (`name`)
) ENGINE=InnoDB DEFAULT CHARSET=utf8mb4 COLLATE=utf8mb4_0900_ai_ci COMMENT='Типы книг';
/*!40101 SET character_set_client = @saved_cs_client */;

--
-- Dumping data for table `book_types`
--

LOCK TABLES `book_types` WRITE;
/*!40000 ALTER TABLE `book_types` DISABLE KEYS */;
INSERT INTO `book_types` VALUES (2,'EPUB'),(1,'FB2'),(7,'FB3'),(3,'iOS.UPUB'),(10,'M4B'),(6,'MOBI'),(9,'MP3'),(8,'PDF'),(5,'RTF'),(4,'TXT'),(11,'ZIP-АРХИВ');
/*!40000 ALTER TABLE `book_types` ENABLE KEYS */;
UNLOCK TABLES;

--
-- Table structure for table `books`
--

DROP TABLE IF EXISTS `books`;
/*!40101 SET @saved_cs_client     = @@character_set_client */;
/*!50503 SET character_set_client = utf8mb4 */;
CREATE TABLE `books` (
  `id` int unsigned NOT NULL AUTO_INCREMENT COMMENT '╨Ш╨┤╨╡╨╜╤В╨╕╤Д╨╕╨║╨░╤В╨╛╤А ╤Б╤В╤А╨╛╨║╨╕',
  `name` varchar(255) CHARACTER SET utf8mb4 COLLATE utf8mb4_unicode_ci NOT NULL COMMENT '╨Э╨░╨╖╨▓╨░╨╜╨╕╨╡ ╨║╨╜╨╕╨│╨╕',
  `author_id` int unsigned NOT NULL COMMENT '╨б╤Б╤Л╨╗╨║╨░ ╨╜╨░ ╨░╨▓╤В╨╛╤А╨░ ╨║╨╜╨╕╨│╨╕',
  `series_id` int unsigned NOT NULL COMMENT '╨б╤Б╤Л╨╗╨║╨░ ╨╜╨░ ╤Б╨╡╤А╨╕╤О ╨║╨╜╨╕╨│',
  `genre_id` int unsigned NOT NULL COMMENT '╨б╤Б╤Л╨╗╨║╨░ ╨╜╨░ ╨╢╨░╨╜╤А ╨║╨╜╨╕╨│╨╕',
  `about` text CHARACTER SET utf8mb4 COLLATE utf8mb4_unicode_ci NOT NULL COMMENT '╨Р╨╜╨╜╨╛╤В╨░╤Ж╨╕╤П ╨║ ╨║╨╜╨╕╨│╨╡',
  `rating_LitRes` float NOT NULL COMMENT '╨а╨╡╨╣╤В╨╕╨╜╨│ ╨║╨╜╨╕╨│╨╕ ╨╜╨░ ╨Ы╨╕╤В╨а╨╡╤Б',
  `rating_LiveLib` float NOT NULL COMMENT '╨а╨╡╨╣╤В╨╕╨╜╨│ ╨║╨╜╨╕╨│╨╕ ╨╜╨░ LiveLib',
  `book_type_id` int unsigned NOT NULL COMMENT '╨б╤Б╤Л╨╗╨║╨░ ╨╜╨░ ╤Д╨╛╤А╨╝╨░╤В ╨║╨╜╨╕╨│╨╕',
  `reviews_amount` int NOT NULL COMMENT '╨Ъ╨╛╨╗╨╕╤З╨╡╤Б╤В╨▓╨╛ ╨╛╤В╨╖╤Л╨▓╨╛╨▓',
  `price` int NOT NULL COMMENT '╨ж╨╡╨╜╨░',
  `created_at` datetime DEFAULT CURRENT_TIMESTAMP COMMENT '╨Т╤А╨╡╨╝╤П ╤Б╨╛╨╖╨┤╨░╨╜╨╕╤П ╤Б╤В╤А╨╛╨║╨╕',
  `updated_at` datetime DEFAULT CURRENT_TIMESTAMP ON UPDATE CURRENT_TIMESTAMP COMMENT '╨Т╤А╨╡╨╝╤П ╨╛╨▒╨╜╨╛╨▓╨╗╨╡╨╜╨╕╤П ╤Б╤В╤А╨╛╨║╨╕',
  PRIMARY KEY (`id`),
  UNIQUE KEY `name` (`name`)
) ENGINE=InnoDB AUTO_INCREMENT=101 DEFAULT CHARSET=utf8mb4 COLLATE=utf8mb4_unicode_ci COMMENT='╨Ъ╨╜╨╕╨│╨╕';
/*!40101 SET character_set_client = @saved_cs_client */;

--
-- Dumping data for table `books`
--

LOCK TABLES `books` WRITE;
/*!40000 ALTER TABLE `books` DISABLE KEYS */;
INSERT INTO `books` VALUES (1,'non',29,70,128,'YOU with us!\"\' \'They were obliged to write with one eye; \'I seem to see its meaning. \'And just as well look and see after some executions I have dropped them, I wonder?\' Alice guessed who it was,.',4.6,2.3,1,284,532,'2014-08-19 20:06:10','2021-04-26 18:52:56'),(2,'consequatur',61,48,44,'Good-bye, feet!\' (for when she had a little scream, half of anger, and tried to look down and began staring at the Queen, who was peeping anxiously into her eyes; and once again the tiny hands were.',4.4,3.9,2,10,476,'2014-04-11 19:13:15','2021-04-26 18:52:56'),(3,'laboriosam',19,27,117,'Hatter: \'let\'s all move one place on.\' He moved on as he spoke, and added with a trumpet in one hand, and a large canvas bag, which tied up at the mushroom for a moment like a serpent. She had quite.',2,2.4,3,250,735,'2020-10-27 12:38:56','2021-04-26 18:52:56'),(4,'ut',8,91,28,'King said gravely, \'and go on for some minutes. The Caterpillar was the White Rabbit read:-- \'They told me he was in livery: otherwise, judging by his garden.\"\' Alice did not like the look of it.',3.9,2.3,4,168,201,'2014-09-14 15:49:26','2021-04-26 18:52:56'),(5,'magnam',82,73,70,'I was a sound of many footsteps, and Alice was beginning to feel a little shriek and a crash of broken glass. \'What a curious appearance in the same thing as \"I sleep when I was a very long silence,.',5,2.2,5,88,752,'2014-12-02 21:08:15','2021-04-26 18:52:56'),(6,'eaque',88,94,125,'Lory positively refused to tell him. \'A nice muddle their slates\'ll be in Bill\'s place for a baby: altogether Alice did not get hold of its mouth, and its great eyes half shut. This seemed to rise.',2.3,1.3,1,285,106,'2013-09-12 12:58:17','2021-04-26 18:52:56'),(7,'recusandae',94,49,132,'There was exactly the right height to be.\' \'It is wrong from beginning to think about stopping herself before she had never been in a low, hurried tone. He looked at poor Alice, and tried to say but.',3.5,2.5,2,111,229,'2017-10-13 19:16:49','2021-04-26 18:52:56'),(8,'illo',7,63,4,'Lory positively refused to tell me your history, you know,\' the Hatter with a trumpet in one hand and a large cat which was full of smoke from one of the country is, you see, Alice had no very clear.',1,2.8,3,48,775,'2015-02-03 13:06:22','2021-04-26 18:52:56'),(9,'hic',49,67,48,'Now I growl when I\'m pleased, and wag my tail when it\'s pleased. Now I growl when I\'m angry. Therefore I\'m mad.\' \'I call it purring, not growling,\' said Alice. \'Of course not,\' Alice cautiously.',2,3.7,4,258,142,'2020-11-24 23:38:16','2021-04-26 18:52:56'),(10,'rerum',23,45,84,'Alice. \'Why, there they lay on the door began sneezing all at once. \'Give your evidence,\' said the Duchess, the Duchess! Oh! won\'t she be savage if I\'ve been changed several times since then.\' \'What.',1.5,4.2,5,94,337,'2013-08-17 09:27:29','2021-04-26 18:52:56'),(11,'excepturi',70,26,136,'I could show you our cat Dinah: I think it so quickly that the poor little thing grunted in reply (it had left off when they arrived, with a yelp of delight, which changed into alarm in another.',1.3,4.9,1,48,209,'2011-10-07 18:34:19','2021-04-26 18:52:56'),(12,'blanditiis',79,91,2,'Presently she began again. \'I wonder if I\'ve kept her eyes immediately met those of a book,\' thought Alice to herself. \'Shy, they seem to have lessons to learn! Oh, I shouldn\'t want YOURS: I don\'t.',4,1.6,2,304,984,'2020-09-27 08:53:31','2021-04-26 18:52:56'),(13,'amet',84,78,25,'King, and the pattern on their faces, so that her idea of having nothing to what I should think you\'ll feel it a little timidly, \'why you are very dull!\' \'You ought to be an old Crab took the watch.',1.3,4.7,3,328,245,'2015-07-27 19:20:16','2021-04-26 18:52:56'),(14,'corporis',82,18,119,'Seaography: then Drawling--the Drawling-master was an immense length of neck, which seemed to rise like a wild beast, screamed \'Off with his nose Trims his belt and his buttons, and turns out his.',1.9,1.1,4,29,226,'2014-08-16 20:12:11','2021-04-26 18:52:56'),(15,'et',59,55,98,'The King laid his hand upon her knee, and the Queen never left off writing on his flappers, \'--Mystery, ancient and modern, with Seaography: then Drawling--the Drawling-master was an old Crab took.',4.5,2.6,5,207,346,'2016-04-27 11:52:41','2021-04-26 18:52:56'),(16,'ullam',46,20,131,'March Hare,) \'--it was at the Hatter, \'I cut some more tea,\' the March Hare, \'that \"I like what I was a bright idea came into Alice\'s head. \'Is that the mouse to the Cheshire Cat sitting on a branch.',5,4.9,1,251,1005,'2011-05-17 15:02:52','2021-04-26 18:52:56'),(17,'voluptatum',55,35,81,'This did not quite know what they\'re like.\' \'I believe so,\' Alice replied very gravely. \'What else have you executed.\' The miserable Hatter dropped his teacup and bread-and-butter, and then all the.',2.6,1.9,2,281,939,'2012-12-25 06:52:36','2021-04-26 18:52:56'),(18,'quasi',37,14,8,'Queen, and Alice, were in custody and under sentence of execution. Then the Queen put on his knee, and looking at the window.\' \'THAT you won\'t\' thought Alice, \'or perhaps they won\'t walk the way of.',3,2.8,3,302,631,'2019-09-26 22:50:38','2021-04-26 18:52:56'),(19,'sed',20,64,79,'She went in without knocking, and hurried upstairs, in great disgust, and walked off; the Dormouse again, so violently, that she had never seen such a capital one for catching mice you can\'t think!.',4.2,2.1,4,318,291,'2013-11-06 16:03:37','2021-04-26 18:52:56'),(20,'aut',88,80,90,'Alice! It was so full of tears, but said nothing. \'When we were little,\' the Mock Turtle replied; \'and then the different branches of Arithmetic--Ambition, Distraction, Uglification, and Derision.\'.',4.7,2.7,5,331,511,'2017-08-17 00:50:36','2021-04-26 18:52:56'),(21,'nisi',80,6,72,'March Hare. \'Then it ought to eat or drink something or other; but the great question is, what?\' The great question is, Who in the last word two or three times over to herself, as well she might,.',4,1.2,1,1,633,'2011-04-28 23:25:32','2021-04-26 18:52:56'),(22,'occaecati',34,90,88,'I!\' he replied. \'We quarrelled last March--just before HE went mad, you know--\' \'But, it goes on \"THEY ALL RETURNED FROM HIM TO YOU,\"\' said Alice. \'Nothing WHATEVER?\' persisted the King. \'Nothing.',4.1,3.8,2,63,583,'2015-12-11 02:37:55','2021-04-26 18:52:56'),(23,'in',29,31,82,'And in she went. Once more she found to be no sort of mixed flavour of cherry-tart, custard, pine-apple, roast turkey, toffee, and hot buttered toast,) she very seldom followed it), and sometimes.',3.5,2.5,3,312,966,'2013-07-07 19:42:37','2021-04-26 18:52:56'),(24,'odio',43,86,6,'Alice: \'besides, that\'s not a bit of stick, and made believe to worry it; then Alice put down the chimney?--Nay, I shan\'t! YOU do it!--That I won\'t, then!--Bill\'s to go on in the pool rippling to.',1.7,4.8,4,318,1036,'2016-02-20 10:07:35','2021-04-26 18:52:56'),(25,'consectetur',29,35,67,'Alice)--\'and perhaps you haven\'t found it made Alice quite jumped; but she thought to herself, \'to be going messages for a rabbit! I suppose it doesn\'t matter a bit,\' she thought it had struck her.',1.7,1.5,5,306,232,'2019-10-16 04:49:18','2021-04-26 18:52:56'),(26,'sunt',15,18,31,'Alice remarked. \'Right, as usual,\' said the Gryphon. \'Of course,\' the Dodo replied very solemnly. Alice was so ordered about by mice and rabbits. I almost think I should have liked teaching it.',1.4,2.4,1,224,1004,'2015-10-28 21:43:40','2021-04-26 18:52:56'),(27,'nostrum',89,82,96,'King: \'however, it may kiss my hand if it began ordering people about like that!\' \'I couldn\'t afford to learn it.\' said the Duchess, who seemed to have changed since her swim in the distance. \'Come.',2.7,4.9,2,203,273,'2017-01-07 08:02:02','2021-04-26 18:52:56'),(28,'aspernatur',98,57,104,'So Alice got up in spite of all her coaxing. Hardly knowing what she was nine feet high, and she swam lazily about in a great many more than that, if you wouldn\'t keep appearing and vanishing so.',1.9,2,3,342,308,'2017-03-14 06:25:26','2021-04-26 18:52:56'),(29,'unde',22,37,89,'Beautiful, beautiful Soup!\' CHAPTER XI. Who Stole the Tarts? The King and Queen of Hearts were seated on their throne when they saw Alice coming. \'There\'s PLENTY of room!\' said Alice to herself,.',4,2.9,4,49,670,'2012-11-13 03:00:36','2021-04-26 18:52:56'),(30,'dolorum',16,15,134,'I might venture to say when I got up very sulkily and crossed over to the Queen. \'Their heads are gone, if it wasn\'t trouble enough hatching the eggs,\' said the Mouse, in a trembling voice:-- \'I.',2.5,3.2,5,270,379,'2018-01-26 13:54:42','2021-04-26 18:52:56'),(31,'officia',15,64,120,'Mock Turtle with a knife, it usually bleeds; and she went back to them, they set to work nibbling at the Hatter, \'you wouldn\'t talk about trouble!\' said the Mock Turtle angrily: \'really you are very.',1.1,2.7,1,154,835,'2019-10-29 16:42:22','2021-04-26 18:52:56'),(32,'reiciendis',23,73,57,'How queer everything is to-day! And yesterday things went on for some way, and nothing seems to be a very long silence, broken only by an occasional exclamation of \'Hjckrrh!\' from the trees upon her.',4.2,2.1,2,309,991,'2016-03-11 23:33:08','2021-04-26 18:52:56'),(33,'iure',73,75,67,'Mouse was speaking, and this Alice would not give all else for two Pennyworth only of beautiful Soup? Beau--ootiful Soo--oop! Beau--ootiful Soo--oop! Soo--oop of the Gryphon, with a bound into the.',2.7,3.6,3,32,402,'2014-10-27 19:17:36','2021-04-26 18:52:56'),(34,'voluptatibus',95,54,22,'Once more she found to be otherwise than what it was YOUR table,\' said Alice; \'living at the Gryphon replied rather crossly: \'of course you don\'t!\' the Hatter hurriedly left the court, by the way,.',3.8,4.6,4,281,988,'2011-06-11 08:27:46','2021-04-26 18:52:56'),(35,'nobis',56,47,49,'VERY short remarks, and she felt a very truthful child; \'but little girls eat eggs quite as safe to stay in here any longer!\' She waited for some time without interrupting it. \'They must go back by.',2.5,4.1,5,260,684,'2016-02-05 01:51:26','2021-04-26 18:52:56'),(36,'id',94,70,39,'I--\' \'Oh, don\'t bother ME,\' said Alice in a very deep well. Either the well was very like having a game of croquet she was in confusion, getting the Dormouse turned out, and, by the way wherever she.',1.4,1.2,1,108,407,'2019-01-03 02:15:18','2021-04-26 18:52:56'),(37,'qui',1,8,48,'Alice heard it muttering to itself \'The Duchess! The Duchess! Oh my fur and whiskers! She\'ll get me executed, as sure as ferrets are ferrets! Where CAN I have dropped them, I wonder?\' As she said.',2.5,3.9,2,108,936,'2016-08-18 06:05:06','2021-04-26 18:52:56'),(38,'commodi',23,29,122,'Alice after it, and found that her idea of having nothing to do: once or twice she had accidentally upset the milk-jug into his plate. Alice did not at all this time. \'I want a clean cup,\'.',4.8,3.9,3,215,409,'2016-08-16 18:56:00','2021-04-26 18:52:56'),(39,'deserunt',13,20,41,'Dormouse shook itself, and was suppressed. \'Come, that finished the first to break the silence. \'What day of the party went back to the confused clamour of the right-hand bit to try the thing at.',2.5,1.7,4,49,188,'2012-07-18 13:00:46','2021-04-26 18:52:56'),(40,'fuga',95,13,123,'Alice was so large in the last few minutes she heard a little timidly, \'why you are very dull!\' \'You ought to tell them something more. \'You promised to tell them something more. \'You promised to.',1.4,2.3,5,301,667,'2015-09-26 10:46:55','2021-04-26 18:52:56'),(41,'voluptatem',36,6,66,'Alice remarked. \'Oh, you foolish Alice!\' she answered herself. \'How can you learn lessons in the pool rippling to the door, she ran off as hard as she did it at last, and they all cheered. Alice.',2,1.1,1,309,723,'2020-04-04 18:39:08','2021-04-26 18:52:56'),(42,'doloremque',95,89,101,'I know is, something comes at me like that!\' said Alice to find that the Mouse heard this, it turned a back-somersault in at once.\' And in she went. Once more she found a little way forwards each.',3.8,5,2,288,565,'2014-03-09 04:03:51','2021-04-26 18:52:56'),(43,'facilis',66,26,27,'Mock Turtle at last, with a little pattering of feet in the other. \'I beg your pardon,\' said Alice aloud, addressing nobody in particular. \'She\'d soon fetch it back!\' \'And who is Dinah, if I know.',3.3,2.7,3,166,607,'2019-12-22 15:53:34','2021-04-26 18:52:56'),(44,'sit',44,64,114,'Caterpillar took the hookah into its mouth and began to tremble. Alice looked all round the court with a shiver. \'I beg your acceptance of this ointment--one shilling the box-- Allow me to him: She.',1.7,2.3,4,313,290,'2019-12-03 08:08:47','2021-04-26 18:52:56'),(45,'exercitationem',24,41,64,'King say in a very fine day!\' said a sleepy voice behind her. \'Collar that Dormouse,\' the Queen said to the beginning again?\' Alice ventured to remark. \'Tut, tut, child!\' said the King, and the baby.',4.9,1.6,5,17,580,'2016-11-17 05:26:37','2021-04-26 18:52:56'),(46,'enim',85,10,117,'And she thought it must be getting somewhere near the centre of the game, feeling very glad to find my way into a line along the passage into the earth. At last the Dodo replied very politely, \'if I.',3.7,3.5,1,196,981,'2014-07-08 05:20:26','2021-04-26 18:52:56'),(47,'consequuntur',54,30,112,'Gryphon in an agony of terror. \'Oh, there goes his PRECIOUS nose\'; as an explanation. \'Oh, you\'re sure to kill it in large letters. It was the matter on, What would become of it; then Alice,.',5,2.2,2,230,118,'2013-07-30 15:41:38','2021-04-26 18:52:56'),(48,'omnis',13,17,67,'Rabbit\'s voice along--\'Catch him, you by the hedge!\' then silence, and then at the beginning,\' the King added in an undertone to the Gryphon. \'They can\'t have anything to put everything upon Bill! I.',4.5,2.4,3,212,597,'2017-08-12 20:33:54','2021-04-26 18:52:56'),(49,'animi',1,94,1,'Cheshire Cat sitting on a summer day: The Knave shook his grey locks, \'I kept all my life, never!\' They had not a VERY good opportunity for showing off a head unless there was no time she\'d have.',4.6,3.8,4,18,582,'2017-06-20 19:19:24','2021-04-26 18:52:56'),(50,'veritatis',68,19,83,'I THINK,\' said Alice. \'Call it what you were down here with me! There are no mice in the sea. But they HAVE their tails in their proper places--ALL,\' he repeated with great emphasis, looking hard at.',1.4,1.3,5,152,72,'2016-10-26 22:12:46','2021-04-26 18:52:56'),(51,'est',35,14,131,'Alice and all must have prizes.\' \'But who has won?\' This question the Dodo solemnly, rising to its feet, ran round the hall, but they began solemnly dancing round and swam slowly back again, and put.',2.7,4,1,8,566,'2013-06-22 19:08:58','2021-04-26 18:52:56'),(52,'iusto',71,12,121,'You MUST have meant some mischief, or else you\'d have signed your name like an honest man.\' There was not going to give the hedgehog to, and, as the March Hare said to the three gardeners at it, and.',4.2,3.6,2,280,567,'2017-07-31 17:43:50','2021-04-26 18:52:56'),(53,'distinctio',49,18,73,'There are no mice in the window, and some of the country is, you ARE a simpleton.\' Alice did not seem to dry me at home! Why, I wouldn\'t say anything about it, so she tried to look over their.',3.1,2,3,329,86,'2016-08-06 22:27:55','2021-04-26 18:52:56'),(54,'velit',33,52,140,'Alice noticed with some surprise that the pebbles were all shaped like ears and the little golden key was too slippery; and when she had brought herself down to nine inches high. CHAPTER VI. Pig and.',4.2,4.8,4,105,683,'2020-04-18 17:45:06','2021-04-26 18:52:56'),(55,'voluptas',17,8,59,'White Rabbit. She was close behind us, and he\'s treading on her spectacles, and began smoking again. This time there were three little sisters,\' the Dormouse said--\' the Hatter said, turning to the.',2.4,1.5,5,235,108,'2012-04-04 21:17:56','2021-04-26 18:52:56'),(56,'sint',86,80,16,'Alice, \'because I\'m not myself, you see.\' \'I don\'t know what to uglify is, you see, as they would die. \'The trial cannot proceed,\' said the Caterpillar, just as if she were saying lessons, and began.',4.4,1.1,1,161,440,'2014-01-27 13:17:43','2021-04-26 18:52:56'),(57,'at',77,79,43,'VERY much out of the Mock Turtle a little while, however, she waited for some time without hearing anything more: at last turned sulky, and would only say, \'I am older than I am very tired of being.',2.6,4.5,2,101,830,'2020-10-06 14:06:34','2021-04-26 18:52:56'),(58,'iste',27,53,25,'Hatter said, turning to Alice: he had to run back into the garden. Then she went back for a rabbit! I suppose Dinah\'ll be sending me on messages next!\' And she kept tossing the baby at her own ears.',3.7,2.9,3,19,779,'2021-03-23 21:10:04','2021-04-26 18:52:56'),(59,'totam',3,28,135,'When the procession moved on, three of the Lobster; I heard him declare, \"You have baked me too brown, I must sugar my hair.\" As a duck with its arms folded, frowning like a snout than a rat-hole:.',2.7,4.2,4,142,358,'2015-06-04 06:06:01','2021-04-26 18:52:56'),(60,'mollitia',36,82,39,'THEIR eyes bright and eager with many a strange tale, perhaps even with the edge with each hand. \'And now which is which?\' she said this, she came upon a low voice, to the Cheshire Cat sitting on a.',3.2,1.3,5,301,404,'2013-07-15 00:56:03','2021-04-26 18:52:56'),(61,'provident',69,25,68,'Alice thought she might find another key on it, for she had looked under it, and found herself in a court of justice before, but she saw in my kitchen AT ALL. Soup does very well without--Maybe it\'s.',3,3.9,1,28,898,'2017-02-11 15:32:59','2021-04-26 18:52:56'),(62,'quibusdam',37,76,82,'Footman, and began singing in its sleep \'Twinkle, twinkle, twinkle, twinkle--\' and went down on their throne when they passed too close, and waving their forepaws to mark the time, while the rest of.',2.1,4.5,2,289,230,'2012-03-05 00:29:42','2021-04-26 18:52:56'),(63,'quia',78,6,67,'Lory. Alice replied very gravely. \'What else had you to death.\"\' \'You are old, Father William,\' the young lady tells us a story!\' said the Hatter: \'I\'m on the table. \'Nothing can be clearer than.',4.1,1.1,3,309,406,'2012-04-03 16:38:00','2021-04-26 18:52:56'),(64,'cum',79,1,87,'Duchess replied, in a day or two: wouldn\'t it be murder to leave it behind?\' She said the King. The next witness was the Hatter. He came in with a soldier on each side to guard him; and near the.',4.3,3.5,4,329,294,'2012-01-11 06:33:31','2021-04-26 18:52:56'),(65,'quas',59,86,91,'And yet I don\'t keep the same thing as \"I sleep when I learn music.\' \'Ah! that accounts for it,\' said the Dormouse, and repeated her question. \'Why did you manage to do it! Oh dear! I shall never.',1.1,1.6,5,18,203,'2014-11-13 10:05:33','2021-04-26 18:52:56'),(66,'eos',60,27,54,'Duchess and the soldiers shouted in reply. \'That\'s right!\' shouted the Queen. \'Sentence first--verdict afterwards.\' \'Stuff and nonsense!\' said Alice desperately: \'he\'s perfectly idiotic!\' And she.',4.1,3.2,1,151,83,'2020-05-12 17:47:25','2021-04-26 18:52:56'),(67,'tempora',20,77,136,'Two. Two began in a melancholy way, being quite unable to move. She soon got it out loud. \'Thinking again?\' the Duchess asked, with another hedgehog, which seemed to have finished,\' said the.',2,2.4,2,349,758,'2014-03-16 11:18:27','2021-04-26 18:52:56'),(68,'quo',21,4,96,'I\'ve tried banks, and I\'ve tried hedges,\' the Pigeon had finished. \'As if I was, I shouldn\'t want YOURS: I don\'t want YOU with us!\"\' \'They were learning to draw,\' the Dormouse sulkily remarked, \'If.',3.2,4,3,243,495,'2020-12-24 01:21:43','2021-04-26 18:52:56'),(69,'eius',44,86,71,'As she said to the Cheshire Cat sitting on the end of the Nile On every golden scale! \'How cheerfully he seems to suit them!\' \'I haven\'t the slightest idea,\' said the voice. \'Fetch me my gloves this.',3.8,4.8,4,165,149,'2020-08-24 13:36:03','2021-04-26 18:52:56'),(70,'rem',57,19,65,'Pigeon the opportunity of showing off a bit afraid of them!\' \'And who is Dinah, if I fell off the subjects on his spectacles and looked at the Lizard as she could, for the Dormouse,\' thought Alice;.',1.4,2.9,5,99,213,'2020-04-24 06:13:07','2021-04-26 18:52:56'),(71,'placeat',52,38,113,'I BEG your pardon!\' said the Gryphon replied rather crossly: \'of course you don\'t!\' the Hatter went on in a more subdued tone, and she went nearer to watch them, and he wasn\'t one?\' Alice asked. The.',2,2.3,1,349,571,'2013-11-29 04:23:16','2021-04-26 18:52:56'),(72,'perferendis',90,34,86,'Hatter. This piece of rudeness was more hopeless than ever: she sat down again into its eyes by this time.) \'You\'re nothing but a pack of cards, after all. I needn\'t be so easily offended, you.',5,2.5,2,47,166,'2020-10-10 23:46:49','2021-04-26 18:52:56'),(73,'ipsam',91,52,93,'Lory. Alice replied very politely, \'if I had to be sure, she had peeped into the garden door. Poor Alice! It was the first figure!\' said the Hatter, and he went on just as she picked her way out. \'I.',2.2,2.8,3,239,70,'2014-06-02 01:49:51','2021-04-26 18:52:56'),(74,'quaerat',86,57,63,'Pray how did you manage to do it?\' \'In my youth,\' said his father, \'I took to the baby, it was her dream:-- First, she tried to get her head through the door, and the Hatter instead!\' CHAPTER VII. A.',2.2,4.1,4,3,801,'2016-02-08 12:10:14','2021-04-26 18:52:56'),(75,'dolorem',57,29,38,'Alice for some time without hearing anything more: at last she spread out her hand again, and the executioner myself,\' said the Hatter, and here the conversation a little. \'\'Tis so,\' said Alice..',4.5,3.5,5,347,748,'2013-03-10 08:41:12','2021-04-26 18:52:56'),(76,'accusantium',27,75,139,'Dormouse. \'Write that down,\' the King exclaimed, turning to the Queen. \'Their heads are gone, if it please your Majesty,\' said the Gryphon. \'Do you play croquet?\' The soldiers were silent, and.',2.5,3.4,1,325,288,'2014-01-15 10:28:23','2021-04-26 18:52:56'),(77,'atque',64,86,16,'Gryphon, and the White Rabbit, who said in a languid, sleepy voice. \'Who are YOU?\' Which brought them back again to the general conclusion, that wherever you go to law: I will just explain to you to.',3,4,2,233,148,'2013-01-31 19:59:04','2021-04-26 18:52:56'),(78,'pariatur',38,7,87,'Mouse, in a languid, sleepy voice. \'Who are YOU?\' said the Cat; and this was not even get her head struck against the door, staring stupidly up into the court, \'Bring me the truth: did you call him.',2.8,1.3,3,190,829,'2014-01-04 22:15:31','2021-04-26 18:52:56'),(79,'quae',96,74,104,'Dormouse was sitting on the second time round, she came upon a little timidly: \'but it\'s no use denying it. I suppose you\'ll be asleep again before it\'s done.\' \'Once upon a Gryphon, lying fast.',4.3,2,4,252,653,'2013-09-04 23:15:22','2021-04-26 18:52:56'),(80,'modi',68,49,118,'Alice looked very anxiously into her eyes; and once again the tiny hands were clasped upon her arm, and timidly said \'Consider, my dear: she is such a puzzled expression that she was surprised to.',4.1,3.7,5,341,728,'2021-03-07 18:41:52','2021-04-26 18:52:56'),(81,'suscipit',51,22,136,'ARE OLD, FATHER WILLIAM,\' to the jury, of course--\"I GAVE HER ONE, THEY GAVE HIM TWO--\" why, that must be getting home; the night-air doesn\'t suit my throat!\' and a large cauldron which seemed to be.',4.7,2.2,1,245,634,'2015-04-16 12:46:44','2021-04-26 18:52:56'),(82,'aperiam',51,64,43,'I suppose it doesn\'t matter much,\' thought Alice, \'as all the unjust things--\' when his eye chanced to fall upon Alice, as she did not venture to go on with the tarts, you know--\' She had already.',2.4,1.2,2,203,938,'2017-05-02 07:38:03','2021-04-26 18:52:56'),(83,'vitae',3,53,87,'There are no mice in the night? Let me see: that would be a queer thing, to be seen: she found a little house in it a minute or two, looking for eggs, I know I do!\' said Alice loudly. \'The idea of.',1.3,4.4,3,281,739,'2019-06-13 03:14:12','2021-04-26 18:52:56'),(84,'alias',58,72,26,'The chief difficulty Alice found at first she thought it would feel with all their simple sorrows, and find a number of bathing machines in the way YOU manage?\' Alice asked. The Hatter looked at.',3.7,2.8,4,96,834,'2016-10-19 13:25:11','2021-04-26 18:52:56'),(85,'dolor',83,1,8,'Alice angrily. \'It wasn\'t very civil of you to learn?\' \'Well, there was a dead silence instantly, and Alice called after her. \'I\'ve something important to say!\' This sounded promising, certainly:.',2.9,4.6,5,335,903,'2012-12-01 15:41:05','2021-04-26 18:52:56'),(86,'architecto',42,90,103,'Adventures of hers would, in the book,\' said the others. \'Are their heads downward! The Antipathies, I think--\' (she was obliged to write this down on the end of trials, \"There was some attempts at.',2.3,4.6,1,336,967,'2012-10-07 09:52:44','2021-04-26 18:52:56'),(87,'asperiores',57,47,66,'I shall only look up in spite of all the time it vanished quite slowly, beginning with the glass table as before, \'and things are \"much of a well?\' \'Take some more bread-and-butter--\' \'But what am I.',4.1,3.1,2,324,74,'2014-02-19 23:52:06','2021-04-26 18:52:56'),(88,'nihil',59,65,23,'NOT marked \'poison,\' so Alice ventured to say. \'What is it?\' \'Why,\' said the Gryphon. \'Then, you know,\' the Hatter said, tossing his head sadly. \'Do I look like one, but it makes me grow large.',3.9,2.3,3,263,423,'2021-01-20 07:00:35','2021-04-26 18:52:56'),(89,'harum',25,81,57,'MORE than nothing.\' \'Nobody asked YOUR opinion,\' said Alice. \'That\'s very important,\' the King said to herself in a natural way again. \'I should like to hear the very tones of her ever getting out.',1.5,1.9,4,343,845,'2016-02-04 13:19:52','2021-04-26 18:52:56'),(90,'earum',45,12,74,'ME\' beautifully printed on it were white, but there was a sound of many footsteps, and Alice looked round, eager to see if she were saying lessons, and began by taking the little door, had vanished.',1.2,1.7,5,224,905,'2017-12-12 04:50:07','2021-04-26 18:52:56'),(91,'veniam',52,14,58,'Pepper For a minute or two sobs choked his voice. \'Same as if she was surprised to find it out, we should all have our heads cut off, you know. So you see, because some of the shepherd boy--and the.',2.1,3.9,1,91,945,'2018-07-16 04:26:34','2021-04-26 18:52:56'),(92,'impedit',22,36,67,'Alice replied in a natural way. \'I thought it would not open any of them. \'I\'m sure those are not attending!\' said the Gryphon. \'The reason is,\' said the Hatter. \'Nor I,\' said the Hatter, \'I cut.',4.9,1.7,2,132,959,'2020-10-01 03:19:00','2021-04-26 18:52:56'),(93,'delectus',53,38,21,'No, there were a Duck and a long argument with the Gryphon. \'Of course,\' the Mock Turtle sighed deeply, and drew the back of one flapper across his eyes. \'I wasn\'t asleep,\' he said to herself, for.',1.1,2.9,3,35,911,'2019-03-07 22:19:05','2021-04-26 18:52:56'),(94,'facere',100,80,42,'Alice, as she ran. \'How surprised he\'ll be when he sneezes; For he can EVEN finish, if he would deny it too: but the Hatter was out of that is--\"The more there is of finding morals in things!\' Alice.',3.3,4.1,4,130,629,'2013-11-09 05:37:17','2021-04-26 18:52:56'),(95,'saepe',39,84,8,'I must,\' the King said, with a growl, And concluded the banquet--] \'What IS the same height as herself; and when she had read several nice little dog near our house I should be free of them.',3.9,1.2,5,195,364,'2012-02-23 18:10:44','2021-04-26 18:52:56'),(96,'dignissimos',94,80,54,'Alice\'s first thought was that it seemed quite natural to Alice for protection. \'You shan\'t be beheaded!\' said Alice, \'and if it makes me grow larger, I can kick a little!\' She drew her foot.',2.4,1.8,1,234,883,'2020-03-03 06:35:52','2021-04-26 18:52:56'),(97,'nesciunt',52,46,102,'Alice, rather alarmed at the door-- Pray, what is the same thing as \"I eat what I say--that\'s the same thing with you,\' said Alice, swallowing down her flamingo, and began smoking again. This time.',3.8,3.6,2,234,278,'2013-12-03 21:52:07','2021-04-26 18:52:56'),(98,'labore',78,91,69,'I\'m not Ada,\' she said, \'for her hair goes in such confusion that she could remember them, all these changes are! I\'m never sure what I\'m going to dive in among the distant green leaves. As there.',4.4,3.7,3,118,690,'2016-11-08 13:33:38','2021-04-26 18:52:56'),(99,'ratione',34,16,37,'The Queen had only one who had followed him into the teapot. \'At any rate he might answer questions.--How am I to do this, so that they were trying to invent something!\' \'I--I\'m a little startled by.',4.2,1.3,4,238,568,'2013-12-18 13:12:00','2021-04-26 18:52:56'),(100,'perspiciatis',34,8,117,'Alice guessed in a great letter, nearly as large as himself, and this Alice would not join the dance. Would not, could not be denied, so she sat still just as well be at school at once.\' And in she.',4.1,3.4,5,135,722,'2014-07-10 07:51:25','2021-04-26 18:52:56');
/*!40000 ALTER TABLE `books` ENABLE KEYS */;
UNLOCK TABLES;

--
-- Table structure for table `books_users`
--

DROP TABLE IF EXISTS `books_users`;
/*!40101 SET @saved_cs_client     = @@character_set_client */;
/*!50503 SET character_set_client = utf8mb4 */;
CREATE TABLE `books_users` (
  `book_id` int unsigned NOT NULL COMMENT '╨б╤Б╤Л╨╗╨║╨░ ╨╜╨░ ╨║╨╜╨╕╨│╤Г',
  `user_id` int unsigned NOT NULL COMMENT '╨б╤Б╤Л╨╗╨║╨░ ╨╜╨░ ╨┐╨╛╨╗╤М╨╖╨╛╨▓╨░╤В╨╡╨╗╤П',
  `created_at` datetime DEFAULT CURRENT_TIMESTAMP COMMENT '╨Т╤А╨╡╨╝╤П ╤Б╨╛╨╖╨┤╨░╨╜╨╕╤П ╤Б╤В╤А╨╛╨║╨╕',
  PRIMARY KEY (`book_id`,`user_id`) COMMENT '╨б╨╛╤Б╤В╨░╨▓╨╜╨╛╨╣ ╨┐╨╡╤А╨▓╨╕╤З╨╜╤Л╨╣ ╨║╨╗╤О╤З'
) ENGINE=InnoDB DEFAULT CHARSET=utf8mb4 COLLATE=utf8mb4_unicode_ci COMMENT='╨Ъ╨╜╨╕╨│╨╕ ╨┐╨╛╨╗╤М╨╖╨╛╨▓╨░╤В╨╡╨╗╨╡╨╣, ╤Б╨▓╤П╨╖╤М ╨╝╨╡╨╢╨┤╤Г ╨┐╨╛╨╗╤М╨╖╨╛╨▓╨░╤В╨╡╨╗╤П╨╝╨╕ ╨╕ ╨║╨╜╨╕╨│╨░╨╝╨╕';
/*!40101 SET character_set_client = @saved_cs_client */;

--
-- Dumping data for table `books_users`
--

LOCK TABLES `books_users` WRITE;
/*!40000 ALTER TABLE `books_users` DISABLE KEYS */;
INSERT INTO `books_users` VALUES (2,21,'2016-11-22 09:11:59'),(2,30,'2017-02-01 15:08:28'),(2,76,'2013-01-30 02:02:57'),(2,90,'2011-06-17 17:12:00'),(3,2,'2018-10-16 00:04:03'),(3,33,'2019-12-20 07:48:10'),(4,13,'2017-01-20 19:16:37'),(6,56,'2020-12-06 04:22:09'),(7,40,'2011-06-02 10:21:41'),(8,31,'2018-09-23 10:13:27'),(9,36,'2018-10-18 04:01:26'),(10,87,'2011-07-03 08:57:31'),(11,27,'2011-12-07 18:29:13'),(12,75,'2016-02-11 17:08:53'),(13,12,'2015-03-06 03:44:19'),(13,31,'2019-09-30 03:55:19'),(13,81,'2016-01-16 11:04:01'),(13,91,'2014-05-15 05:09:24'),(15,18,'2017-06-16 05:46:38'),(16,3,'2012-01-10 05:40:57'),(16,51,'2014-08-17 03:48:29'),(16,62,'2018-05-08 09:49:24'),(17,99,'2018-03-17 21:54:39'),(18,7,'2011-09-18 22:42:53'),(19,38,'2018-09-04 01:02:33'),(21,67,'2015-09-07 22:07:12'),(22,6,'2016-04-14 01:23:45'),(22,21,'2015-11-03 01:16:27'),(26,8,'2017-04-20 14:00:25'),(26,65,'2012-10-23 19:57:20'),(27,43,'2017-01-29 09:56:16'),(27,92,'2016-11-27 16:03:43'),(29,29,'2016-04-15 10:01:27'),(29,58,'2018-01-09 19:43:08'),(29,69,'2014-11-21 01:53:04'),(30,82,'2014-09-03 10:05:20'),(32,34,'2019-06-03 08:17:21'),(32,36,'2015-09-02 20:55:54'),(34,59,'2014-02-12 05:18:24'),(35,96,'2015-09-28 23:25:13'),(36,13,'2014-10-14 22:19:45'),(36,66,'2016-10-04 09:05:20'),(36,87,'2016-12-11 09:20:01'),(36,100,'2016-10-28 13:56:34'),(39,39,'2019-07-31 20:24:56'),(40,32,'2012-11-25 00:02:52'),(43,44,'2013-06-25 10:58:13'),(44,24,'2015-01-19 22:32:03'),(45,85,'2020-03-20 19:13:26'),(46,22,'2020-03-05 15:25:45'),(46,56,'2012-12-11 23:36:20'),(47,42,'2011-07-25 02:59:48'),(48,45,'2019-01-12 03:49:01'),(52,59,'2011-05-11 23:03:08'),(52,99,'2013-07-11 20:33:19'),(53,12,'2013-01-16 06:16:44'),(53,98,'2012-04-28 13:32:00'),(54,67,'2013-01-21 15:07:51'),(57,91,'2012-06-13 05:43:13'),(57,99,'2014-12-19 09:22:43'),(59,24,'2012-12-30 14:18:43'),(59,33,'2012-05-29 00:56:28'),(59,41,'2013-07-06 12:55:18'),(59,60,'2011-10-03 00:35:51'),(61,40,'2020-09-12 10:52:48'),(62,1,'2016-02-02 07:26:27'),(64,21,'2020-08-03 18:34:55'),(64,51,'2017-06-18 19:04:08'),(64,85,'2012-05-18 20:55:19'),(64,89,'2013-03-04 11:15:01'),(65,94,'2015-12-01 05:56:39'),(69,2,'2016-10-12 14:55:21'),(69,29,'2021-02-25 15:23:02'),(71,36,'2020-12-29 14:03:17'),(71,94,'2014-08-31 07:25:29'),(72,62,'2021-03-21 03:51:40'),(74,26,'2020-01-28 17:31:37'),(74,44,'2020-04-15 16:13:45'),(76,42,'2020-10-14 11:56:20'),(76,64,'2020-10-10 12:58:33'),(76,78,'2017-10-05 07:05:33'),(76,84,'2013-01-14 00:39:20'),(80,27,'2020-12-27 07:44:44'),(83,81,'2018-05-11 23:19:53'),(84,26,'2013-08-16 08:49:45'),(86,85,'2015-10-19 20:51:21'),(88,48,'2019-06-24 06:13:36'),(88,85,'2014-02-08 19:57:12'),(89,80,'2017-02-18 20:20:03'),(90,44,'2019-01-04 12:23:02'),(90,57,'2014-08-13 19:13:05'),(90,78,'2019-07-05 15:14:56'),(91,54,'2015-10-29 22:18:17'),(92,96,'2018-04-07 23:50:28'),(94,17,'2020-12-08 12:53:30'),(94,96,'2015-04-27 10:19:09'),(97,30,'2017-02-20 04:32:53'),(97,62,'2011-08-16 07:29:35'),(100,17,'2017-05-23 01:00:47'),(100,100,'2014-09-26 15:10:59');
/*!40000 ALTER TABLE `books_users` ENABLE KEYS */;
UNLOCK TABLES;

--
-- Table structure for table `genre_groups`
--

DROP TABLE IF EXISTS `genre_groups`;
/*!40101 SET @saved_cs_client     = @@character_set_client */;
/*!50503 SET character_set_client = utf8mb4 */;
CREATE TABLE `genre_groups` (
  `id` int unsigned NOT NULL COMMENT 'Идентификатор строки',
  `name` varchar(255) NOT NULL COMMENT 'Название группы жанров',
  PRIMARY KEY (`id`),
  UNIQUE KEY `name` (`name`)
) ENGINE=InnoDB DEFAULT CHARSET=utf8mb4 COLLATE=utf8mb4_0900_ai_ci COMMENT='Группы жанров';
/*!40101 SET character_set_client = @saved_cs_client */;

--
-- Dumping data for table `genre_groups`
--

LOCK TABLES `genre_groups` WRITE;
/*!40000 ALTER TABLE `genre_groups` DISABLE KEYS */;
INSERT INTO `genre_groups` VALUES (4,'Бизнес-книги'),(10,'Детские книги'),(9,'Дом, дача'),(5,'Знания и навыки'),(3,'История'),(1,'Легкое чтение'),(6,'Психология, мотивация'),(12,'Публицистика и периодические издания'),(11,'Родителям'),(13,'Самиздат'),(2,'Серьезное чтение'),(7,'Спорт, здоровье, красота'),(8,'Хобби, досуг'),(14,'Черновики');
/*!40000 ALTER TABLE `genre_groups` ENABLE KEYS */;
UNLOCK TABLES;

--
-- Table structure for table `genres`
--

DROP TABLE IF EXISTS `genres`;
/*!40101 SET @saved_cs_client     = @@character_set_client */;
/*!50503 SET character_set_client = utf8mb4 */;
CREATE TABLE `genres` (
  `id` int unsigned NOT NULL AUTO_INCREMENT COMMENT '╨Ш╨┤╨╡╨╜╤В╨╕╤Д╨╕╨║╨░╤В╨╛╤А ╤Б╤В╤А╨╛╨║╨╕',
  `name` varchar(255) CHARACTER SET utf8mb4 COLLATE utf8mb4_unicode_ci NOT NULL COMMENT '╨Э╨░╨╖╨▓╨░╨╜╨╕╨╡ ╨╢╨░╨╜╤А╨░',
  `genre_group_id` int unsigned NOT NULL COMMENT '╨б╤Б╤Л╨╗╨║╨░ ╨╜╨░ ╨│╤А╤Г╨┐╨┐╤Г ╨╢╨░╨╜╤А╨╛╨▓',
  PRIMARY KEY (`id`),
  UNIQUE KEY `name` (`name`)
) ENGINE=InnoDB AUTO_INCREMENT=101 DEFAULT CHARSET=utf8mb4 COLLATE=utf8mb4_unicode_ci COMMENT='╨Ц╨░╨╜╤А╤Л';
/*!40101 SET character_set_client = @saved_cs_client */;

--
-- Dumping data for table `genres`
--

LOCK TABLES `genres` WRITE;
/*!40000 ALTER TABLE `genres` DISABLE KEYS */;
INSERT INTO `genres` VALUES (1,'neque',1),(2,'impedit',2),(3,'iure',3),(4,'provident',4),(5,'beatae',5),(6,'temporibus',1),(7,'aspernatur',2),(8,'autem',3),(9,'suscipit',4),(10,'maxime',5),(11,'sit',1),(12,'veniam',2),(13,'voluptatum',3),(14,'quidem',4),(15,'quasi',5),(16,'sint',1),(17,'voluptas',2),(18,'fugiat',3),(19,'inventore',4),(20,'aliquam',5),(21,'sapiente',1),(22,'et',2),(23,'consectetur',3),(24,'nemo',4),(25,'minus',5),(26,'ratione',1),(27,'ducimus',2),(28,'ipsum',3),(29,'excepturi',4),(30,'voluptatem',5),(31,'officia',1),(32,'asperiores',2),(33,'ullam',3),(34,'ut',4),(35,'vel',5),(36,'distinctio',1),(37,'dolorem',2),(38,'eveniet',3),(39,'eius',4),(40,'iste',5),(41,'pariatur',1),(42,'vero',2),(43,'officiis',3),(44,'omnis',4),(45,'ex',5),(46,'quia',1),(47,'nihil',2),(48,'consequatur',3),(49,'molestiae',4),(50,'nostrum',5),(51,'at',1),(52,'dolore',2),(53,'dignissimos',3),(54,'sunt',4),(55,'eum',5),(56,'tempore',1),(57,'odio',2),(58,'quos',3),(59,'necessitatibus',4),(60,'laboriosam',5),(61,'dolores',1),(62,'tenetur',2),(63,'dolorum',3),(64,'placeat',4),(65,'porro',5),(66,'enim',1),(67,'dolor',2),(68,'sed',3),(69,'dicta',4),(70,'aut',5),(71,'delectus',1),(72,'fugit',2),(73,'ad',3),(74,'qui',4),(75,'alias',5),(76,'nam',1),(77,'reiciendis',2),(78,'labore',3),(79,'deserunt',4),(80,'ea',5),(81,'exercitationem',1),(82,'error',2),(83,'laudantium',3),(84,'quam',4),(85,'est',5),(86,'cum',1),(87,'perferendis',2),(88,'iusto',3),(89,'magni',4),(90,'eaque',5),(91,'quae',1),(92,'rerum',2),(93,'repellat',3),(94,'nesciunt',4),(95,'saepe',5),(96,'corporis',1),(97,'quod',2),(98,'libero',3),(99,'quo',4),(100,'facilis',5);
/*!40000 ALTER TABLE `genres` ENABLE KEYS */;
UNLOCK TABLES;

--
-- Table structure for table `libraries`
--

DROP TABLE IF EXISTS `libraries`;
/*!40101 SET @saved_cs_client     = @@character_set_client */;
/*!50503 SET character_set_client = utf8mb4 */;
CREATE TABLE `libraries` (
  `id` int unsigned NOT NULL AUTO_INCREMENT COMMENT 'Идентификатор строки',
  `name` varchar(255) NOT NULL COMMENT 'Название библиотеки',
  `created_at` datetime DEFAULT CURRENT_TIMESTAMP COMMENT 'Время создания строки',
  `updated_at` datetime DEFAULT CURRENT_TIMESTAMP ON UPDATE CURRENT_TIMESTAMP COMMENT 'Время обновления строки',
  PRIMARY KEY (`id`),
  UNIQUE KEY `name` (`name`)
) ENGINE=InnoDB AUTO_INCREMENT=22 DEFAULT CHARSET=utf8mb4 COLLATE=utf8mb4_0900_ai_ci COMMENT='Библиотеки';
/*!40101 SET character_set_client = @saved_cs_client */;

--
-- Dumping data for table `libraries`
--

LOCK TABLES `libraries` WRITE;
/*!40000 ALTER TABLE `libraries` DISABLE KEYS */;
INSERT INTO `libraries` VALUES (1,'Библиотека № 2 им. А.М. Горького','2021-04-26 18:47:07','2021-04-26 18:47:07'),(2,'Детская библиотека №1','2021-04-26 18:47:07','2021-04-26 18:47:07'),(3,'Центральная детская библиотека','2021-04-26 18:47:07','2021-04-26 18:47:07'),(4,'Библиотека «Охтинская»','2021-04-26 18:47:07','2021-04-26 18:47:07'),(5,'Библиотека № 5','2021-04-26 18:47:07','2021-04-26 18:47:07'),(6,'Детская библиотека № 6','2021-04-26 18:47:07','2021-04-26 18:47:07'),(7,'Дальневосточная государственная научная библиотека г. Хабаровск','2021-04-26 18:47:07','2021-04-26 18:47:07'),(8,'Иркутская областная государственная универсальная научная библиотека','2021-04-26 18:47:07','2021-04-26 18:47:07'),(9,'Красноярская краевая молодежная библиотека','2021-04-26 18:47:07','2021-04-26 18:47:07'),(10,'Липецкая областная юношеская библиотека','2021-04-26 18:47:07','2021-04-26 18:47:07'),(11,'МБУ «Централизованная библиотечная система» г. Норильск','2021-04-26 18:47:07','2021-04-26 18:47:07'),(12,'Муниципальное казенное учреждение культуры «Охотская районная библиотека»','2021-04-26 18:47:07','2021-04-26 18:47:07'),(13,'Национальная библиотека Ямало-Ненецкого Автономного Округа г. Салехард','2021-04-26 18:47:07','2021-04-26 18:47:07'),(14,'Российская государственная библиотека для молодежи г.Москва','2021-04-26 18:47:07','2021-04-26 18:47:07'),(15,'Рязанская областная универсальная научная библиотека имени Горького','2021-04-26 18:47:07','2021-04-26 18:47:07'),(16,'Самарская областная детская библиотека','2021-04-26 18:47:07','2021-04-26 18:47:07'),(17,'Свердловская областная библиотека для детей и юношества','2021-04-26 18:47:07','2021-04-26 18:47:07'),(18,'Ставропольская централизованная библиотечная система','2021-04-26 18:47:07','2021-04-26 18:47:07'),(19,'Централизованная библиотечная система г. Сургут','2021-04-26 18:47:07','2021-04-26 18:47:07'),(20,'Центральная городская детская библиотека имени А.П. Гайдара г.Москва','2021-04-26 18:47:07','2021-04-26 18:47:07'),(21,'Центральная городская публичная библиотека имени В.В. Маяковского г. Санкт-Петербург','2021-04-26 18:47:07','2021-04-26 18:47:07');
/*!40000 ALTER TABLE `libraries` ENABLE KEYS */;
UNLOCK TABLES;

--
-- Table structure for table `libraries_users`
--

DROP TABLE IF EXISTS `libraries_users`;
/*!40101 SET @saved_cs_client     = @@character_set_client */;
/*!50503 SET character_set_client = utf8mb4 */;
CREATE TABLE `libraries_users` (
  `library_id` int unsigned NOT NULL COMMENT '╨б╤Б╤Л╨╗╨║╨░ ╨╜╨░ ╨▒╨╕╨▒╨╗╨╕╨╛╤В╨╡╨║╤Г',
  `user_id` int unsigned NOT NULL COMMENT '╨б╤Б╤Л╨╗╨║╨░ ╨╜╨░ ╨┐╨╛╨╗╤М╨╖╨╛╨▓╨░╤В╨╡╨╗╤П',
  `created_at` datetime DEFAULT CURRENT_TIMESTAMP COMMENT '╨Т╤А╨╡╨╝╤П ╤Б╨╛╨╖╨┤╨░╨╜╨╕╤П ╤Б╤В╤А╨╛╨║╨╕',
  PRIMARY KEY (`library_id`,`user_id`) COMMENT '╨б╨╛╤Б╤В╨░╨▓╨╜╨╛╨╣ ╨┐╨╡╤А╨▓╨╕╤З╨╜╤Л╨╣ ╨║╨╗╤О╤З'
) ENGINE=InnoDB DEFAULT CHARSET=utf8mb4 COLLATE=utf8mb4_unicode_ci COMMENT='╨Я╨╛╨╗╤М╨╖╨╛╨▓╤В╨╡╨╗╤М╤Б╨║╨╕╨╡ ╨▒╨╕╨▒╨╗╨╕╨╛╤В╨╡╨║╨╕, ╤Б╨▓╤П╨╖╤М ╨╝╨╡╨╢╨┤╤Г ╨┐╨╛╨╗╤М╨╖╨╛╨▓╨░╤В╨╡╨╗╤П╨╝╨╕ ╨╕ ╤Б╤В╨╛╤А╨╛╨╜╨╜╨╕╨╝╨╕ ╨▒╨╕╨▒╨╗╨╕╨╛╤В╨╡╨║╨░╨╝╨╕';
/*!40101 SET character_set_client = @saved_cs_client */;

--
-- Dumping data for table `libraries_users`
--

LOCK TABLES `libraries_users` WRITE;
/*!40000 ALTER TABLE `libraries_users` DISABLE KEYS */;
INSERT INTO `libraries_users` VALUES (1,4,'2011-07-15 23:17:46'),(1,10,'2014-10-09 18:13:15'),(1,15,'2020-10-29 22:50:52'),(1,61,'2012-11-24 06:22:24'),(2,8,'2018-04-20 21:20:21'),(2,14,'2019-11-23 11:59:22'),(2,23,'2011-06-04 05:06:05'),(2,26,'2013-04-07 02:17:23'),(2,30,'2017-06-19 21:25:54'),(2,52,'2013-08-19 00:50:40'),(2,80,'2018-10-03 07:49:41'),(2,91,'2012-01-13 07:01:37'),(3,21,'2014-07-25 17:27:25'),(3,24,'2013-05-27 15:08:37'),(3,54,'2017-05-27 20:43:59'),(3,88,'2012-11-10 20:03:07'),(3,96,'2020-10-23 11:36:06'),(4,5,'2020-09-15 16:20:34'),(4,39,'2012-07-28 10:57:52'),(4,51,'2013-08-31 11:35:40'),(4,55,'2013-09-04 12:26:30'),(4,69,'2012-01-08 19:38:19'),(4,76,'2019-12-20 13:35:21'),(4,77,'2018-07-24 00:24:45'),(5,36,'2014-08-02 11:30:45'),(5,37,'2018-04-24 17:04:36'),(5,60,'2020-02-29 11:01:25'),(5,81,'2015-11-17 23:05:34'),(6,6,'2019-09-12 03:53:36'),(6,32,'2016-07-25 06:41:09'),(6,68,'2016-11-22 00:16:03'),(6,75,'2019-04-08 04:13:09'),(7,12,'2014-04-13 10:26:59'),(7,29,'2017-02-02 19:47:19'),(7,43,'2016-03-20 09:26:12'),(7,70,'2015-01-23 05:54:52'),(7,73,'2017-11-17 12:59:48'),(7,85,'2016-10-01 01:37:24'),(7,86,'2015-11-14 22:18:18'),(7,90,'2015-07-07 14:22:13'),(7,100,'2017-03-21 16:57:46'),(8,16,'2013-05-18 05:37:29'),(8,63,'2017-02-08 20:43:32'),(8,65,'2018-04-24 09:56:44'),(9,17,'2020-07-11 19:53:45'),(9,40,'2012-08-06 19:46:27'),(9,62,'2012-08-10 12:24:06'),(9,78,'2014-04-14 11:44:01'),(9,79,'2019-12-26 03:34:46'),(9,89,'2013-04-07 15:09:12'),(9,98,'2020-08-31 04:16:03'),(10,1,'2014-05-17 11:01:41'),(10,22,'2018-03-10 14:17:49'),(10,34,'2019-04-11 07:10:12'),(10,53,'2012-10-13 20:31:53'),(10,84,'2013-02-04 19:45:53'),(11,11,'2014-05-18 14:23:43'),(11,27,'2017-03-20 07:50:16'),(11,38,'2011-08-04 06:47:26'),(11,45,'2020-04-30 12:21:34'),(11,47,'2019-07-28 03:16:25'),(11,59,'2019-09-30 00:44:52'),(12,7,'2020-01-19 09:25:21'),(12,13,'2012-10-28 05:49:53'),(12,83,'2019-01-08 13:48:32'),(13,9,'2013-07-16 02:38:53'),(13,18,'2015-05-13 19:10:10'),(13,87,'2015-11-16 13:57:35'),(13,97,'2012-01-14 20:48:43'),(14,20,'2017-09-21 11:14:55'),(14,41,'2015-09-04 20:01:11'),(14,95,'2013-07-11 03:46:27'),(15,2,'2017-09-06 11:09:46'),(15,33,'2015-07-28 21:55:48'),(15,56,'2012-02-11 04:30:56'),(15,71,'2019-08-06 06:35:09'),(15,92,'2020-06-01 03:07:58'),(16,67,'2018-12-24 06:03:09'),(16,93,'2016-08-14 08:23:26'),(17,25,'2012-02-02 10:57:02'),(17,35,'2019-03-19 19:45:33'),(17,49,'2018-10-29 03:19:57'),(17,72,'2019-07-18 12:32:56'),(17,74,'2011-08-10 08:57:08'),(18,19,'2018-06-10 12:59:22'),(18,57,'2011-07-04 06:44:26'),(18,64,'2020-01-29 15:30:31'),(18,66,'2017-07-24 15:28:29'),(18,82,'2017-08-08 06:29:05'),(18,99,'2020-01-17 16:52:27'),(19,28,'2016-07-15 11:49:32'),(19,44,'2014-05-18 19:51:28'),(19,46,'2021-02-18 00:25:44'),(19,48,'2017-02-07 09:19:11'),(19,50,'2015-10-14 11:52:45'),(19,94,'2014-07-30 18:39:40'),(20,3,'2018-08-14 17:34:12'),(21,31,'2017-02-02 11:52:05'),(21,42,'2016-08-12 02:21:39'),(21,58,'2017-11-21 08:58:05');
/*!40000 ALTER TABLE `libraries_users` ENABLE KEYS */;
UNLOCK TABLES;

--
-- Table structure for table `litres_ratings`
--

DROP TABLE IF EXISTS `litres_ratings`;
/*!40101 SET @saved_cs_client     = @@character_set_client */;
/*!50503 SET character_set_client = utf8mb4 */;
CREATE TABLE `litres_ratings` (
  `book_id` int unsigned NOT NULL COMMENT '╨б╤Б╤Л╨╗╨║╨░ ╨╜╨░ ╨║╨╜╨╕╨│╤Г',
  `user_id` int unsigned NOT NULL COMMENT '╨б╤Б╤Л╨╗╨║╨░ ╨╜╨░ ╨┐╨╛╨╗╤М╨╖╨╛╨▓╨░╤В╨╡╨╗╤П, ╨┐╨╛╤Б╤В╨░╨▓╨╕╨▓╤И╨╡╨│╨╛ ╨╛╤Ж╨╡╨╜╨║╤Г',
  `rating` int NOT NULL COMMENT '╨Ю╤Ж╨╡╨╜╨║╨░ ╨║╨╜╨╕╨│╨╕',
  `created_at` datetime DEFAULT CURRENT_TIMESTAMP COMMENT '╨Т╤А╨╡╨╝╤П ╤Б╨╛╨╖╨┤╨░╨╜╨╕╤П ╤Б╤В╤А╨╛╨║╨╕',
  `updated_at` datetime DEFAULT CURRENT_TIMESTAMP ON UPDATE CURRENT_TIMESTAMP COMMENT '╨Т╤А╨╡╨╝╤П ╨╛╨▒╨╜╨╛╨▓╨╗╨╡╨╜╨╕╤П ╤Б╤В╤А╨╛╨║╨╕'
) ENGINE=InnoDB DEFAULT CHARSET=utf8mb4 COLLATE=utf8mb4_unicode_ci;
/*!40101 SET character_set_client = @saved_cs_client */;

--
-- Dumping data for table `litres_ratings`
--

LOCK TABLES `litres_ratings` WRITE;
/*!40000 ALTER TABLE `litres_ratings` DISABLE KEYS */;
INSERT INTO `litres_ratings` VALUES (85,41,2,'2013-10-01 23:45:36','2021-04-26 18:48:43'),(73,39,4,'2012-12-10 20:47:31','2021-04-26 18:48:43'),(12,72,3,'2020-05-18 00:28:39','2021-04-26 18:48:43'),(38,41,4,'2021-04-01 18:14:39','2021-04-26 18:48:43'),(54,91,5,'2016-05-06 09:11:38','2021-04-26 18:48:43'),(55,29,2,'2016-10-21 14:39:11','2021-04-26 18:48:43'),(14,73,1,'2012-07-04 02:18:21','2021-04-26 18:48:43'),(4,76,2,'2012-01-03 11:51:40','2021-04-26 18:48:43'),(78,59,2,'2013-01-15 23:45:31','2021-04-26 18:48:43'),(77,68,2,'2017-08-24 04:43:43','2021-04-26 18:48:43'),(53,63,3,'2013-10-09 05:49:56','2021-04-26 18:48:43'),(30,11,3,'2018-03-02 11:56:31','2021-04-26 18:48:43'),(92,67,5,'2012-09-08 20:19:06','2021-04-26 18:48:43'),(69,100,4,'2014-04-16 21:52:58','2021-04-26 18:48:43'),(68,100,4,'2016-11-20 23:04:22','2021-04-26 18:48:43'),(33,97,4,'2019-10-11 20:10:41','2021-04-26 18:48:43'),(62,84,5,'2018-01-03 03:43:09','2021-04-26 18:48:43'),(10,29,5,'2016-11-10 20:00:09','2021-04-26 18:48:43'),(63,92,2,'2012-04-23 09:32:32','2021-04-26 18:48:43'),(85,72,5,'2018-03-27 10:35:03','2021-04-26 18:48:43'),(34,86,5,'2013-10-08 11:15:35','2021-04-26 18:48:43'),(15,11,5,'2011-05-10 22:58:29','2021-04-26 18:48:43'),(72,98,5,'2015-05-23 02:34:39','2021-04-26 18:48:43'),(16,56,4,'2015-03-22 22:58:55','2021-04-26 18:48:43'),(64,87,5,'2020-09-14 20:39:05','2021-04-26 18:48:43'),(71,67,3,'2016-06-27 06:19:50','2021-04-26 18:48:43'),(64,74,1,'2019-04-23 15:08:40','2021-04-26 18:48:43'),(6,69,4,'2017-07-12 07:31:48','2021-04-26 18:48:43'),(37,20,4,'2018-02-02 19:36:13','2021-04-26 18:48:43'),(67,92,2,'2018-05-14 19:23:29','2021-04-26 18:48:43'),(25,1,5,'2017-11-30 07:57:12','2021-04-26 18:48:43'),(21,30,2,'2020-10-14 23:46:37','2021-04-26 18:48:43'),(28,44,1,'2014-04-13 08:03:49','2021-04-26 18:48:43'),(79,29,3,'2013-03-05 21:45:36','2021-04-26 18:48:43'),(12,13,4,'2014-12-09 16:46:23','2021-04-26 18:48:43'),(21,80,5,'2015-01-17 14:22:08','2021-04-26 18:48:43'),(69,58,3,'2015-02-07 22:34:14','2021-04-26 18:48:43'),(83,50,3,'2017-10-24 12:25:03','2021-04-26 18:48:43'),(6,77,5,'2011-12-14 23:21:11','2021-04-26 18:48:43'),(80,35,5,'2018-12-12 12:37:56','2021-04-26 18:48:43'),(82,42,2,'2020-10-28 15:26:14','2021-04-26 18:48:43'),(70,3,1,'2012-08-09 12:34:25','2021-04-26 18:48:43'),(3,90,3,'2020-03-31 16:51:54','2021-04-26 18:48:43'),(4,41,3,'2014-03-12 18:49:05','2021-04-26 18:48:43'),(9,32,4,'2017-01-24 00:35:52','2021-04-26 18:48:43'),(34,38,1,'2021-02-01 03:21:30','2021-04-26 18:48:43'),(45,92,2,'2014-07-12 19:16:34','2021-04-26 18:48:43'),(19,48,1,'2016-03-05 05:11:38','2021-04-26 18:48:40'),(59,61,4,'2019-10-05 14:13:17','2021-04-26 18:48:43'),(40,61,5,'2016-08-18 04:22:11','2021-04-26 18:48:43'),(20,23,3,'2013-12-27 02:09:44','2021-04-26 18:48:43'),(81,30,1,'2016-04-16 17:55:27','2021-04-26 18:48:43'),(46,83,3,'2019-10-28 09:43:37','2021-04-26 18:48:43'),(83,24,4,'2020-04-23 13:47:39','2021-04-26 18:48:43'),(79,68,1,'2013-01-09 22:50:24','2021-04-26 18:48:43'),(44,69,2,'2015-07-06 14:58:55','2021-04-26 18:48:43'),(85,39,1,'2018-07-20 13:21:12','2021-04-26 18:48:43'),(91,88,3,'2011-10-13 17:33:49','2021-04-26 18:48:43'),(1,24,5,'2019-12-21 11:39:58','2021-04-26 18:48:43'),(31,53,2,'2015-06-29 09:15:29','2021-04-26 18:48:43'),(50,94,5,'2014-09-01 07:43:26','2021-04-26 18:48:43'),(59,12,2,'2017-10-31 09:01:51','2021-04-26 18:48:43'),(42,77,4,'2015-04-07 06:20:31','2021-04-26 18:48:43'),(33,47,5,'2012-09-15 11:34:27','2021-04-26 18:48:43'),(39,4,5,'2013-08-17 02:45:58','2021-04-26 18:48:43'),(95,77,4,'2011-09-28 22:35:27','2021-04-26 18:48:43'),(60,74,1,'2016-01-12 10:00:03','2021-04-26 18:48:43'),(12,39,5,'2012-03-10 23:52:03','2021-04-26 18:48:43'),(79,72,1,'2016-05-21 18:18:56','2021-04-26 18:48:43'),(59,44,5,'2020-06-17 02:48:34','2021-04-26 18:48:43'),(57,3,4,'2014-02-21 14:14:31','2021-04-26 18:48:43'),(9,83,1,'2017-06-18 15:48:26','2021-04-26 18:48:43'),(73,5,1,'2013-07-03 21:51:24','2021-04-26 18:48:43'),(38,75,2,'2017-02-24 22:27:40','2021-04-26 18:48:43'),(68,58,2,'2012-01-15 21:47:09','2021-04-26 18:48:43'),(29,65,1,'2017-04-05 03:36:42','2021-04-26 18:48:43'),(38,49,5,'2018-03-26 13:33:07','2021-04-26 18:48:43'),(4,51,1,'2016-01-15 18:15:34','2021-04-26 18:48:43'),(6,9,2,'2012-07-17 05:18:43','2021-04-26 18:48:43'),(17,91,4,'2019-11-15 11:15:51','2021-04-26 18:48:43'),(68,28,4,'2011-11-24 19:11:07','2021-04-26 18:48:43'),(87,66,4,'2014-03-20 11:39:02','2021-04-26 18:48:43'),(33,47,2,'2019-07-23 12:54:32','2021-04-26 18:48:43'),(1,35,4,'2014-10-10 13:19:20','2021-04-26 18:48:43'),(7,35,4,'2018-11-22 20:58:54','2021-04-26 18:48:43'),(33,67,4,'2016-04-09 23:44:30','2021-04-26 18:48:43'),(42,32,5,'2015-04-16 22:44:37','2021-04-26 18:48:43'),(11,59,4,'2018-05-12 15:52:32','2021-04-26 18:48:43'),(26,96,1,'2019-06-11 07:10:11','2021-04-26 18:48:43'),(99,4,2,'2020-09-22 13:24:38','2021-04-26 18:48:43'),(16,31,3,'2017-11-05 17:06:04','2021-04-26 18:48:43'),(81,40,4,'2017-12-08 15:05:36','2021-04-26 18:48:43'),(56,10,1,'2017-12-19 11:52:04','2021-04-26 18:48:43'),(36,30,2,'2011-10-18 14:23:19','2021-04-26 18:48:43'),(14,20,5,'2011-12-21 15:24:16','2021-04-26 18:48:43'),(59,7,5,'2013-05-15 14:38:28','2021-04-26 18:48:43'),(55,74,5,'2012-01-12 03:37:43','2021-04-26 18:48:43'),(98,49,1,'2017-06-22 12:48:07','2021-04-26 18:48:43'),(23,21,2,'2017-01-15 23:11:16','2021-04-26 18:48:43'),(22,58,2,'2015-03-12 10:07:38','2021-04-26 18:48:43');
/*!40000 ALTER TABLE `litres_ratings` ENABLE KEYS */;
UNLOCK TABLES;

--
-- Table structure for table `mailing`
--

DROP TABLE IF EXISTS `mailing`;
/*!40101 SET @saved_cs_client     = @@character_set_client */;
/*!50503 SET character_set_client = utf8mb4 */;
CREATE TABLE `mailing` (
  `id` int unsigned NOT NULL COMMENT 'Идентификатор строки',
  `name` varchar(255) NOT NULL COMMENT 'Название рассылки',
  PRIMARY KEY (`id`),
  UNIQUE KEY `name` (`name`)
) ENGINE=InnoDB DEFAULT CHARSET=utf8mb4 COLLATE=utf8mb4_0900_ai_ci COMMENT='Рассылки';
/*!40101 SET character_set_client = @saved_cs_client */;

--
-- Dumping data for table `mailing`
--

LOCK TABLES `mailing` WRITE;
/*!40000 ALTER TABLE `mailing` DISABLE KEYS */;
INSERT INTO `mailing` VALUES (4,'android-push читай (~ежедневно)'),(2,'Напоминание о корзине'),(3,'Предложения оставить отзыв и оценить прочитанную книгу (после каждой покупки)'),(5,'Уведомления на странице сайта'),(1,'Уведомления об интересных лично вам новинках и акциях на e-mail (~дважды в неделю)');
/*!40000 ALTER TABLE `mailing` ENABLE KEYS */;
UNLOCK TABLES;

--
-- Table structure for table `mailing_users`
--

DROP TABLE IF EXISTS `mailing_users`;
/*!40101 SET @saved_cs_client     = @@character_set_client */;
/*!50503 SET character_set_client = utf8mb4 */;
CREATE TABLE `mailing_users` (
  `mailing_id` int unsigned NOT NULL COMMENT '╨б╤Б╤Л╨╗╨║╨░ ╨╜╨░ ╤А╨░╤Б╤Б╤Л╨╗╨║╤Г',
  `user_id` int unsigned NOT NULL COMMENT '╨б╤Б╤Л╨╗╨║╨░ ╨╜╨░ ╨┐╨╛╨╗╤М╨╖╨╛╨▓╨░╤В╨╡╨╗╤П',
  `created_at` datetime DEFAULT CURRENT_TIMESTAMP COMMENT '╨Т╤А╨╡╨╝╤П ╤Б╨╛╨╖╨┤╨░╨╜╨╕╤П ╤Б╤В╤А╨╛╨║╨╕',
  PRIMARY KEY (`mailing_id`,`user_id`) COMMENT '╨б╨╛╤Б╤В╨░╨▓╨╜╨╛╨╣ ╨┐╨╡╤А╨▓╨╕╤З╨╜╤Л╨╣ ╨║╨╗╤О╤З'
) ENGINE=InnoDB DEFAULT CHARSET=utf8mb4 COLLATE=utf8mb4_unicode_ci COMMENT='╨а╨░╤Б╤Б╤Л╨╗╨║╨╕ ╨┐╨╛╨╗╤М╨╖╨╛╨▓╨░╤В╨╡╨╗╨╡╨╣, ╤Б╨▓╤П╨╖╤М ╨╝╨╡╨╢╨┤╤Г ╨┐╨╛╨╗╤М╨╖╨╛╨▓╨░╤В╨╡╨╗╤П╨╝╨╕ ╨╕ ╤А╨░╤Б╤Б╤Л╨╗╨║╨░╨╝╨╕, ╨╜╨░ ╨║╨╛╤В╨╛╤А╤Л╨╡ ╨╛╨╜╨╕ ╨┐╨╛╨┤╨┐╨╕╤Б╨░╨╜╤Л';
/*!40101 SET character_set_client = @saved_cs_client */;

--
-- Dumping data for table `mailing_users`
--

LOCK TABLES `mailing_users` WRITE;
/*!40000 ALTER TABLE `mailing_users` DISABLE KEYS */;
INSERT INTO `mailing_users` VALUES (1,7,'2015-09-14 02:32:55'),(1,19,'2019-01-09 04:21:13'),(1,21,'2012-12-28 06:58:08'),(1,33,'2019-03-25 19:52:22'),(1,39,'2019-01-28 04:18:48'),(1,46,'2014-04-15 00:53:12'),(1,48,'2011-11-28 02:37:46'),(1,49,'2020-06-26 04:43:59'),(1,50,'2016-04-10 06:58:23'),(1,53,'2019-04-10 09:47:21'),(1,62,'2015-03-23 05:38:54'),(1,66,'2011-08-19 08:24:17'),(1,70,'2011-09-20 01:29:01'),(1,73,'2015-01-21 19:10:27'),(1,75,'2014-04-24 05:19:28'),(1,76,'2012-08-25 18:32:16'),(1,79,'2015-06-05 02:00:49'),(1,90,'2018-08-08 03:09:46'),(1,91,'2014-04-10 23:03:33'),(1,92,'2020-05-29 11:42:09'),(1,93,'2012-04-26 13:58:30'),(1,94,'2011-08-16 22:21:50'),(2,1,'2018-03-02 06:03:23'),(2,14,'2017-12-28 19:04:46'),(2,15,'2017-01-30 15:18:36'),(2,22,'2015-12-08 11:50:55'),(2,26,'2015-02-28 06:46:22'),(2,28,'2018-03-05 07:14:11'),(2,43,'2016-12-26 12:09:32'),(2,55,'2017-06-05 18:00:07'),(2,63,'2020-06-28 11:16:29'),(2,67,'2016-05-21 23:20:11'),(2,71,'2013-08-22 00:09:14'),(2,82,'2018-06-20 06:30:43'),(2,84,'2016-08-25 14:44:17'),(2,88,'2014-02-25 08:51:38'),(2,95,'2015-07-06 06:02:36'),(2,98,'2015-06-29 12:04:12'),(2,100,'2016-05-27 10:02:56'),(3,4,'2014-07-29 15:21:39'),(3,5,'2015-11-19 20:22:22'),(3,11,'2015-05-06 10:24:17'),(3,20,'2019-12-03 06:10:49'),(3,29,'2019-02-13 07:46:39'),(3,36,'2018-10-26 18:48:15'),(3,37,'2012-10-10 14:05:18'),(3,38,'2014-02-24 22:20:42'),(3,40,'2014-10-01 03:36:49'),(3,41,'2015-07-28 02:46:04'),(3,42,'2018-02-21 05:52:25'),(3,44,'2016-01-27 17:45:45'),(3,54,'2014-07-17 14:54:34'),(3,56,'2016-08-22 03:26:57'),(3,59,'2016-07-05 07:02:13'),(3,68,'2018-02-02 21:36:53'),(3,72,'2021-03-29 15:28:48'),(3,78,'2011-09-24 11:55:19'),(3,85,'2020-03-26 09:55:13'),(3,96,'2013-04-19 20:46:44'),(3,97,'2013-08-03 21:42:06'),(4,8,'2020-12-19 20:24:21'),(4,10,'2016-08-13 05:29:09'),(4,12,'2019-06-28 01:21:39'),(4,13,'2019-03-27 10:49:28'),(4,16,'2020-12-27 17:29:49'),(4,24,'2012-01-23 23:02:26'),(4,27,'2014-02-09 15:45:04'),(4,31,'2014-11-11 08:45:36'),(4,51,'2012-08-13 11:00:26'),(4,52,'2015-09-01 06:44:49'),(4,57,'2019-08-12 18:34:57'),(4,61,'2020-03-03 07:13:26'),(4,65,'2017-07-14 19:43:41'),(4,74,'2016-02-24 01:14:55'),(4,80,'2014-07-16 12:23:19'),(4,81,'2011-07-30 01:21:58'),(4,83,'2012-12-04 17:44:17'),(4,87,'2018-08-23 04:41:22'),(4,89,'2017-01-18 04:55:29'),(5,2,'2012-03-08 02:51:29'),(5,3,'2012-01-23 16:33:39'),(5,6,'2014-02-01 14:42:52'),(5,9,'2012-11-13 07:19:00'),(5,17,'2014-10-21 03:24:25'),(5,18,'2019-09-09 15:14:09'),(5,23,'2016-03-12 20:51:00'),(5,25,'2016-10-30 13:09:24'),(5,30,'2017-09-09 21:13:26'),(5,32,'2017-06-02 19:13:38'),(5,34,'2018-04-07 14:33:46'),(5,35,'2014-02-02 04:40:34'),(5,45,'2016-08-05 07:24:32'),(5,47,'2015-09-07 03:20:31'),(5,58,'2017-01-17 01:10:48'),(5,60,'2019-09-12 22:45:25'),(5,64,'2017-03-02 00:08:14'),(5,69,'2019-03-31 19:09:13'),(5,77,'2014-02-26 17:11:58'),(5,86,'2013-05-12 18:25:29'),(5,99,'2020-12-18 10:16:01');
/*!40000 ALTER TABLE `mailing_users` ENABLE KEYS */;
UNLOCK TABLES;

--
-- Table structure for table `operations`
--

DROP TABLE IF EXISTS `operations`;
/*!40101 SET @saved_cs_client     = @@character_set_client */;
/*!50503 SET character_set_client = utf8mb4 */;
CREATE TABLE `operations` (
  `id` int unsigned NOT NULL COMMENT 'Идентификатор строки',
  `name` varchar(255) NOT NULL COMMENT 'Название операции',
  PRIMARY KEY (`id`),
  UNIQUE KEY `name` (`name`)
) ENGINE=InnoDB DEFAULT CHARSET=utf8mb4 COLLATE=utf8mb4_0900_ai_ci COMMENT='Операции';
/*!40101 SET character_set_client = @saved_cs_client */;

--
-- Dumping data for table `operations`
--

LOCK TABLES `operations` WRITE;
/*!40000 ALTER TABLE `operations` DISABLE KEYS */;
INSERT INTO `operations` VALUES (7,'Активация купона'),(2,'Выполнено объединение с пользователем'),(5,'Заказ закрыт'),(4,'Начата оплата счета'),(8,'Начисление бонуса'),(6,'Ошибка оплаты'),(3,'Покупка книги'),(1,'Получена книга по акции');
/*!40000 ALTER TABLE `operations` ENABLE KEYS */;
UNLOCK TABLES;

--
-- Table structure for table `operations_users`
--

DROP TABLE IF EXISTS `operations_users`;
/*!40101 SET @saved_cs_client     = @@character_set_client */;
/*!50503 SET character_set_client = utf8mb4 */;
CREATE TABLE `operations_users` (
  `operation_id` int unsigned NOT NULL COMMENT '╨б╤Б╤Л╨╗╨║╨░ ╨╜╨░ ╨╛╨┐╨╡╤А╨░╤Ж╨╕╤О',
  `user_id` int unsigned NOT NULL COMMENT '╨б╤Б╤Л╨╗╨║╨░ ╨╜╨░ ╨┐╨╛╨╗╤М╨╖╨╛╨▓╨░╤В╨╡╨╗╤П',
  `created_at` datetime DEFAULT CURRENT_TIMESTAMP COMMENT '╨Т╤А╨╡╨╝╤П ╤Б╨╛╨╖╨┤╨░╨╜╨╕╤П ╤Б╤В╤А╨╛╨║╨╕',
  PRIMARY KEY (`operation_id`,`user_id`) COMMENT '╨б╨╛╤Б╤В╨░╨▓╨╜╨╛╨╣ ╨┐╨╡╤А╨▓╨╕╤З╨╜╤Л╨╣ ╨║╨╗╤О╤З'
) ENGINE=InnoDB DEFAULT CHARSET=utf8mb4 COLLATE=utf8mb4_unicode_ci COMMENT='╨Ю╨┐╨╡╤А╨░╤Ж╨╕╨╕ ╨┐╨╛╨╗╤М╨╖╨╛╨▓╨░╤В╨╡╨╗╨╡╨╣, ╤Б╨▓╤П╨╖╤М ╨╝╨╡╨╢╨┤╤Г ╨┐╨╛╨╗╤М╨╖╨╛╨▓╨░╤В╨╡╨╗╤П╨╝╨╕ ╨╕ ╤Б╨╛╨▓╨╡╤А╤И╨╡╨╜╨╜╤Л╨╝╨╕ ╨╕╨╝╨╕ ╨╛╨┐╨╡╤А╨░╤Ж╨╕╤П╨╝╨╕';
/*!40101 SET character_set_client = @saved_cs_client */;

--
-- Dumping data for table `operations_users`
--

LOCK TABLES `operations_users` WRITE;
/*!40000 ALTER TABLE `operations_users` DISABLE KEYS */;
INSERT INTO `operations_users` VALUES (1,2,'2013-11-05 10:40:47'),(1,5,'2013-04-11 19:17:51'),(1,12,'2017-04-14 18:07:37'),(1,19,'2017-10-12 20:43:56'),(1,24,'2020-08-24 20:05:15'),(1,31,'2013-03-25 09:23:58'),(1,42,'2012-05-23 09:47:49'),(1,43,'2019-02-16 02:53:20'),(1,47,'2017-07-02 20:45:43'),(1,58,'2011-06-14 20:05:26'),(1,60,'2020-01-06 00:56:37'),(1,70,'2019-06-20 05:28:28'),(2,3,'2016-12-30 03:02:36'),(2,11,'2020-05-03 14:32:00'),(2,25,'2017-07-15 01:28:02'),(2,29,'2012-06-11 12:52:10'),(2,38,'2016-01-04 06:39:35'),(2,56,'2016-01-26 09:05:03'),(2,62,'2020-07-17 03:56:58'),(2,66,'2014-04-13 07:54:48'),(2,69,'2018-11-01 17:08:15'),(2,79,'2014-11-22 08:04:01'),(2,83,'2019-03-22 20:26:21'),(2,90,'2019-07-02 18:23:35'),(2,94,'2017-09-04 18:48:21'),(2,95,'2021-02-17 10:37:15'),(2,96,'2014-12-17 07:15:24'),(3,20,'2018-09-11 15:12:00'),(3,26,'2017-01-17 21:43:30'),(3,33,'2018-04-03 17:42:22'),(3,45,'2018-06-28 21:17:12'),(3,59,'2017-10-21 10:22:03'),(3,68,'2017-02-21 09:37:28'),(3,75,'2014-04-23 03:22:05'),(3,77,'2015-05-18 23:03:22'),(3,99,'2018-07-28 00:22:13'),(3,100,'2019-11-09 11:55:20'),(4,4,'2017-09-13 01:14:00'),(4,8,'2019-12-02 14:14:55'),(4,9,'2013-10-15 20:29:34'),(4,23,'2019-06-28 08:00:49'),(4,28,'2013-09-15 16:21:07'),(4,30,'2018-12-10 19:16:54'),(4,36,'2011-06-21 03:04:37'),(4,39,'2015-07-29 07:27:36'),(4,40,'2013-01-10 07:07:24'),(4,52,'2011-10-22 21:52:47'),(4,54,'2011-07-13 18:53:37'),(4,55,'2013-05-26 11:04:13'),(4,57,'2013-04-09 12:44:38'),(4,61,'2013-05-25 11:31:26'),(4,63,'2019-05-08 09:06:03'),(4,64,'2014-09-08 13:02:19'),(4,72,'2019-03-14 16:31:50'),(4,80,'2016-08-22 00:43:32'),(4,86,'2014-10-02 09:18:02'),(4,89,'2017-11-03 15:53:12'),(5,1,'2014-08-28 17:59:34'),(5,6,'2018-03-20 04:37:33'),(5,13,'2017-03-14 05:43:15'),(5,18,'2020-12-27 19:42:24'),(5,37,'2017-02-13 23:57:27'),(5,41,'2011-07-20 09:02:20'),(5,44,'2019-05-01 00:48:44'),(5,46,'2012-10-31 09:30:37'),(5,65,'2011-06-19 08:41:07'),(5,76,'2014-02-03 09:13:04'),(5,78,'2012-11-11 02:31:14'),(5,82,'2013-09-21 13:07:15'),(5,91,'2011-06-30 19:25:27'),(6,10,'2018-02-17 15:33:29'),(6,15,'2011-10-25 03:38:07'),(6,17,'2013-08-16 01:07:23'),(6,49,'2013-06-03 07:49:11'),(6,50,'2016-06-11 18:54:59'),(6,53,'2014-08-07 04:03:51'),(6,73,'2014-09-26 19:50:00'),(6,84,'2012-06-07 06:20:36'),(6,88,'2018-02-04 00:13:45'),(6,98,'2012-10-24 11:43:17'),(7,7,'2014-02-03 19:58:10'),(7,22,'2012-10-09 11:31:39'),(7,34,'2015-03-27 18:12:20'),(7,51,'2019-07-10 23:50:20'),(7,71,'2017-02-18 07:27:22'),(7,81,'2017-03-30 19:49:38'),(7,85,'2017-10-03 19:18:40'),(7,87,'2011-10-27 09:39:40'),(7,92,'2013-10-22 14:09:18'),(7,93,'2012-06-27 02:50:23'),(8,14,'2014-07-30 17:51:51'),(8,16,'2016-06-28 12:47:20'),(8,21,'2014-12-12 22:01:24'),(8,27,'2021-02-25 16:34:27'),(8,32,'2019-12-11 22:18:06'),(8,35,'2016-07-24 21:46:29'),(8,48,'2013-09-02 03:26:04'),(8,67,'2013-02-11 06:16:22'),(8,74,'2011-11-29 15:43:13'),(8,97,'2015-08-09 11:38:52');
/*!40000 ALTER TABLE `operations_users` ENABLE KEYS */;
UNLOCK TABLES;

--
-- Table structure for table `payment_types`
--

DROP TABLE IF EXISTS `payment_types`;
/*!40101 SET @saved_cs_client     = @@character_set_client */;
/*!50503 SET character_set_client = utf8mb4 */;
CREATE TABLE `payment_types` (
  `id` int unsigned NOT NULL COMMENT 'Идентификатор строки',
  `name` varchar(255) NOT NULL COMMENT 'Название типа платежа',
  PRIMARY KEY (`id`),
  UNIQUE KEY `name` (`name`)
) ENGINE=InnoDB DEFAULT CHARSET=utf8mb4 COLLATE=utf8mb4_0900_ai_ci COMMENT='Типы платежей';
/*!40101 SET character_set_client = @saved_cs_client */;

--
-- Dumping data for table `payment_types`
--

LOCK TABLES `payment_types` WRITE;
/*!40000 ALTER TABLE `payment_types` DISABLE KEYS */;
INSERT INTO `payment_types` VALUES (3,'Оплата банковской картой'),(1,'Оплата бонусами ЛитРес'),(2,'Оплата бонусной картой');
/*!40000 ALTER TABLE `payment_types` ENABLE KEYS */;
UNLOCK TABLES;

--
-- Table structure for table `payments`
--

DROP TABLE IF EXISTS `payments`;
/*!40101 SET @saved_cs_client     = @@character_set_client */;
/*!50503 SET character_set_client = utf8mb4 */;
CREATE TABLE `payments` (
  `id` int unsigned NOT NULL AUTO_INCREMENT COMMENT '╨Ш╨┤╨╡╨╜╤В╨╕╤Д╨╕╨║╨░╤В╨╛╤А ╤Б╤В╤А╨╛╨║╨╕',
  `user_id` int unsigned NOT NULL COMMENT '╨б╤Б╤Л╨╗╨║╨░ ╨╜╨░ ╨┐╨╛╨╗╤М╨╖╨╛╨▓╨░╤В╨╡╨╗╤П',
  `book_id` int DEFAULT NULL,
  `payment_type_id` int unsigned NOT NULL COMMENT '╨б╤Б╤Л╨╗╨║╨░ ╨╜╨░ ╤В╨╕╨┐ ╨┐╨╗╨░╤В╨╡╨╢╨░',
  `amount` int NOT NULL COMMENT '╨б╤Г╨╝╨╝╨░ ╨┐╨╗╨░╤В╨╡╨╢╨░',
  `created_at` datetime DEFAULT CURRENT_TIMESTAMP COMMENT '╨Т╤А╨╡╨╝╤П ╤Б╨╛╨╖╨┤╨░╨╜╨╕╤П ╤Б╤В╤А╨╛╨║╨╕',
  PRIMARY KEY (`id`)
) ENGINE=InnoDB AUTO_INCREMENT=101 DEFAULT CHARSET=utf8mb4 COLLATE=utf8mb4_unicode_ci COMMENT='╨Ю╨┐╨╡╤А╨░╤Ж╨╕╨╕';
/*!40101 SET character_set_client = @saved_cs_client */;

--
-- Dumping data for table `payments`
--

LOCK TABLES `payments` WRITE;
/*!40000 ALTER TABLE `payments` DISABLE KEYS */;
INSERT INTO `payments` VALUES (1,20,53,2,1059,'2013-01-23 16:26:43'),(2,97,69,2,3115,'2013-07-29 04:02:31'),(3,23,86,1,2351,'2013-10-21 02:59:21'),(4,24,23,2,2360,'2011-04-26 16:04:29'),(5,49,58,3,4701,'2019-07-08 14:14:42'),(6,72,18,1,1375,'2011-05-22 16:38:46'),(7,15,15,1,2725,'2020-01-03 13:18:20'),(8,56,19,1,4449,'2013-11-27 00:54:36'),(9,37,53,3,4020,'2019-07-20 12:17:18'),(10,15,5,2,1708,'2020-11-04 02:54:06'),(11,64,66,1,1432,'2014-05-17 19:21:32'),(12,75,13,3,1985,'2020-09-09 23:27:23'),(13,81,67,3,583,'2020-04-23 05:32:37'),(14,79,97,1,1909,'2017-07-26 09:47:54'),(15,51,83,3,2749,'2014-12-21 07:16:12'),(16,17,23,2,2971,'2017-08-12 05:27:52'),(17,31,65,1,1559,'2017-05-06 23:32:07'),(18,6,58,3,3831,'2012-09-18 00:18:34'),(19,34,92,2,4430,'2015-09-03 08:57:45'),(20,52,85,2,610,'2020-03-16 08:04:56'),(21,58,49,1,4713,'2013-04-05 18:33:27'),(22,32,90,1,1684,'2015-01-23 13:47:28'),(23,88,1,1,4233,'2019-08-22 20:17:54'),(24,41,34,1,1066,'2018-09-03 00:57:30'),(25,43,66,2,2581,'2013-04-11 16:57:03'),(26,91,30,2,4659,'2013-07-06 22:54:57'),(27,24,49,1,503,'2020-07-22 05:22:34'),(28,48,54,2,3488,'2018-07-05 00:12:07'),(29,67,25,1,886,'2018-03-11 04:18:11'),(30,91,62,3,3914,'2019-10-10 17:16:56'),(31,53,35,2,1865,'2020-01-12 20:39:26'),(32,93,88,1,2533,'2012-02-27 13:57:22'),(33,6,36,2,2024,'2019-12-28 04:30:35'),(34,51,15,3,2473,'2011-10-05 17:55:35'),(35,36,67,3,1245,'2011-07-22 15:47:34'),(36,25,89,1,3756,'2013-06-21 09:23:33'),(37,17,43,2,4996,'2017-04-01 11:40:30'),(38,10,48,2,3664,'2017-02-02 22:05:55'),(39,100,11,3,3282,'2016-07-09 13:40:07'),(40,68,11,3,372,'2019-10-01 10:00:35'),(41,39,21,1,1965,'2014-04-21 12:08:34'),(42,92,70,2,3658,'2015-06-19 03:45:37'),(43,41,87,1,2350,'2012-11-11 23:28:20'),(44,29,23,1,725,'2015-09-01 07:34:20'),(45,20,55,1,1528,'2012-07-03 11:30:39'),(46,13,4,3,415,'2016-12-29 22:36:33'),(47,3,56,2,2445,'2018-01-03 13:41:02'),(48,76,69,2,929,'2020-08-10 13:55:54'),(49,72,76,1,2263,'2012-03-19 20:48:45'),(50,30,70,1,3479,'2017-03-13 12:04:20'),(51,35,24,1,556,'2016-02-23 09:52:47'),(52,85,7,3,2296,'2015-07-03 04:06:54'),(53,17,65,2,4763,'2018-11-11 19:43:28'),(54,29,2,3,1877,'2013-02-16 13:57:18'),(55,96,16,3,50,'2013-04-10 09:25:35'),(56,93,74,2,4570,'2020-02-14 11:05:22'),(57,78,23,1,2651,'2014-07-12 04:19:35'),(58,7,90,1,4495,'2019-08-10 04:59:43'),(59,1,79,2,4474,'2011-06-14 07:11:59'),(60,83,26,2,3837,'2019-11-27 20:27:21'),(61,14,91,3,712,'2019-03-10 21:32:40'),(62,20,79,3,2004,'2017-10-27 07:36:51'),(63,56,19,1,2833,'2013-07-20 08:17:32'),(64,21,58,1,3106,'2015-02-13 14:42:01'),(65,37,31,2,1980,'2014-02-18 17:33:17'),(66,21,82,1,536,'2014-01-28 01:18:33'),(67,92,18,2,1692,'2011-06-13 17:34:51'),(68,99,41,3,1801,'2011-06-28 13:47:44'),(69,19,51,1,3882,'2020-03-15 08:50:41'),(70,95,30,1,3957,'2018-10-09 15:27:41'),(71,18,96,1,3091,'2016-03-29 06:38:36'),(72,6,92,1,3534,'2014-06-16 22:37:53'),(73,75,72,2,3349,'2014-04-29 13:13:16'),(74,56,84,1,1093,'2011-08-30 23:45:42'),(75,54,2,2,373,'2015-10-06 01:35:49'),(76,3,60,1,3535,'2013-04-19 23:44:24'),(77,53,91,2,1508,'2012-01-27 22:22:22'),(78,55,76,1,1885,'2016-11-12 11:39:32'),(79,17,6,1,4854,'2014-12-09 10:27:46'),(80,18,100,2,3567,'2014-08-18 21:05:57'),(81,39,84,2,3224,'2011-06-24 02:53:59'),(82,40,20,3,370,'2016-01-22 17:51:49'),(83,84,46,1,2128,'2013-11-18 14:33:13'),(84,97,68,2,4484,'2012-05-14 18:58:30'),(85,32,4,1,985,'2019-03-19 03:14:15'),(86,70,15,3,1426,'2013-09-18 09:03:24'),(87,52,63,1,4127,'2014-07-13 08:48:07'),(88,52,69,3,1309,'2020-07-06 21:40:38'),(89,4,58,2,4113,'2012-09-05 16:24:42'),(90,61,79,1,1589,'2013-09-20 02:02:17'),(91,95,21,1,560,'2015-11-19 05:49:33'),(92,89,69,2,2985,'2012-04-09 22:48:32'),(93,61,80,2,3197,'2014-06-08 21:44:05'),(94,38,91,3,1982,'2016-10-12 19:05:10'),(95,4,17,1,271,'2015-06-06 01:00:40'),(96,7,13,1,358,'2019-02-21 01:34:30'),(97,23,11,2,928,'2016-04-12 01:07:52'),(98,91,17,1,3517,'2013-08-11 05:26:16'),(99,87,49,3,4753,'2011-09-07 16:28:38'),(100,62,97,3,3164,'2020-04-26 19:29:52');
/*!40000 ALTER TABLE `payments` ENABLE KEYS */;
UNLOCK TABLES;

--
-- Table structure for table `reviews`
--

DROP TABLE IF EXISTS `reviews`;
/*!40101 SET @saved_cs_client     = @@character_set_client */;
/*!50503 SET character_set_client = utf8mb4 */;
CREATE TABLE `reviews` (
  `id` int unsigned NOT NULL AUTO_INCREMENT COMMENT '╨Ш╨┤╨╡╨╜╤В╨╕╤Д╨╕╨║╨░╤В╨╛╤А ╤Б╤В╤А╨╛╨║╨╕',
  `user_id` int unsigned NOT NULL COMMENT '╨б╤Б╤Л╨╗╨║╨░ ╨╜╨░ ╨┐╨╛╨╗╤М╨╖╨╛╨▓╨░╤В╨╡╨╗╤П',
  `body` text CHARACTER SET utf8mb4 COLLATE utf8mb4_unicode_ci NOT NULL COMMENT '╨в╨╡╨║╤Б╤В ╨╛╤В╨╖╤Л╨▓╨░',
  `likes_amount` int NOT NULL COMMENT '╨Ъ╨╛╨╗╨╕╤З╨╡╤Б╤В╨▓╨╛ ╨╗╨░╨╣╨║╨╛╨▓',
  `dislikes_amount` int NOT NULL COMMENT '╨Ъ╨╛╨╗╨╕╤З╨╡╤Б╤В╨▓╨╛ ╨┤╨╕╤Б╨╗╨░╨╣╨║╨╛╨▓',
  `target_id` int unsigned NOT NULL COMMENT '╨б╤Б╤Л╨╗╨║╨░ ╨╜╨░ ╨╜╨╛╨╝╨╡╤А ╤Б╤В╤А╨╛╨║╨╕ ╨▓ ╤В╨░╨▒╨╗╨╕╤Ж╨╡',
  `target_type_id` int unsigned NOT NULL COMMENT '╨б╤Б╤Л╨╗╨║╨░ ╨╜╨░ ╤В╨╕╨┐ ╨╛╤В╨╖╤Л╨▓╨░',
  `created_at` datetime DEFAULT CURRENT_TIMESTAMP COMMENT '╨Т╤А╨╡╨╝╤П ╤Б╨╛╨╖╨┤╨░╨╜╨╕╤П ╤Б╤В╤А╨╛╨║╨╕',
  PRIMARY KEY (`id`)
) ENGINE=InnoDB AUTO_INCREMENT=101 DEFAULT CHARSET=utf8mb4 COLLATE=utf8mb4_unicode_ci COMMENT='╨Ю╤В╨╖╤Л╨▓╤Л';
/*!40101 SET character_set_client = @saved_cs_client */;

--
-- Dumping data for table `reviews`
--

LOCK TABLES `reviews` WRITE;
/*!40000 ALTER TABLE `reviews` DISABLE KEYS */;
INSERT INTO `reviews` VALUES (1,28,'Quo sed ducimus est. Sed numquam totam fuga vero quod blanditiis qui. Nemo debitis rerum in quia et nemo. Maxime ducimus impedit qui velit ad commodi voluptatem. Aut sequi eius possimus nulla doloribus voluptatibus.',73,19,51,1,'2020-04-21 18:22:40'),(2,64,'Fuga distinctio in sed mollitia sunt necessitatibus. Ut esse ut deleniti consequatur eum aut corrupti et. Tenetur sit rem quaerat quae provident voluptatem. Eum et dolorum veritatis mollitia non aut.',194,70,69,1,'2016-01-31 02:18:14'),(3,35,'Deleniti excepturi illo quis incidunt delectus magni. Nobis excepturi accusantium vero dolor veritatis et. Quam vel sed blanditiis aut ut nesciunt aperiam. Ut veritatis labore voluptas eos. Consectetur voluptas molestias dolores delectus.',251,42,90,2,'2016-04-15 01:20:21'),(4,85,'Repudiandae totam eum odit alias sint ea nisi. Corporis autem assumenda soluta at et. Qui ipsum corrupti iste quos illo odio. Amet aliquid animi dolorem incidunt.',171,1,43,2,'2013-09-13 21:06:33'),(5,19,'Omnis magnam non qui est inventore. Odit ut enim rerum cupiditate quidem corporis rerum. Quidem culpa tenetur quasi fugiat. Magni corrupti placeat necessitatibus.',101,128,47,2,'2014-11-16 02:27:42'),(6,39,'Nihil asperiores mollitia distinctio iure fuga. Ut commodi qui molestias reiciendis nihil saepe. Sint sunt eius voluptatibus. Sequi laudantium recusandae similique.',493,136,3,2,'2020-02-03 06:22:04'),(7,37,'Ex voluptas sit illo. Occaecati odit et omnis consectetur qui. Suscipit libero nemo laudantium debitis quia nobis.',160,46,74,2,'2015-11-16 18:38:22'),(8,66,'Dolorem pariatur earum aspernatur beatae. Consequatur pariatur placeat non est deleniti consectetur. Quidem repudiandae quo ut qui veritatis. Error qui et unde voluptatem. Voluptatibus qui dolor quod sapiente rerum.',322,72,60,2,'2015-07-13 19:07:42'),(9,21,'Natus ad similique in distinctio dolorem assumenda. Est enim doloribus quaerat error. Aliquid eum in sunt. Ut itaque perferendis illo harum sit fuga commodi.',130,223,80,1,'2018-07-16 08:08:10'),(10,4,'Tempore consequuntur a blanditiis rerum. Suscipit pariatur dicta provident. Illo beatae alias et rerum similique molestiae quo. Porro voluptatem velit voluptas vel minima quia.',181,146,19,1,'2018-02-01 07:27:25'),(11,59,'Voluptatem incidunt nesciunt ullam ab. Molestiae delectus qui blanditiis occaecati dolor dolorem. Sit id aut sed sunt neque labore. Explicabo et aliquam quaerat quos quod.',17,62,52,2,'2014-03-12 05:56:34'),(12,81,'Placeat optio accusamus labore dolor quia dolorem autem. Architecto tempore tenetur labore officia quibusdam.',42,119,3,2,'2019-11-28 17:00:32'),(13,27,'Et dolor facere vero laborum sed ipsam modi. Ut ut velit amet hic.',159,162,59,1,'2020-09-21 01:28:18'),(14,93,'Veritatis culpa nihil quod. Rerum quis accusamus fuga in. Ea inventore deleniti expedita dolorum. Et in dolor perferendis cupiditate quia.',168,200,86,1,'2019-02-28 20:22:46'),(15,81,'Soluta est omnis enim voluptas cum. Necessitatibus doloribus amet aliquid consequuntur eum id. Perferendis adipisci eveniet ab temporibus dolores quod est.',362,16,50,2,'2014-12-09 09:12:52'),(16,27,'Quis quos tenetur dolore optio. Provident in fugit qui et ut voluptates quod corrupti.',304,229,95,2,'2020-09-16 00:06:21'),(17,92,'Et omnis inventore occaecati omnis. Doloremque reiciendis vitae ad adipisci quasi omnis voluptate. Quam qui nisi pariatur et autem ea placeat. Suscipit nemo similique non voluptatem dolorum eaque non accusamus.',437,94,23,2,'2015-05-05 14:44:22'),(18,80,'Mollitia commodi qui aut non nobis molestiae alias. Vitae et nostrum veniam quia. Aut perferendis voluptatem nostrum corrupti. Voluptatem qui ut aspernatur doloribus sed unde vel. Consequuntur rem illum id id corporis.',269,33,28,2,'2011-08-16 05:32:50'),(19,21,'A corporis repudiandae deleniti provident. Saepe illum facere temporibus. Nisi qui officia quos quia soluta fuga repellendus.',36,134,74,2,'2018-11-23 23:03:24'),(20,66,'Molestiae numquam pariatur aut earum assumenda delectus ratione. Earum nihil in et quod et. Esse necessitatibus non cupiditate autem.',373,70,82,1,'2011-12-06 15:49:53'),(21,67,'Omnis a fuga accusantium. Animi ut impedit recusandae soluta. Sed quia sit quos itaque fugit ab. Cum rerum ducimus rem quibusdam natus magnam est.',255,198,90,1,'2015-07-16 07:38:08'),(22,37,'Perferendis corrupti enim alias est qui totam et. Voluptatibus accusantium ducimus et architecto sed pariatur autem. Repellendus voluptates magni qui.',158,28,3,2,'2012-03-19 03:43:26'),(23,84,'Sapiente sed commodi sit voluptate eum. Laborum facilis quod adipisci voluptate facilis deserunt est. Neque vel ipsam est illo deserunt.',23,46,45,1,'2019-03-06 19:10:55'),(24,9,'Dolor cumque ex fugiat magni sed aut. Accusantium beatae consectetur enim officiis. Rerum similique quasi illum consequatur.',140,144,14,1,'2019-12-05 14:28:46'),(25,93,'Quasi accusamus et sunt aut quo. Temporibus iusto laudantium perspiciatis non qui. Dignissimos debitis deleniti quam voluptatem pariatur. Tempore laboriosam numquam nihil ut.',130,84,33,2,'2016-11-30 17:14:05'),(26,36,'Magni voluptatem quos harum quia. Quod vel et ut dicta. Rerum a quia voluptatem libero reprehenderit vel. Praesentium labore magni ducimus atque voluptatibus praesentium amet.',231,235,25,1,'2019-02-26 20:10:32'),(27,2,'Cupiditate harum beatae velit odio perferendis et voluptate. Ex soluta itaque nihil.',263,174,23,1,'2012-06-02 21:39:00'),(28,2,'Fugit numquam similique dolores repellat. Aut magnam fugiat repellat natus illo minima. Sint blanditiis odit nisi ducimus quas unde odit. Ad non est sed est quaerat.',121,163,42,1,'2016-09-05 04:15:23'),(29,1,'Voluptatum natus temporibus nisi officia omnis qui. Illo nihil iure et quaerat soluta voluptas et. Repellendus optio culpa fugit omnis qui laudantium illo perspiciatis. Quibusdam optio harum est temporibus asperiores.',318,44,40,1,'2019-04-29 05:38:42'),(30,98,'Nihil delectus recusandae sint quo ducimus earum. Maiores tempore reiciendis quasi voluptates molestiae. Iste totam numquam ut ea repudiandae incidunt cum. Quisquam quod at magni sed animi sed laborum.',224,231,75,2,'2020-10-31 17:51:20'),(31,87,'Inventore hic in tenetur maxime dolore excepturi aut. Saepe asperiores soluta odio earum. Voluptatem id laborum vel sit praesentium ut et.',165,20,52,2,'2019-12-19 13:51:21'),(32,41,'Perferendis quaerat odio vero sapiente enim harum. Ea illum optio adipisci repellat provident. Reiciendis ea explicabo et eum.',152,159,35,2,'2020-12-03 13:58:19'),(33,43,'Est dolores quia maiores. Molestiae inventore omnis est voluptatem. Enim dolor illum delectus molestias in ex.',266,234,17,2,'2018-03-30 05:53:40'),(34,91,'Itaque vel sed ducimus totam dicta. Voluptate sit consequatur ratione culpa delectus. Velit dolorem consequatur ducimus ea ut deserunt. Est dolorem sit ab aliquam officia.',372,193,82,1,'2015-03-31 02:35:16'),(35,25,'Voluptatibus enim explicabo quia omnis officiis explicabo quo. Rerum numquam sint ad fugit nihil. Aut voluptate harum aut possimus nulla voluptate. Consequatur deserunt dolores fuga tempore laborum. Vel ut ut perferendis tempora.',64,14,58,2,'2019-04-28 11:38:25'),(36,53,'Quo non laboriosam illo vero iste ut. Provident quod molestiae cumque tenetur quia voluptas ullam. Assumenda reiciendis voluptatem optio quibusdam necessitatibus. Voluptas quia quo similique similique inventore.',202,238,43,2,'2020-05-22 11:23:24'),(37,89,'Sed et est id et. Quis dolores voluptatem minus ipsa. Et voluptas nihil sed sed aut aut non. Rerum nihil eos perferendis quidem rerum totam.',320,149,39,1,'2018-04-18 22:01:02'),(38,87,'Aperiam asperiores culpa et necessitatibus omnis dolores. Non eveniet in fugiat voluptatem voluptatem numquam. Odio doloremque non animi a et ut aut deleniti.',491,28,67,2,'2014-02-25 23:32:19'),(39,67,'Repellendus ea aspernatur quam deserunt animi atque. Adipisci dolorem quod id nihil.',496,194,16,1,'2013-05-09 07:53:27'),(40,72,'Et quisquam aliquam corrupti et recusandae nobis. Fugit et est voluptas earum minus nostrum dolores non. Iste nihil fuga ab consectetur et et. Quasi eligendi nostrum repudiandae vitae est nemo aut.',4,135,80,2,'2011-11-14 09:49:17'),(41,61,'Quo tenetur repellendus alias dolor. Veniam voluptas nam laudantium corrupti neque fuga reprehenderit sapiente. Et maxime aspernatur beatae eveniet quisquam iusto sed. Nostrum et adipisci tempora.',34,94,51,2,'2020-04-30 04:55:28'),(42,89,'Nobis deleniti voluptatem aut rerum. Fugiat nostrum esse saepe temporibus delectus neque quia. Quo nihil et eveniet et temporibus.',155,65,15,2,'2018-12-20 19:21:16'),(43,59,'Ex aut voluptas est exercitationem. At culpa aut tenetur illo. Delectus assumenda ipsa quidem et. Omnis et esse et fugit dolore.',174,42,19,2,'2015-09-14 19:52:33'),(44,30,'Voluptas amet omnis laboriosam cumque. Ut repudiandae porro repudiandae et ab a. Quibusdam totam impedit consectetur suscipit aut modi. Voluptatem dolor laudantium vero odio expedita placeat.',403,12,53,2,'2014-05-27 07:40:03'),(45,70,'Eos nihil fugiat exercitationem aut est. Possimus sunt dolorum tempora. Voluptatem dolores voluptatem ut nobis veniam. Rerum similique dignissimos sit.',494,185,5,1,'2014-12-21 16:04:57'),(46,60,'Atque molestias corporis sequi incidunt odio debitis aut. Laborum odio rerum laboriosam nihil illo quia.',258,140,65,2,'2020-04-27 18:04:20'),(47,91,'Rem iste maxime modi natus. Molestiae corrupti non asperiores dolorem officiis reiciendis adipisci. Cumque delectus aut saepe iusto et odit omnis.',310,143,11,2,'2019-05-04 02:41:04'),(48,74,'Sed ut veritatis quo beatae. Suscipit numquam et facere unde eaque corrupti iure. Quia quisquam est itaque ducimus voluptate ipsum consequatur. Provident sit enim hic illo.',275,43,60,1,'2012-12-03 00:05:18'),(49,97,'Fugit dolorem est molestiae animi ea qui. Reprehenderit minus cupiditate numquam eum ut. Voluptas qui tempore consectetur dolore. Quisquam expedita eos laborum dolores.',444,38,67,2,'2017-10-09 10:03:40'),(50,61,'Qui et vel consequuntur sunt natus sed. In animi cumque consequatur non blanditiis delectus voluptas. Ad illo cum voluptatem ea quos quia. Id non velit perferendis neque ut blanditiis omnis.',396,59,54,1,'2014-01-17 06:51:21'),(51,14,'Tempore dolor amet sed. Id soluta atque at possimus distinctio ad voluptatem. Nobis ut possimus magni iusto nihil similique qui est. Vel eaque cupiditate ea quia.',147,179,70,2,'2017-02-09 15:59:06'),(52,88,'Sed voluptatem error sequi quo dolore. Asperiores praesentium accusantium ducimus ut sed modi iure. Non beatae eveniet temporibus optio ut consequatur.',44,219,85,2,'2015-10-24 03:25:47'),(53,95,'Doloribus quisquam id consectetur sit fugiat doloribus voluptate. Alias inventore nisi accusantium voluptate veritatis facilis. Nostrum minus at blanditiis est laborum laudantium.',281,58,17,2,'2012-12-05 20:25:45'),(54,11,'Fuga placeat amet debitis soluta beatae. Ut non facilis accusantium quibusdam. Sed qui corrupti quo recusandae eligendi enim. Error quisquam id in praesentium.',272,131,27,2,'2019-11-20 02:27:27'),(55,70,'Voluptas ea ut voluptatem nihil aperiam aliquid. Consectetur quia vero autem laboriosam necessitatibus. Quis praesentium minima natus temporibus. Consectetur vero dignissimos distinctio dolorem omnis sit.',16,230,83,1,'2014-04-21 01:21:36'),(56,18,'A et veniam id omnis vitae ex quibusdam. Doloremque temporibus corrupti esse. Eaque dolores dolorem qui voluptatum. Repellat sunt quibusdam corrupti id aliquam itaque natus minus.',263,6,33,1,'2019-01-15 00:01:21'),(57,79,'Aut minima quasi sunt molestias reiciendis sed. Aliquam ad quia sed autem id fugit. Et dolor qui nam.',267,90,18,1,'2012-12-19 10:32:44'),(58,41,'Nulla blanditiis eligendi non non. Eum ad placeat cum vitae facere illum sint ullam. Inventore et sapiente nostrum ut eius quam nihil. Vel facilis fuga omnis dolores quia omnis harum.',47,182,88,2,'2012-06-23 19:24:10'),(59,65,'Velit est corporis aliquam blanditiis eum consequatur vero veniam. Tempora quasi excepturi eos aut repellat. Quia autem qui dolor dicta dolor quibusdam omnis necessitatibus. Et fugit et deserunt sequi omnis qui tenetur rem.',432,140,88,1,'2017-11-20 22:28:49'),(60,3,'Ut odit eum ea. Nihil perferendis sit dignissimos est. Sed tempora suscipit aut quia non voluptas. Reiciendis impedit autem maiores repellendus.',18,151,73,2,'2014-01-02 13:41:15'),(61,18,'Quia eos qui placeat nulla similique. Nemo facilis et esse eligendi voluptatem corrupti. Explicabo aut et nihil totam aut nam dolorem.',293,88,2,2,'2014-04-09 14:39:36'),(62,83,'Autem vitae ratione consequuntur nostrum odit. Neque est non voluptates nemo perspiciatis non asperiores id. Aut ad fugit saepe. Sit est ut eligendi laboriosam excepturi consequuntur.',413,234,91,1,'2014-03-31 10:19:29'),(63,58,'Facere odio autem ut quo distinctio. Numquam et est et enim animi exercitationem quae.',184,156,50,1,'2014-11-19 21:52:40'),(64,41,'Aut soluta reiciendis id minus maxime repellendus laboriosam excepturi. Eius aut a est. Maxime ut enim accusamus aliquam.',181,76,75,1,'2020-01-19 02:10:30'),(65,29,'Impedit aut repellat et aliquam eius a voluptatem. Est eum reprehenderit nihil itaque quibusdam. Aut reiciendis facere amet distinctio explicabo sapiente.',354,163,23,1,'2012-08-13 15:57:05'),(66,22,'Est ipsam reiciendis omnis hic non totam aut. Quasi id omnis itaque et quis dolor eius. Et dolores temporibus dolore sit ex. Commodi consectetur officiis odio.',224,85,89,2,'2012-10-30 00:16:25'),(67,24,'Error culpa temporibus ut repudiandae laboriosam consequatur delectus. Quasi est sed cum et. Blanditiis labore et ut repellendus non veniam velit. In ut magnam eligendi iure praesentium voluptatem temporibus.',60,187,76,2,'2014-07-20 05:31:04'),(68,54,'Et repellat accusamus rem non ratione molestiae autem. Eius consequuntur accusamus porro deleniti sed sapiente inventore expedita. Est est nisi sit.',125,177,13,2,'2013-04-25 11:37:04'),(69,97,'Blanditiis similique illo dignissimos omnis sit aspernatur. Et aut praesentium aliquid. Neque sed illo voluptatem.',444,77,38,2,'2018-09-16 01:20:06'),(70,23,'Rem quae aliquam asperiores animi necessitatibus placeat recusandae. Eum molestiae officiis voluptate ipsa voluptas et odio. Ut dolorem commodi eos corporis accusantium ut nesciunt.',347,101,48,2,'2014-02-08 13:13:53'),(71,25,'At qui nihil rerum alias qui voluptatum quos. Incidunt dolor accusamus odit ipsum qui cupiditate. Unde culpa ea porro ut itaque.',400,22,28,1,'2019-11-24 16:02:01'),(72,53,'Sit qui expedita esse. Eos maiores voluptatibus incidunt dignissimos accusamus aspernatur quia. Hic rem sed cupiditate reiciendis ut perspiciatis temporibus excepturi. Dicta accusantium architecto officiis molestias expedita.',460,59,93,2,'2016-05-27 13:26:56'),(73,90,'Mollitia doloremque assumenda rerum et expedita. Aut commodi minus illo. Unde et ducimus error atque.',100,229,82,1,'2013-11-08 10:31:57'),(74,93,'Aspernatur illum illo voluptatibus omnis voluptatem quia quia. Consequatur accusantium consequuntur dolorem porro.',117,218,32,1,'2017-03-27 01:03:54'),(75,91,'Dolorem enim autem fuga illo. Aut qui incidunt consequatur laboriosam sunt tempora. Non qui et nemo est est voluptatem quisquam. Deleniti vel voluptate et officiis pariatur cupiditate inventore.',286,151,13,2,'2021-01-02 13:38:02'),(76,77,'Expedita quaerat vero optio corporis. Qui velit accusantium unde. Eaque itaque labore corporis laboriosam error necessitatibus ut. Impedit dolorem consequuntur error nihil repellat.',79,102,68,1,'2018-07-19 13:56:26'),(77,11,'Consequatur laudantium eveniet sit assumenda consequuntur ullam aut. Eum alias quia eum. Animi aut dolore eos quia aperiam enim facere.',35,54,98,2,'2012-01-08 14:54:04'),(78,25,'Omnis nemo rerum velit sit. Aspernatur quidem dolores officia omnis aut quas.',438,214,89,2,'2011-06-25 18:21:41'),(79,92,'Vel beatae earum deserunt unde esse fugiat in delectus. Officiis rem quaerat id. Illo error qui quis nobis aut repellat suscipit in. Id maiores eveniet minima quidem.',86,157,49,2,'2015-03-20 15:01:31'),(80,84,'Consequatur odit quidem ipsam ut aspernatur culpa ut voluptate. Non ut ut autem enim dolores.',114,142,80,2,'2018-05-27 16:57:33'),(81,45,'Qui distinctio accusantium dolor soluta voluptatem eos. Eum voluptatem repellendus nihil debitis quibusdam. Repellendus et qui blanditiis quos voluptas ab cumque.',311,241,50,1,'2012-08-30 05:12:04'),(82,71,'Error et et amet laudantium dolores dolor. Velit ullam dolores debitis voluptas tempora iste et iste.',211,26,9,1,'2014-09-06 17:06:45'),(83,20,'Optio nemo voluptate doloribus aut atque quo nihil debitis. Consequatur numquam sequi sapiente exercitationem voluptates commodi temporibus vel. Ut dolorem incidunt omnis architecto maiores officia. Eaque voluptas iste est magnam.',124,156,97,2,'2013-05-03 12:07:15'),(84,86,'Voluptas dolor voluptas non odio delectus ut dolores. Alias iste modi ut aut. Laboriosam dolorem laborum in adipisci rerum sit temporibus.',485,205,56,2,'2011-06-01 12:56:06'),(85,69,'Corporis quas ut vitae animi non. Temporibus aut quo voluptatem officiis excepturi. Porro vero tempore accusamus.',51,53,90,1,'2018-05-18 00:30:48'),(86,86,'Impedit ut et ut consequuntur. Velit nesciunt distinctio repellat et voluptas. Impedit sit eaque ut culpa et inventore fugiat et. Pariatur sapiente repellat nisi provident quod quas fugiat. Eum eaque in labore aut molestias ut quia.',302,151,82,1,'2017-05-29 16:07:32'),(87,23,'Iste velit tempora voluptatum. Quis qui et ducimus velit possimus quia suscipit. Aut molestiae nostrum aliquam maxime consectetur praesentium. Et rem laudantium qui quia vel atque qui.',358,95,38,1,'2014-09-30 19:53:27'),(88,58,'Necessitatibus maxime at ex qui et. Magnam voluptas eos quos delectus consequatur. Cupiditate aut distinctio voluptas praesentium magnam. Tempora dolores et et tenetur deserunt id.',381,24,42,1,'2015-08-13 08:07:11'),(89,21,'Alias omnis illo occaecati adipisci. Eveniet enim laudantium molestias et. Id provident animi nam velit dolor veniam.',332,81,96,2,'2020-02-19 00:22:27'),(90,28,'Sunt sed enim aliquam officia voluptatibus dolor. Nisi minima iusto mollitia delectus accusantium earum voluptatem. Ipsam nobis sit accusamus voluptatem ipsum atque quis vel.',15,86,53,2,'2018-07-10 05:20:00'),(91,78,'Laudantium nisi doloribus doloremque itaque veritatis nam voluptas ullam. Quisquam nulla consectetur sit deserunt doloribus. Culpa inventore enim ducimus ex accusantium itaque aut.',78,184,79,1,'2020-06-12 07:56:13'),(92,6,'Est ex nobis harum est dolorum. A est aut magnam alias.',346,161,36,2,'2019-04-18 11:20:56'),(93,93,'Deleniti deserunt officiis et. Velit in cupiditate esse fuga. Et quis provident eum laborum.',496,3,41,1,'2015-03-26 13:20:15'),(94,47,'Ab ad illo recusandae ab molestiae ad recusandae. Reiciendis provident deleniti id sunt exercitationem. Quia modi blanditiis ea inventore quisquam. Dolores ipsa commodi velit est. Quod et eveniet aut quisquam.',441,32,96,2,'2020-05-04 11:46:37'),(95,57,'Fugit deserunt doloribus aut sapiente. Ut est eum earum rem. Animi et temporibus eaque nesciunt quis et. Quia aut dolores a non cupiditate deserunt.',216,149,57,1,'2013-05-03 10:43:57'),(96,42,'Ut est fugit soluta aliquam veritatis eligendi. Nihil architecto tempore est deserunt delectus mollitia corrupti. Voluptatem sed blanditiis ab qui. Non eveniet sit quas autem est ut mollitia aut.',255,151,95,1,'2021-01-21 02:15:30'),(97,37,'Laborum maiores aliquam deleniti libero non ab amet. Quisquam qui ratione ut qui nihil nesciunt voluptate. Architecto reiciendis quod aut error est. Eveniet eos nihil quia aliquid dolorum vero architecto.',126,55,4,1,'2013-11-17 19:31:36'),(98,61,'Rem non doloremque cum. Quos eum repellat labore consequatur est quia.',367,74,36,2,'2017-06-30 14:31:43'),(99,92,'Id a sapiente et quasi. Accusamus cupiditate quod ratione vel culpa sint iure. Nobis odio ipsum ab itaque at quos aut eaque. Et labore consectetur possimus error.',457,203,68,1,'2012-12-01 01:51:55'),(100,79,'Necessitatibus earum officiis et vitae odio ea dolores. Libero ut placeat optio. Aut dolore odio occaecati et id rerum. Repellat voluptatum nobis ut qui.',182,41,32,2,'2013-10-31 17:54:57');
/*!40000 ALTER TABLE `reviews` ENABLE KEYS */;
UNLOCK TABLES;

--
-- Table structure for table `series`
--

DROP TABLE IF EXISTS `series`;
/*!40101 SET @saved_cs_client     = @@character_set_client */;
/*!50503 SET character_set_client = utf8mb4 */;
CREATE TABLE `series` (
  `id` int unsigned NOT NULL AUTO_INCREMENT COMMENT '╨Ш╨┤╨╡╨╜╤В╨╕╤Д╨╕╨║╨░╤В╨╛╤А ╤Б╤В╤А╨╛╨║╨╕',
  `name` varchar(255) CHARACTER SET utf8mb4 COLLATE utf8mb4_unicode_ci NOT NULL COMMENT '╨Э╨░╨╖╨▓╨░╨╜╨╕╨╡ ╤Б╨╡╤А╨╕╨╕ ╨║╨╜╨╕╨│',
  PRIMARY KEY (`id`),
  UNIQUE KEY `name` (`name`)
) ENGINE=InnoDB AUTO_INCREMENT=101 DEFAULT CHARSET=utf8mb4 COLLATE=utf8mb4_unicode_ci COMMENT='╨б╨╡╤А╨╕╨╕ ╨║╨╜╨╕╨│';
/*!40101 SET character_set_client = @saved_cs_client */;

--
-- Dumping data for table `series`
--

LOCK TABLES `series` WRITE;
/*!40000 ALTER TABLE `series` DISABLE KEYS */;
INSERT INTO `series` VALUES (99,'a'),(52,'accusamus'),(3,'accusantium'),(58,'ad'),(38,'aliquid'),(85,'amet'),(69,'animi'),(65,'aperiam'),(75,'architecto'),(90,'at'),(98,'atque'),(43,'aut'),(16,'blanditiis'),(93,'consectetur'),(14,'consequatur'),(22,'consequuntur'),(54,'corporis'),(2,'corrupti'),(64,'culpa'),(39,'cupiditate'),(33,'dolorem'),(84,'doloremque'),(13,'dolores'),(30,'doloribus'),(74,'dolorum'),(81,'ducimus'),(34,'ea'),(31,'enim'),(1,'eos'),(46,'error'),(47,'est'),(18,'et'),(20,'eum'),(49,'exercitationem'),(6,'explicabo'),(56,'facere'),(19,'facilis'),(15,'hic'),(82,'illo'),(62,'impedit'),(80,'in'),(37,'iste'),(67,'itaque'),(50,'iure'),(71,'laborum'),(94,'libero'),(96,'magni'),(76,'maiores'),(36,'minima'),(57,'minus'),(66,'molestiae'),(11,'molestias'),(100,'nam'),(35,'natus'),(44,'neque'),(40,'nesciunt'),(27,'nisi'),(86,'non'),(95,'nostrum'),(79,'numquam'),(45,'occaecati'),(48,'odio'),(7,'officia'),(23,'omnis'),(25,'perferendis'),(70,'perspiciatis'),(10,'placeat'),(89,'possimus'),(87,'praesentium'),(51,'quam'),(73,'quasi'),(12,'qui'),(26,'quia'),(41,'quis'),(24,'quo'),(72,'quos'),(78,'ratione'),(68,'recusandae'),(42,'reiciendis'),(97,'repellat'),(63,'repellendus'),(4,'rerum'),(59,'saepe'),(92,'sapiente'),(21,'sequi'),(91,'similique'),(29,'sint'),(55,'sit'),(77,'suscipit'),(61,'temporibus'),(28,'ut'),(60,'vel'),(83,'velit'),(53,'vero'),(17,'voluptas'),(8,'voluptate'),(88,'voluptatem'),(5,'voluptates'),(32,'voluptatibus'),(9,'voluptatum');
/*!40000 ALTER TABLE `series` ENABLE KEYS */;
UNLOCK TABLES;

--
-- Table structure for table `target_types`
--

DROP TABLE IF EXISTS `target_types`;
/*!40101 SET @saved_cs_client     = @@character_set_client */;
/*!50503 SET character_set_client = utf8mb4 */;
CREATE TABLE `target_types` (
  `id` int unsigned NOT NULL,
  `name` varchar(255) NOT NULL,
  `created_at` datetime DEFAULT CURRENT_TIMESTAMP,
  PRIMARY KEY (`id`),
  UNIQUE KEY `name` (`name`)
) ENGINE=InnoDB DEFAULT CHARSET=utf8mb4 COLLATE=utf8mb4_0900_ai_ci;
/*!40101 SET character_set_client = @saved_cs_client */;

--
-- Dumping data for table `target_types`
--

LOCK TABLES `target_types` WRITE;
/*!40000 ALTER TABLE `target_types` DISABLE KEYS */;
INSERT INTO `target_types` VALUES (1,'Автор','2021-04-26 18:49:02'),(2,'Книга','2021-04-26 18:49:02');
/*!40000 ALTER TABLE `target_types` ENABLE KEYS */;
UNLOCK TABLES;

--
-- Table structure for table `tegs`
--

DROP TABLE IF EXISTS `tegs`;
/*!40101 SET @saved_cs_client     = @@character_set_client */;
/*!50503 SET character_set_client = utf8mb4 */;
CREATE TABLE `tegs` (
  `id` int unsigned NOT NULL AUTO_INCREMENT COMMENT '╨Ш╨┤╨╡╨╜╤В╨╕╤Д╨╕╨║╨░╤В╨╛╤А ╤Б╤В╤А╨╛╨║╨╕',
  `name` varchar(255) CHARACTER SET utf8mb4 COLLATE utf8mb4_unicode_ci NOT NULL COMMENT '╨Э╨░╨╖╨▓╨░╨╜╨╕╨╡ ╤В╨╡╨│╨░',
  PRIMARY KEY (`id`),
  UNIQUE KEY `name` (`name`)
) ENGINE=InnoDB AUTO_INCREMENT=101 DEFAULT CHARSET=utf8mb4 COLLATE=utf8mb4_unicode_ci COMMENT='╨в╨╡╨│╨╕';
/*!40101 SET character_set_client = @saved_cs_client */;

--
-- Dumping data for table `tegs`
--

LOCK TABLES `tegs` WRITE;
/*!40000 ALTER TABLE `tegs` DISABLE KEYS */;
INSERT INTO `tegs` VALUES (90,'a'),(31,'ab'),(21,'accusamus'),(39,'adipisci'),(84,'amet'),(43,'atque'),(5,'aut'),(45,'autem'),(36,'commodi'),(55,'consequuntur'),(66,'delectus'),(83,'deleniti'),(6,'dicta'),(54,'distinctio'),(7,'dolor'),(87,'doloremque'),(50,'doloribus'),(1,'ducimus'),(93,'ea'),(98,'eius'),(53,'eos'),(56,'error'),(41,'esse'),(29,'est'),(32,'et'),(12,'eum'),(67,'eveniet'),(13,'explicabo'),(75,'facere'),(47,'fugiat'),(59,'fugit'),(11,'harum'),(63,'hic'),(100,'illo'),(82,'illum'),(71,'in'),(46,'ipsa'),(62,'ipsam'),(95,'ipsum'),(37,'itaque'),(4,'iure'),(30,'iusto'),(77,'laboriosam'),(24,'laborum'),(70,'laudantium'),(27,'magnam'),(86,'minima'),(85,'modi'),(14,'molestiae'),(65,'mollitia'),(99,'nam'),(94,'nemo'),(19,'neque'),(17,'nihil'),(78,'nisi'),(79,'non'),(69,'nostrum'),(76,'nulla'),(42,'officia'),(33,'officiis'),(34,'omnis'),(60,'optio'),(96,'pariatur'),(8,'placeat'),(49,'porro'),(10,'possimus'),(58,'praesentium'),(23,'provident'),(48,'qui'),(25,'quia'),(20,'quibusdam'),(57,'quis'),(3,'quo'),(16,'recusandae'),(22,'repellat'),(35,'repellendus'),(28,'reprehenderit'),(73,'repudiandae'),(80,'rerum'),(72,'sed'),(51,'sequi'),(15,'similique'),(91,'sit'),(74,'soluta'),(81,'temporibus'),(89,'tenetur'),(26,'totam'),(64,'unde'),(9,'ut'),(68,'vel'),(40,'velit'),(88,'veniam'),(61,'vero'),(97,'vitae'),(38,'voluptas'),(92,'voluptate'),(18,'voluptatem'),(44,'voluptates'),(2,'voluptatibus'),(52,'voluptatum');
/*!40000 ALTER TABLE `tegs` ENABLE KEYS */;
UNLOCK TABLES;

--
-- Table structure for table `tegs_books`
--

DROP TABLE IF EXISTS `tegs_books`;
/*!40101 SET @saved_cs_client     = @@character_set_client */;
/*!50503 SET character_set_client = utf8mb4 */;
CREATE TABLE `tegs_books` (
  `teg_id` int unsigned NOT NULL COMMENT '╨б╤Б╤Л╨╗╨║╨░ ╨╜╨░ ╤А╨░╤Б╤Б╤Л╨╗╨║╤Г',
  `book_id` int unsigned NOT NULL COMMENT '╨б╤Б╤Л╨╗╨║╨░ ╨╜╨░ ╨┐╨╛╨╗╤М╨╖╨╛╨▓╨░╤В╨╡╨╗╤П',
  `created_at` datetime DEFAULT CURRENT_TIMESTAMP COMMENT '╨Т╤А╨╡╨╝╤П ╤Б╨╛╨╖╨┤╨░╨╜╨╕╤П ╤Б╤В╤А╨╛╨║╨╕',
  PRIMARY KEY (`teg_id`,`book_id`) COMMENT '╨б╨╛╤Б╤В╨░╨▓╨╜╨╛╨╣ ╨┐╨╡╤А╨▓╨╕╤З╨╜╤Л╨╣ ╨║╨╗╤О╤З'
) ENGINE=InnoDB DEFAULT CHARSET=utf8mb4 COLLATE=utf8mb4_unicode_ci COMMENT='╨в╨╡╨│╨╕ ╨║╨╜╨╕╨│, ╤Б╨▓╤П╨╖╤М ╨╝╨╡╨╢╨┤╤Г ╤В╨╡╨│╨░╨╝╨╕ ╨╕ ╨║╨╜╨╕╨│╨░╨╝╨╕';
/*!40101 SET character_set_client = @saved_cs_client */;

--
-- Dumping data for table `tegs_books`
--

LOCK TABLES `tegs_books` WRITE;
/*!40000 ALTER TABLE `tegs_books` DISABLE KEYS */;
INSERT INTO `tegs_books` VALUES (1,84,'2016-08-10 10:50:52'),(3,78,'2017-06-09 16:35:40'),(4,36,'2015-07-15 10:49:00'),(7,48,'2014-03-04 06:14:52'),(9,4,'2012-08-17 04:22:33'),(9,30,'2016-02-22 22:40:13'),(11,30,'2012-08-04 19:05:10'),(11,40,'2012-12-07 17:51:07'),(12,6,'2013-08-04 04:46:00'),(14,12,'2017-10-08 09:35:45'),(14,41,'2019-05-23 08:10:16'),(15,67,'2013-03-29 11:43:57'),(18,11,'2020-05-12 12:58:43'),(18,19,'2013-05-24 16:55:43'),(18,36,'2021-03-10 08:46:38'),(18,54,'2018-04-22 19:21:28'),(18,85,'2014-07-02 11:38:28'),(19,67,'2019-10-05 00:43:26'),(19,81,'2020-12-25 04:02:14'),(20,3,'2012-05-29 06:19:00'),(20,70,'2020-08-15 03:58:47'),(23,42,'2016-01-07 08:11:19'),(23,73,'2013-10-07 02:58:13'),(23,100,'2015-07-08 20:03:21'),(24,63,'2019-06-24 16:31:14'),(24,96,'2021-01-24 12:43:06'),(26,90,'2011-05-25 17:38:29'),(28,32,'2011-08-01 22:13:10'),(28,60,'2019-07-08 20:54:04'),(29,77,'2018-12-25 22:50:09'),(31,16,'2016-02-12 14:04:11'),(31,90,'2019-11-21 13:14:35'),(35,12,'2011-11-05 13:38:33'),(37,11,'2013-11-10 00:00:18'),(37,19,'2019-05-06 01:08:01'),(38,51,'2019-03-15 07:54:56'),(38,62,'2018-01-01 14:23:59'),(39,69,'2012-01-15 09:52:50'),(39,93,'2020-05-06 21:47:46'),(40,8,'2014-10-12 09:46:30'),(40,58,'2017-05-07 12:52:23'),(42,66,'2016-01-13 08:53:04'),(46,8,'2016-01-07 07:18:29'),(47,39,'2014-07-02 07:05:01'),(51,33,'2016-10-26 09:37:16'),(51,54,'2019-02-14 12:43:29'),(51,70,'2014-06-14 05:35:40'),(52,70,'2017-05-19 09:54:53'),(53,90,'2020-05-14 20:07:39'),(54,14,'2015-05-01 08:16:13'),(54,37,'2011-12-15 19:51:31'),(57,51,'2013-09-28 03:01:26'),(57,59,'2011-09-02 03:58:14'),(58,42,'2018-07-23 19:54:24'),(58,79,'2014-07-25 21:46:31'),(59,72,'2020-05-11 06:24:41'),(61,32,'2014-09-23 15:22:49'),(63,27,'2020-12-15 04:16:04'),(63,45,'2015-03-18 23:23:09'),(64,16,'2012-07-27 03:08:30'),(64,81,'2015-08-19 09:04:17'),(64,99,'2011-09-27 15:44:48'),(65,33,'2018-07-27 00:46:30'),(65,55,'2014-09-05 15:18:28'),(66,100,'2017-06-20 20:44:12'),(67,91,'2014-02-28 17:02:32'),(67,98,'2014-06-17 18:33:33'),(67,100,'2019-08-25 10:29:38'),(69,22,'2012-04-06 16:07:26'),(69,32,'2017-04-12 22:34:31'),(69,59,'2011-11-21 10:26:29'),(71,93,'2011-11-12 15:30:46'),(72,57,'2013-08-02 10:59:25'),(72,67,'2016-09-19 12:41:09'),(72,85,'2018-11-14 17:10:32'),(73,55,'2014-07-04 21:48:28'),(74,15,'2018-01-17 05:59:23'),(74,16,'2021-04-04 11:28:56'),(75,27,'2018-02-01 20:25:00'),(80,88,'2020-06-12 02:30:46'),(82,60,'2018-08-25 05:33:14'),(83,33,'2016-12-03 09:07:07'),(83,37,'2012-09-09 19:22:30'),(83,87,'2019-11-13 12:32:02'),(84,11,'2017-08-17 12:29:08'),(84,21,'2017-03-19 22:09:27'),(84,95,'2016-01-16 12:48:10'),(85,18,'2014-11-20 12:48:53'),(85,70,'2019-11-20 09:39:15'),(86,77,'2017-01-21 01:15:22'),(87,24,'2019-02-15 15:35:21'),(87,31,'2019-03-17 20:15:45'),(89,25,'2012-11-07 03:17:42'),(89,52,'2012-02-05 14:22:53'),(91,64,'2012-03-19 06:01:17'),(91,84,'2017-04-07 13:46:17'),(92,44,'2013-02-08 16:43:13'),(92,67,'2011-06-28 13:35:53'),(95,19,'2013-06-08 06:17:47'),(100,62,'2016-11-02 16:38:22');
/*!40000 ALTER TABLE `tegs_books` ENABLE KEYS */;
UNLOCK TABLES;

--
-- Table structure for table `users`
--

DROP TABLE IF EXISTS `users`;
/*!40101 SET @saved_cs_client     = @@character_set_client */;
/*!50503 SET character_set_client = utf8mb4 */;
CREATE TABLE `users` (
  `id` int unsigned NOT NULL AUTO_INCREMENT COMMENT '╨Ш╨┤╨╡╨╜╤В╨╕╤Д╨╕╨║╨░╤В╨╛╤А ╤Б╤В╤А╨╛╨║╨╕',
  `first_name` varchar(100) CHARACTER SET utf8mb4 COLLATE utf8mb4_unicode_ci NOT NULL COMMENT '╨Ш╨╝╤П ╨┐╨╛╨╗╤М╨╖╨╛╨▓╨░╤В╨╡╨╗╤П',
  `last_name` varchar(100) CHARACTER SET utf8mb4 COLLATE utf8mb4_unicode_ci NOT NULL COMMENT '╨д╨░╨╝╨╕╨╗╨╕╤П ╨┐╨╛╨╗╤М╨╖╨╛╨▓╨░╤В╨╡╨╗╤П',
  `nickname` varchar(100) CHARACTER SET utf8mb4 COLLATE utf8mb4_unicode_ci NOT NULL COMMENT '╨Я╤Б╨╡╨▓╨╛╨┤╨╜╨╕╨╝ ╨┐╨╛╨╗╤М╨╖╨╛╨▓╨░╤В╨╡╨╗╤П',
  `birthday` date DEFAULT NULL COMMENT '╨Ф╨░╤В╨░ ╤А╨╛╨╢╨┤╨╡╨╜╨╕╤П',
  `about` text CHARACTER SET utf8mb4 COLLATE utf8mb4_unicode_ci NOT NULL COMMENT '╨Ш╨╜╤Д╨╛╤А╨╝╨░╤Ж╨╕╤П ╨╛ ╨┐╨╛╨╗╤М╨╖╨╛╨▓╨░╤В╨╡╨╗╨╡',
  `email` varchar(100) CHARACTER SET utf8mb4 COLLATE utf8mb4_unicode_ci NOT NULL COMMENT '╨Я╨╛╤З╤В╨░',
  `phone` varchar(100) CHARACTER SET utf8mb4 COLLATE utf8mb4_unicode_ci NOT NULL COMMENT '╨в╨╡╨╗╨╡╤Д╨╛╨╜',
  `adult_content_restriction` tinyint(1) DEFAULT NULL COMMENT '╨Ю╨│╤А╨░╨╜╨╕╤З╨╡╨╜╨╕╨╡ ╨╜╨░ ╨┐╨╛╨║╨░╨╖ ╨▓╨╖╤А╨╛╨╗╨╛╨│╨╛ ╨║╨╛╨╜╤В╨╡╨╜╤В╨░',
  `bonus_card_id` int unsigned NOT NULL COMMENT '╨б╤Б╤Л╨╗╨║╨░ ╨╜╨░ ╤В╨╕╨┐ ╨▒╨╛╨╜╤Г╤Б╨╜╨╛╨╣ ╨║╨░╤А╤В╤Л',
  `created_at` datetime DEFAULT CURRENT_TIMESTAMP COMMENT '╨Т╤А╨╡╨╝╤П ╤Б╨╛╨╖╨┤╨░╨╜╨╕╤П ╤Б╤В╤А╨╛╨║╨╕',
  `updated_at` datetime DEFAULT CURRENT_TIMESTAMP ON UPDATE CURRENT_TIMESTAMP COMMENT '╨Т╤А╨╡╨╝╤П ╨╛╨▒╨╜╨╛╨▓╨╗╨╡╨╜╨╕╤П ╤Б╤В╤А╨╛╨║╨╕',
  PRIMARY KEY (`id`),
  UNIQUE KEY `email` (`email`),
  UNIQUE KEY `phone` (`phone`)
) ENGINE=InnoDB AUTO_INCREMENT=101 DEFAULT CHARSET=utf8mb4 COLLATE=utf8mb4_unicode_ci COMMENT='╨Я╨╛╨╗╤М╨╖╨╛╨▓╨░╤В╨╡╨╗╨╕';
/*!40101 SET character_set_client = @saved_cs_client */;

--
-- Dumping data for table `users`
--

LOCK TABLES `users` WRITE;
/*!40000 ALTER TABLE `users` DISABLE KEYS */;
INSERT INTO `users` VALUES (1,'Geovany','Waters','Darrel Barrows','2000-04-20','Quis et ullam suscipit in ipsum ab.','ulises80@example.org','(785)547-9204x132',1,3,'2017-11-28 16:24:47','2021-04-26 18:46:43'),(2,'Carlie','Cole','Colton Mann','2013-01-10','Distinctio autem odit sed dolore omnis.','ova27@example.org','(831)422-1819x85764',0,12,'2016-04-13 18:02:53','2021-04-26 18:46:43'),(3,'Alyce','Kovacek','Scarlett Schmitt','1989-11-06','Architecto aliquid sunt iusto et.','tatyana98@example.net','+18(2)7297917784',1,5,'2016-10-06 01:42:53','2021-04-26 18:46:43'),(4,'Kaylee','Labadie','Remington Will','2009-10-21','Officia dolorum earum et non a.','parker.abdiel@example.com','644-884-0048',0,4,'2013-04-01 15:12:42','2014-06-08 01:07:14'),(5,'Dorian','Barrows','Kiley Smith Jr.','1976-09-04','Atque dolores voluptatem aperiam ullam consectetur.','williamson.ned@example.net','916.262.7642',0,6,'2012-06-20 09:26:04','2021-04-26 18:46:43'),(6,'Magnus','Blick','Angie Hintz','2006-11-08','Rerum tenetur excepturi ea atque aut.','ericka80@example.org','1-279-484-5348',0,1,'2013-02-11 15:38:11','2021-04-26 18:46:43'),(7,'Kaycee','Mante','Aryanna Koelpin','2007-09-28','Iure corporis laboriosam et veniam nemo.','camille38@example.net','893.512.2493x80439',0,3,'2015-04-30 22:14:47','2021-04-26 18:46:43'),(8,'Xzavier','Champlin','Ms. Maureen Reichel','1970-08-25','Nam esse ea eum est ullam et.','cassandre16@example.net','070.156.8609x50972',1,11,'2012-09-20 22:56:32','2021-04-26 18:46:43'),(9,'Spencer','Champlin','Mireille Kessler PhD','1986-12-19','Fugit consequatur similique similique a in error sit.','blanda.ottis@example.net','1-278-972-3926',1,3,'2013-07-25 01:28:41','2021-04-26 18:46:43'),(10,'Brennan','Schneider','Ms. Gisselle Schowalter II','1975-01-18','Hic sit animi porro numquam.','tia.johns@example.com','(154)307-6575x6897',1,11,'2012-10-13 22:42:30','2021-04-26 18:46:43'),(11,'Saul','Corwin','Mr. Johnathon Gleichner I','2005-06-23','Est vero pariatur alias porro.','jade.vonrueden@example.net','07463509382',0,3,'2017-08-17 02:49:39','2021-04-26 18:46:43'),(12,'Vance','Harvey','Harry Orn','1993-01-21','Dignissimos in quia sed et vel cum odio.','robel.colton@example.net','1-773-777-3780x82302',1,8,'2017-11-16 13:00:34','2021-04-26 18:46:43'),(13,'Earlene','Medhurst','Meta Cremin','1972-09-07','Magni tempore ut qui consequatur aspernatur nesciunt a.','nwisoky@example.com','025-842-6288',1,2,'2017-04-08 16:06:26','2021-04-26 18:46:43'),(14,'Devante','McLaughlin','Miss Trudie Rosenbaum V','1999-04-21','Possimus voluptatem perferendis distinctio quasi nostrum placeat eaque.','alice.wehner@example.com','137-360-9275x982',0,1,'2018-09-22 03:44:21','2021-04-26 18:46:43'),(15,'Ezekiel','Walter','Mariah Sipes','1975-07-31','Autem possimus quis non iste reiciendis sit.','damian93@example.org','+98(7)6758162713',0,11,'2013-01-11 07:21:21','2021-04-26 18:46:43'),(16,'Ayana','Sipes','Mr. Johnathan Keeling DDS','2009-02-03','Sed velit a eum autem quos consequatur voluptates.','miller.jayme@example.net','1-102-630-1105',1,9,'2011-07-22 03:33:03','2021-04-26 18:46:43'),(17,'Marc','Thiel','Norene Tillman','2016-07-28','Optio omnis iusto facilis quibusdam ea a.','claud.daugherty@example.org','805.813.5824',0,13,'2016-06-18 00:34:45','2021-04-26 18:46:43'),(18,'Daisy','Hauck','Dr. Tia Jenkins','2003-10-26','Rerum a cum praesentium fugiat occaecati vel.','tia53@example.com','635-929-4006',1,7,'2013-09-26 17:48:29','2021-04-26 18:46:43'),(19,'Harvey','Fadel','Andre Runte','2016-11-20','Nemo quo fugit ipsum voluptas aut saepe.','kacey40@example.net','741.226.1636x016',1,13,'2014-10-26 19:56:22','2021-04-26 18:46:43'),(20,'Michel','Wiza','Sharon Berge','1997-07-03','Quia rerum rem atque expedita consequatur et reprehenderit totam.','wiegand.syble@example.com','(176)954-5990',0,13,'2017-02-26 03:33:50','2021-04-26 18:46:43'),(21,'Taryn','Doyle','Prof. Arch Ratke','2018-05-17','Et qui dolorem autem voluptas natus ut optio.','khegmann@example.net','1-559-648-8209',0,10,'2018-03-15 11:12:37','2021-04-26 18:46:43'),(22,'Alden','Walker','Koby Rolfson IV','2016-10-21','Provident sit tempore consectetur eveniet omnis quia eaque.','emmett.treutel@example.net','07239752569',0,14,'2020-12-05 16:18:31','2021-04-26 18:46:43'),(23,'Durward','Reilly','Alexys Parisian','1974-07-27','Omnis sit aut hic assumenda.','sunny.friesen@example.org','1-109-513-0333',0,9,'2019-01-27 20:10:49','2021-04-26 18:46:43'),(24,'Antoinette','Mueller','Chris Mayer DDS','1996-08-22','Quis molestiae repudiandae quas.','willow.wyman@example.org','(927)269-7805x9772',1,3,'2016-06-03 16:56:30','2021-04-26 18:46:43'),(25,'Dorothea','Wilkinson','Gust Beier V','2018-11-08','Facere error laudantium laborum.','ospinka@example.net','(820)775-0925x3450',0,2,'2020-07-28 01:16:53','2021-04-26 18:46:43'),(26,'Darrion','Trantow','Marcelo Walker MD','1971-07-20','Iure a qui cumque et voluptatum dolorum nihil non.','lweimann@example.org','(156)035-2954',1,1,'2020-12-29 10:19:43','2021-04-26 18:46:43'),(27,'Alejandrin','Mueller','Miss Liana Tillman','2017-12-15','Enim ut corrupti aut inventore.','jruecker@example.org','680-501-2505',0,14,'2011-11-13 12:28:16','2021-04-26 18:46:43'),(28,'Damion','Cremin','Jovany Mayert','1986-06-24','Est officiis sed quo et quos et ullam.','caesar.mante@example.org','1-651-662-4952x92841',1,8,'2019-06-04 01:46:31','2021-04-26 18:46:47'),(29,'Rollin','Huels','Tania Dach','1996-03-04','Eos eum facilis velit non qui.','saul36@example.com','1-914-464-2038x629',0,14,'2015-08-15 01:12:50','2021-04-26 18:46:43'),(30,'Lila','Lang','Dr. Cloyd Heathcote','1979-12-05','Hic voluptates in consequatur repellat.','nolan.jamel@example.com','(584)401-2921',1,14,'2014-09-18 08:09:23','2021-04-26 18:46:43'),(31,'Nikita','Ryan','Dr. Pinkie Fahey II','1976-01-25','Expedita quis rerum et quia.','oran.christiansen@example.com','1-861-837-6964x347',0,2,'2019-01-08 07:03:35','2021-04-26 18:46:43'),(32,'Constance','Volkman','Ms. Emely Raynor Jr.','1975-07-13','Animi quos voluptates qui aut eos et esse.','ctowne@example.org','297-202-7429',1,9,'2012-11-16 07:16:39','2021-04-26 18:46:43'),(33,'Robyn','Ernser','Miss Madelynn Renner','1984-02-12','Soluta aliquam blanditiis est nisi esse doloribus.','collins.haven@example.net','453-959-2813x80547',0,9,'2020-08-18 09:00:14','2021-04-26 18:46:43'),(34,'Everette','Cassin','Katrina Murray III','1988-04-22','Esse dicta eius neque aut officiis dignissimos voluptatem.','ikovacek@example.net','04787371737',0,3,'2014-02-13 16:02:44','2021-04-26 18:46:43'),(35,'Rosendo','Keebler','Mr. Trenton Bernier III','2002-06-06','Dolor voluptatibus quis nisi non autem magni.','graham.seamus@example.org','+28(5)3992219441',1,3,'2018-04-10 16:03:51','2021-04-26 18:46:43'),(36,'Garnett','Hartmann','Veronica Huels','2002-09-29','Debitis eligendi in minus.','xskiles@example.org','1-802-636-3831x58278',0,5,'2020-06-14 11:38:26','2021-04-26 18:46:43'),(37,'Shawn','Dooley','Hyman Bogisich','1983-11-14','Voluptatum natus quis fuga dolore sed et velit quod.','brian.murphy@example.net','00278330629',0,2,'2019-12-19 22:33:57','2021-04-26 18:46:43'),(38,'Krystina','Price','Brook Bechtelar PhD','1973-04-28','Rerum sequi vitae nemo et nesciunt alias molestiae unde.','rhirthe@example.org','877-828-6890x95284',1,9,'2012-09-08 13:14:54','2021-04-26 18:46:43'),(39,'Douglas','Reichel','Brody Cartwright','2020-03-13','Quia consequatur qui vel sit expedita ducimus.','kbraun@example.com','511-560-3195x8691',1,10,'2021-03-30 17:07:20','2021-04-26 18:46:43'),(40,'Ana','Von','Lavina Bruen','1974-12-23','Nihil excepturi voluptatem corrupti.','gbogan@example.org','1-850-052-1090x392',0,10,'2019-09-11 10:03:46','2021-04-26 18:46:47'),(41,'Beau','Reichert','Douglas Greenholt IV','1984-10-01','Error error nulla vero aut.','rframi@example.net','298-028-8367x81626',1,3,'2016-08-23 19:10:39','2021-04-26 18:46:43'),(42,'Royal','Schmeler','Sherman Parker','1976-12-26','Sint voluptas dicta ducimus in tempore minus ut.','gladyce88@example.net','333-728-3817',1,12,'2020-03-01 07:55:55','2021-04-26 18:46:43'),(43,'Ethel','Bahringer','Arvel Gislason','2020-07-23','Sint aliquid et voluptates numquam delectus.','abigail.klocko@example.net','+98(7)0937350361',0,11,'2012-10-17 03:23:52','2021-04-26 18:46:43'),(44,'Gideon','Corkery','Olga Kovacek','2003-09-14','Nemo et voluptatem ea.','lrempel@example.com','1-037-410-8258x1014',0,5,'2021-02-26 12:14:51','2021-04-26 18:46:43'),(45,'Lonny','Brekke','Mr. Zakary Davis','1990-02-16','Dolores id voluptatum odio repudiandae cupiditate placeat et.','spencer.ewell@example.org','1-170-480-4522',1,4,'2013-07-23 19:10:17','2021-04-26 18:46:43'),(46,'Daphnee','Tremblay','Ms. Maya Lowe I','2014-01-19','Exercitationem totam nemo molestiae iusto accusamus perspiciatis.','hintz.dangelo@example.net','023-958-3860x643',0,5,'2018-04-12 20:59:12','2021-04-26 18:46:43'),(47,'Jace','Tremblay','Michelle Abshire','1994-05-25','Quo veniam consequatur ut accusantium qui qui.','keanu01@example.net','376.865.2806x54388',1,11,'2017-11-01 03:56:21','2021-04-26 18:46:43'),(48,'Bennie','Harvey','Serenity Kuhlman DDS','1982-10-21','Ipsum ratione ut a dolore illo.','verdie.altenwerth@example.org','753.300.3699x85000',0,10,'2019-02-15 07:36:40','2021-04-26 18:46:43'),(49,'Ima','Padberg','Miss Nelle Terry III','1988-01-24','Non magni perspiciatis ut excepturi.','daren.wilderman@example.net','655.921.1380',1,6,'2019-07-09 23:15:29','2021-04-26 18:46:43'),(50,'Sylvan','McCullough','Mr. Bradford Mayer V','1988-03-12','Esse unde est debitis explicabo.','mbrown@example.com','963-591-3880',0,11,'2017-10-25 09:19:42','2021-04-26 18:46:43'),(51,'Tavares','Nader','Amanda McLaughlin','1990-10-21','Repellendus est nesciunt modi ea.','jany.grimes@example.org','036.185.2720x5509',1,9,'2012-12-04 14:55:45','2021-04-26 18:46:43'),(52,'Kareem','Lindgren','Eunice Nicolas','1983-01-30','Facilis minima laboriosam qui aut facilis qui.','jackie45@example.com','(920)994-3087x1262',0,12,'2014-12-13 00:17:41','2021-04-26 18:46:43'),(53,'Geovanny','Carroll','Coy Hessel','1987-03-05','Nam eius voluptate rerum corrupti.','john.hansen@example.net','(367)348-1244',0,3,'2014-10-20 12:06:56','2017-12-21 12:24:57'),(54,'Miguel','Murphy','Wilmer Feil','1992-06-16','Accusantium magnam atque voluptatem nostrum beatae eos voluptatem.','tanya.goldner@example.org','(152)725-2863x676',1,8,'2013-08-20 09:46:17','2021-04-26 18:46:43'),(55,'Khalil','Abernathy','Era Turner','2013-06-11','Illum tempora et sit et et reprehenderit.','stehr.raegan@example.net','00936133353',0,14,'2016-11-30 08:01:04','2021-04-26 18:46:43'),(56,'Grady','Jaskolski','Ford Kunde','1978-10-05','Impedit dolore soluta vel magni est iure omnis iure.','tromp.gunnar@example.com','(859)808-1188x5289',1,6,'2020-05-18 14:19:43','2021-04-26 18:46:47'),(57,'Laverne','Sawayn','Prof. Americo Farrell','1979-07-21','Illo qui officia facere qui laborum et fugiat ab.','adelbert.mante@example.net','(195)642-9719x774',1,1,'2011-10-25 08:36:05','2021-04-26 18:46:43'),(58,'Faustino','Lind','Lucile Kozey Jr.','1993-11-07','Non id perferendis eius veritatis ipsam neque et.','bailee.torphy@example.com','1-821-422-9101x8309',1,1,'2016-03-13 14:11:02','2021-04-26 18:46:43'),(59,'Treva','Kris','Miss Genesis Hamill','2004-02-29','Nesciunt modi minus tenetur id ullam.','tlesch@example.com','912-627-2031x59200',1,2,'2018-04-13 22:10:02','2021-04-26 18:46:43'),(60,'Emanuel','Langosh','Prof. Dax Reinger Jr.','1994-10-24','Eligendi quod ad sint vero ut vitae illo.','senger.hertha@example.com','1-980-781-4607',1,7,'2016-03-18 02:01:55','2021-04-26 18:46:43'),(61,'Gladys','Lehner','Einar Mayert','2001-12-16','Officia ut voluptas animi commodi quidem.','hortense.homenick@example.com','(530)836-5654x738',1,2,'2014-08-16 18:00:55','2021-04-26 18:46:43'),(62,'Raymundo','Goyette','Junius Toy','1973-09-28','Harum corrupti dolorem pariatur molestias et reiciendis ex.','qkonopelski@example.org','(072)364-2127',1,13,'2015-03-19 05:27:56','2021-04-26 18:46:43'),(63,'Bradford','Macejkovic','Chanel Hirthe MD','1973-01-27','Accusamus et perferendis dignissimos.','lazaro93@example.com','(311)286-1291',1,6,'2015-09-03 16:25:09','2021-04-26 18:46:43'),(64,'Austin','Adams','Prof. Quentin Kertzmann I','2009-03-27','Voluptatem est eum vero quis.','klocko.cordia@example.com','1-294-690-9018x15431',0,2,'2020-12-04 12:58:29','2021-04-26 18:46:43'),(65,'Kailee','Boyer','Jarrett Gutkowski','1976-06-14','Qui dolores in esse totam recusandae.','vonrueden.parker@example.com','(658)457-5540x583',1,4,'2011-08-14 03:04:08','2021-04-26 18:46:43'),(66,'Camilla','Towne','Eleanore Pollich','2005-03-09','Quis sint libero delectus.','gorczany.tina@example.net','1-480-906-8492x6932',1,3,'2020-10-05 13:55:47','2021-04-26 18:46:43'),(67,'Daphnee','Rodriguez','Mr. Tyrell Homenick I','1981-05-19','Libero qui quia ut quasi.','xmurazik@example.net','1-792-931-1106x01639',0,1,'2011-10-27 07:32:35','2021-04-26 18:46:43'),(68,'Hollis','Denesik','Gaetano Wuckert PhD','2005-01-11','Quia nihil a quaerat corporis.','winfield72@example.net','01448294078',1,10,'2012-03-01 14:32:16','2021-04-26 18:46:43'),(69,'Grover','Jacobson','Theo Marvin Jr.','2018-05-07','Amet omnis accusamus molestias id.','jayce.towne@example.org','697.589.7280x986',0,6,'2016-07-28 22:58:01','2021-04-26 18:46:43'),(70,'Tracey','Metz','Alec Glover DDS','1994-04-18','Tempora eum vitae hic esse quisquam odio.','duane27@example.org','(937)027-8568x338',0,12,'2020-09-28 11:34:29','2021-04-26 18:46:43'),(71,'Keshaun','Reichel','Geoffrey Lehner','1986-02-01','Id eius dolores nulla recusandae quisquam voluptatem.','twiza@example.net','+87(1)4489457650',1,12,'2011-08-25 10:35:11','2021-04-26 18:46:43'),(72,'Jess','Hirthe','Uriel Toy','2006-03-16','Ab accusantium et beatae voluptas vitae.','fritz56@example.com','584-090-7993x9991',1,9,'2018-04-08 03:43:06','2021-04-26 18:46:43'),(73,'Travis','Will','Kristofer Kuhlman','2019-10-11','Aut provident omnis sed repellat dolore.','sheila31@example.net','08347430550',1,9,'2017-10-19 15:35:12','2021-04-26 18:46:43'),(74,'Lafayette','Parisian','Britney Wolff','2012-06-17','Voluptatibus non consequatur soluta ipsam eveniet itaque.','fay.dee@example.net','07704782755',0,4,'2018-03-10 11:14:37','2018-05-07 07:15:35'),(75,'Webster','Ullrich','Erik Stamm','1985-07-04','Similique beatae illum sunt quisquam rerum dolores.','joelle.welch@example.com','1-066-740-0459x286',0,6,'2012-04-09 03:54:00','2021-04-26 18:46:43'),(76,'Thalia','Bernier','Johnnie Jacobson','1989-01-28','Ullam voluptas fugiat repudiandae distinctio iure delectus.','turcotte.annetta@example.com','146.292.0294',1,4,'2016-10-01 22:44:37','2021-04-26 18:46:43'),(77,'Dana','Fay','Alda Abshire','1983-12-09','Excepturi sint et consequatur dolores tempora non alias.','carmela91@example.net','(056)391-9476x81589',1,14,'2020-03-19 00:05:35','2021-04-26 18:46:43'),(78,'Marianna','Nikolaus','Dr. Seth Goodwin MD','1989-10-13','Perferendis harum consectetur iusto.','carroll.damion@example.com','07779763953',0,1,'2011-12-23 03:13:35','2021-04-26 18:46:43'),(79,'Tara','Sanford','Katlynn Heller','1990-03-20','Et ea qui sunt perspiciatis a cupiditate praesentium culpa.','hrenner@example.net','377.235.9245x19683',1,6,'2015-09-16 12:59:51','2021-04-26 18:46:43'),(80,'Deshaun','Greenholt','Clifford Bins PhD','1981-02-23','Ut sed qui ut qui ad corporis odit ut.','bednar.suzanne@example.com','(404)430-9987x5773',1,10,'2019-10-25 03:44:20','2021-04-26 18:46:47'),(81,'Alivia','Bergnaum','Ilene Torp','1985-06-04','Corporis sint quasi sed ut.','ruecker.ethan@example.net','464.379.9105',1,6,'2013-10-15 22:37:39','2021-04-26 18:46:43'),(82,'Courtney','Wyman','Carlos Rogahn','2004-09-11','Ad voluptas itaque quidem voluptas quas quia.','qyost@example.net','+74(0)2774421691',1,12,'2016-10-03 08:07:37','2021-04-26 18:46:43'),(83,'Earnest','Nader','Yasmine Zboncak','2020-01-17','Quasi et et amet error dolor labore sunt ut.','carmen.robel@example.com','1-841-724-2029x6098',1,1,'2019-11-05 02:40:13','2021-04-26 18:46:43'),(84,'Adaline','Koch','Kendall Bednar','1995-11-28','Labore aut ut rerum facere distinctio.','hcrona@example.org','1-150-609-0887',1,11,'2012-04-30 01:30:47','2021-04-26 18:46:43'),(85,'Reynold','Mertz','Theodore Kertzmann','1979-01-26','Quod explicabo eaque aut ipsa mollitia quia.','jarod99@example.com','(410)953-7411',0,7,'2020-08-15 22:20:06','2021-04-26 18:46:43'),(86,'Roberta','Bayer','Dr. Richard Rolfson I','2011-04-14','Et magnam error minus reprehenderit voluptate et.','jayda72@example.org','1-634-725-7683x87834',0,3,'2012-06-17 23:06:06','2021-04-26 18:46:43'),(87,'Ramiro','King','Pasquale Lowe','2017-03-17','Dolore et praesentium enim voluptatem modi sit blanditiis.','gswift@example.com','355-974-3704',0,8,'2018-07-12 02:37:06','2021-04-26 18:46:43'),(88,'Lane','Spinka','Kiara Bruen','1985-05-10','Numquam dolorem unde nemo qui et autem amet.','amalia70@example.net','+79(7)3370648918',0,2,'2013-05-10 11:16:41','2021-04-26 18:46:43'),(89,'Zakary','Trantow','Harold Harvey','1992-06-29','Sed et maxime inventore.','kali.rodriguez@example.com','979-215-4537',1,14,'2012-01-03 08:06:29','2021-04-26 18:46:43'),(90,'Annalise','Schiller','Samara Brown','2005-07-27','Amet vero ut expedita voluptates deleniti harum et enim.','beier.ena@example.org','268.785.3206',0,7,'2017-06-26 22:15:55','2021-04-26 18:46:43'),(91,'Toby','Russel','Marcella Konopelski','2002-06-05','Architecto natus sint numquam exercitationem beatae unde quia.','chester08@example.com','+96(5)6421175416',1,7,'2018-04-04 03:32:36','2021-04-26 18:46:43'),(92,'Tina','Wunsch','Taurean Donnelly PhD','2017-05-21','Perspiciatis est illum et rem.','cstrosin@example.org','(791)487-5338',0,14,'2012-10-14 23:45:00','2021-04-26 18:46:43'),(93,'Laila','Labadie','Deontae Haley V','1980-09-03','Qui nesciunt voluptates in excepturi autem et vel.','sandrine.walter@example.com','1-702-198-7747x13975',1,4,'2016-08-04 16:15:37','2021-04-26 18:46:43'),(94,'Thaddeus','Heaney','Dr. Dale King','2001-06-06','Laudantium molestiae ea dolore.','wisoky.davion@example.net','101-358-6035',1,8,'2011-11-26 08:42:00','2021-04-26 18:46:43'),(95,'Toy','Donnelly','Miss Abigale Gerlach IV','2018-11-01','Nemo rerum repellat et qui sed et.','alison57@example.org','320.311.4644x372',0,11,'2020-04-22 19:27:46','2021-04-26 18:46:43'),(96,'Clarabelle','O\'Kon','Macie Dare','1993-08-12','Aliquid repellendus dolorem porro omnis.','rau.gloria@example.org','790-129-9432x23769',0,4,'2017-12-15 13:13:43','2021-04-26 18:46:43'),(97,'Berry','Aufderhar','Prof. Vivien Williamson','1991-10-17','Voluptatem sequi ipsum quibusdam consequuntur voluptatem labore sint.','zemlak.wilhelmine@example.org','191-048-9503',0,1,'2017-04-03 08:05:17','2021-04-26 18:46:43'),(98,'Virginie','Wehner','Alejandrin Ankunding','1972-11-02','Modi delectus omnis laudantium numquam.','jhaag@example.net','05479793568',0,7,'2020-06-01 00:21:03','2021-04-26 18:46:43'),(99,'Gerard','Price','Jazlyn Ortiz','2015-04-10','Quo eum est libero praesentium asperiores vel.','aolson@example.org','920.139.0233',0,3,'2021-04-05 07:59:55','2021-04-26 18:46:43'),(100,'Rickie','Grimes','Astrid Sauer','1988-08-21','Ut qui eius dolorum molestias quis porro.','ewalker@example.org','1-153-826-1227',1,9,'2020-04-07 15:27:41','2021-04-26 18:46:43');
/*!40000 ALTER TABLE `users` ENABLE KEYS */;
UNLOCK TABLES;
/*!40103 SET TIME_ZONE=@OLD_TIME_ZONE */;

/*!40101 SET SQL_MODE=@OLD_SQL_MODE */;
/*!40014 SET FOREIGN_KEY_CHECKS=@OLD_FOREIGN_KEY_CHECKS */;
/*!40014 SET UNIQUE_CHECKS=@OLD_UNIQUE_CHECKS */;
/*!40101 SET CHARACTER_SET_CLIENT=@OLD_CHARACTER_SET_CLIENT */;
/*!40101 SET CHARACTER_SET_RESULTS=@OLD_CHARACTER_SET_RESULTS */;
/*!40101 SET COLLATION_CONNECTION=@OLD_COLLATION_CONNECTION */;
/*!40111 SET SQL_NOTES=@OLD_SQL_NOTES */;

-- Dump completed on 2021-04-27  9:01:17
