-- MySQL dump 10.13  Distrib 8.0.23, for Win64 (x86_64)
--
-- Host: localhost    Database: litres
-- ------------------------------------------------------
-- Server version	8.0.23

/*!40101 SET @OLD_CHARACTER_SET_CLIENT=@@CHARACTER_SET_CLIENT */;
/*!40101 SET @OLD_CHARACTER_SET_RESULTS=@@CHARACTER_SET_RESULTS */;
/*!40101 SET @OLD_COLLATION_CONNECTION=@@COLLATION_CONNECTION */;
/*!50503 SET NAMES utf8mb4 */;
/*!40103 SET @OLD_TIME_ZONE=@@TIME_ZONE */;
/*!40103 SET TIME_ZONE='+00:00' */;
/*!40014 SET @OLD_UNIQUE_CHECKS=@@UNIQUE_CHECKS, UNIQUE_CHECKS=0 */;
/*!40014 SET @OLD_FOREIGN_KEY_CHECKS=@@FOREIGN_KEY_CHECKS, FOREIGN_KEY_CHECKS=0 */;
/*!40101 SET @OLD_SQL_MODE=@@SQL_MODE, SQL_MODE='NO_AUTO_VALUE_ON_ZERO' */;
/*!40111 SET @OLD_SQL_NOTES=@@SQL_NOTES, SQL_NOTES=0 */;

--
-- Table structure for table `authors`
--

DROP TABLE IF EXISTS `authors`;
/*!40101 SET @saved_cs_client     = @@character_set_client */;
/*!50503 SET character_set_client = utf8mb4 */;
CREATE TABLE `authors` (
  `id` int unsigned NOT NULL AUTO_INCREMENT COMMENT '╨Ш╨┤╨╡╨╜╤В╨╕╤Д╨╕╨║╨░╤В╨╛╤А ╤Б╤В╤А╨╛╨║╨╕',
  `first_name` varchar(100) CHARACTER SET utf8mb4 COLLATE utf8mb4_unicode_ci NOT NULL COMMENT '╨Ш╨╝╤П ╨░╨▓╤В╨╛╤А╨░',
  `last_name` varchar(100) CHARACTER SET utf8mb4 COLLATE utf8mb4_unicode_ci NOT NULL COMMENT '╨д╨░╨╝╨╕╨╗╨╕╤П ╨░╨▓╤В╨╛╤А╨░',
  `books_amount` int NOT NULL COMMENT '╨Ъ╨╛╨╗╨╕╤З╨╡╤Б╤В╨▓╨╛ ╨║╨╜╨╕╨│',
  `about` text CHARACTER SET utf8mb4 COLLATE utf8mb4_unicode_ci NOT NULL COMMENT '╨Ш╨╜╤Д╨╛╤А╨╝╨░╤Ж╨╕╤П ╨╛╨▒ ╨░╨▓╤В╨╛╤А╨╡',
  `reviews_amount` int NOT NULL COMMENT '╨Ъ╨╛╨╗╨╕╤З╨╡╤Б╤В╨▓╨╛ ╨╛╤В╨╖╤Л╨▓╨╛╨▓',
  `created_at` datetime DEFAULT CURRENT_TIMESTAMP COMMENT '╨Т╤А╨╡╨╝╤П ╤Б╨╛╨╖╨┤╨░╨╜╨╕╤П ╤Б╤В╤А╨╛╨║╨╕',
  `updated_at` datetime DEFAULT CURRENT_TIMESTAMP ON UPDATE CURRENT_TIMESTAMP COMMENT '╨Т╤А╨╡╨╝╤П ╨╛╨▒╨╜╨╛╨▓╨╗╨╡╨╜╨╕╤П ╤Б╤В╤А╨╛╨║╨╕',
  PRIMARY KEY (`id`)
) ENGINE=InnoDB AUTO_INCREMENT=101 DEFAULT CHARSET=utf8mb4 COLLATE=utf8mb4_unicode_ci COMMENT='╨Р╨▓╤В╨╛╤А╤Л';
/*!40101 SET character_set_client = @saved_cs_client */;

--
-- Dumping data for table `authors`
--

LOCK TABLES `authors` WRITE;
/*!40000 ALTER TABLE `authors` DISABLE KEYS */;
INSERT INTO `authors` VALUES (1,'Abbie','Davis',62,'The Queen\'s argument was, that if you like,\' said the Hatter: \'as the things between whiles.\' \'Then you keep moving round, I suppose?\' \'Yes,\' said Alice, a little animal (she couldn\'t guess of what.',248,'2014-02-01 13:23:19','2021-05-03 22:55:24'),(2,'Branson','Hane',37,'The long grass rustled at her feet, they seemed to be seen: she found this a very interesting dance to watch,\' said Alice, as she was coming to, but it had been. But her sister on the song, \'I\'d.',157,'2017-07-04 05:27:35','2021-05-03 22:55:25'),(3,'Zechariah','Bayer',69,'Crab, a little girl,\' said Alice, as she could. \'The game\'s going on between the executioner, the King, and he went on eagerly: \'There is such a capital one for catching mice--oh, I beg your.',179,'1979-07-30 20:59:26','2021-05-03 22:55:25'),(4,'Glen','Bahringer',43,'Duchess was sitting on the top of his shrill little voice, the name again!\' \'I won\'t indeed!\' said the Gryphon, and all her fancy, that: they never executes nobody, you know. Which shall sing?\' \'Oh,.',209,'2016-09-27 13:07:17','2021-05-03 22:55:25'),(5,'Max','Doyle',130,'They all made of solid glass; there was no use speaking to it,\' she said aloud. \'I must be really offended. \'We won\'t talk about her pet: \'Dinah\'s our cat. And she\'s such a nice little dog near our.',70,'1987-08-24 07:21:36','2021-05-03 22:55:25'),(6,'Mark','Dietrich',77,'Adventures, till she was looking at the Cat\'s head with great emphasis, looking hard at Alice the moment they saw Alice coming. \'There\'s PLENTY of room!\' said Alice indignantly, and she tried to get.',46,'2002-07-26 12:10:51','2021-05-03 22:55:25'),(7,'Agnes','Crooks',147,'And he got up this morning? I almost wish I hadn\'t quite finished my tea when I find a pleasure in all my life!\' She had just begun \'Well, of all this time, and was going to be, from one of them.\'.',199,'1972-05-23 08:32:28','2000-09-27 05:08:41'),(8,'Toni','Mitchell',45,'Alice, in a very melancholy voice. \'Repeat, \"YOU ARE OLD, FATHER WILLIAM,\"\' said the Caterpillar, just as if he wasn\'t going to be, from one end of the trees as well as she swam lazily about in the.',97,'1980-07-22 17:43:29','1982-11-28 17:21:19'),(9,'Clint','Bergstrom',139,'Duchess: \'what a clear way you have of putting things!\' \'It\'s a Cheshire cat,\' said the King. The White Rabbit interrupted: \'UNimportant, your Majesty means, of course,\' the Gryphon said to herself.',218,'1998-09-05 18:58:42','2018-08-14 01:47:40'),(10,'Virginia','Mueller',13,'I was sent for.\' \'You ought to tell him. \'A nice muddle their slates\'ll be in Bill\'s place for a minute, nurse! But I\'ve got to?\' (Alice had no idea what Latitude or Longitude I\'ve got back to the.',148,'1991-10-18 04:08:02','2021-05-03 22:55:25'),(11,'Janessa','Hilpert',100,'Alice ventured to say. \'What is his sorrow?\' she asked the Mock Turtle had just begun to repeat it, when a sharp hiss made her feel very uneasy: to be found: all she could not even get her head to.',83,'1993-03-02 01:50:35','2021-05-03 22:55:25'),(12,'Kathryn','Buckridge',2,'White Rabbit: it was too small, but at any rate, there\'s no harm in trying.\' So she set to work shaking him and punching him in the court!\' and the Hatter instead!\' CHAPTER VII. A Mad Tea-Party.',117,'1976-10-20 17:18:12','2021-05-03 22:55:25'),(13,'Jennyfer','Davis',5,'I look like it?\' he said. (Which he certainly did NOT, being made entirely of cardboard.) \'All right, so far,\' said the Caterpillar; and it was only a mouse that had made out that one of the.',204,'2017-04-24 00:14:42','2021-05-03 22:55:24'),(14,'Felix','Langworth',15,'I shall fall right THROUGH the earth! How funny it\'ll seem, sending presents to one\'s own feet! And how odd the directions will look! ALICE\'S RIGHT FOOT, ESQ. HEARTHRUG, NEAR THE FENDER, (WITH.',171,'2008-03-25 12:12:38','2021-05-03 22:55:25'),(15,'Kieran','Orn',110,'For he can thoroughly enjoy The pepper when he pleases!\' CHORUS. \'Wow! wow! wow!\' \'Here! you may stand down,\' continued the Pigeon, raising its voice to its children, \'Come away, my dears! It\'s high.',120,'2001-07-25 08:49:52','2021-05-03 22:55:25'),(16,'Isac','Steuber',138,'The Duchess took no notice of them say, \'Look out now, Five! Don\'t go splashing paint over me like a mouse, That he met in the schoolroom, and though this was of very little way off, and she jumped.',226,'1984-02-26 00:33:28','2021-05-03 22:55:25'),(17,'Sid','Bauch',72,'White Rabbit, who was a dead silence instantly, and Alice guessed in a melancholy way, being quite unable to move. She soon got it out again, and Alice guessed who it was, even before she got to the.',23,'2019-07-05 09:13:57','2021-05-03 22:55:24'),(18,'Dorcas','Yost',130,'Pigeon. \'I can tell you my history, and you\'ll understand why it is I hate cats and dogs.\' It was the same age as herself, to see what was going to turn round on its axis--\' \'Talking of axes,\' said.',211,'2002-05-30 15:46:09','2021-05-03 22:55:25'),(19,'Elena','Effertz',80,'Alice noticed with some severity; \'it\'s very interesting. I never knew whether it was too small, but at last she spread out her hand on the floor, as it went, as if it makes me grow smaller, I.',138,'1986-05-21 03:58:59','2021-05-03 22:55:25'),(20,'Zachariah','O\'Hara',29,'I shall ever see such a thing I know. Silence all round, if you please! \"William the Conqueror, whose cause was favoured by the English, who wanted leaders, and had just succeeded in getting its.',38,'2017-11-05 14:15:07','2021-05-03 22:55:25'),(21,'Dario','Keebler',115,'See how eagerly the lobsters to the Cheshire Cat: now I shall be punished for it now, I suppose, by being drowned in my kitchen AT ALL. Soup does very well without--Maybe it\'s always pepper that had.',117,'2011-01-24 15:09:03','2021-05-03 22:55:25'),(22,'Dayana','McGlynn',54,'The poor little thing howled so, that he had a large cat which was lit up by two guinea-pigs, who were giving it a minute or two, looking for the rest of my own. I\'m a hatter.\' Here the Queen.',2,'2013-11-05 08:16:06','2021-05-03 22:55:24'),(23,'Elisabeth','Kessler',3,'Queen. \'You make me smaller, I suppose.\' So she swallowed one of them bowed low. \'Would you tell me,\' said Alice, \'a great girl like you,\' (she might well say this), \'to go on in a melancholy air,.',5,'1987-09-02 14:02:02','2020-10-28 14:29:58'),(24,'Jonas','Gislason',137,'Gryphon, before Alice could speak again. In a little timidly, for she had read about them in books, and she set off at once in the air. She did not like to go among mad people,\' Alice remarked. \'Oh,.',161,'1970-10-14 12:16:40','2005-06-09 19:30:18'),(25,'German','Morar',47,'Alice looked at Alice, as the White Rabbit was no one else seemed inclined to say when I learn music.\' \'Ah! that accounts for it,\' said the Caterpillar. \'Well, I can\'t remember,\' said the Gryphon,.',114,'1982-11-23 07:25:39','1997-10-13 00:40:52'),(26,'Donald','Marvin',101,'Hatter, and here the conversation dropped, and the White Rabbit put on his spectacles and looked at the thought that she was playing against herself, for she was quite pale (with passion, Alice.',216,'2007-12-10 17:17:07','2021-05-03 22:55:25'),(27,'Deanna','Borer',82,'Bill had left off writing on his spectacles. \'Where shall I begin, please your Majesty,\' the Hatter continued, \'in this way:-- \"Up above the world she was quite out of the lefthand bit. * * * * * *.',190,'2012-07-12 17:22:02','2021-05-03 22:55:24'),(28,'Dudley','Pfannerstill',68,'Pray, what is the same thing with you,\' said the Hatter, \'I cut some more of the month, and doesn\'t tell what o\'clock it is!\' As she said to Alice, they all moved off, and that is rather a hard.',100,'1987-10-16 05:02:43','2004-01-16 11:10:35'),(29,'Melody','Runte',18,'Let me see: that would happen: \'\"Miss Alice! Come here directly, and get in at once.\' However, she did not at all anxious to have lessons to learn! Oh, I shouldn\'t like THAT!\' \'Oh, you can\'t take.',190,'2004-05-03 13:33:04','2021-05-03 22:55:25'),(30,'Irving','Krajcik',61,'March Hare. \'Then it wasn\'t very civil of you to set them free, Exactly as we were. My notion was that you never tasted an egg!\' \'I HAVE tasted eggs, certainly,\' said Alice, always ready to talk.',36,'2018-10-02 13:34:29','2020-04-16 18:13:30'),(31,'Candice','Stamm',20,'King, the Queen, and in another minute the whole cause, and condemn you to set them free, Exactly as we were. My notion was that she let the Dormouse into the way down one side and up the other, and.',227,'1985-10-07 19:22:11','2021-05-03 22:55:25'),(32,'Deanna','Leannon',131,'Mouse replied rather impatiently: \'any shrimp could have been that,\' said the Hatter. This piece of it now in sight, and no room at all this time, as it left no mark on the bank, with her friend..',14,'2019-11-16 10:58:04','2021-05-03 22:55:25'),(33,'Jenifer','Roberts',15,'Alice soon came upon a Gryphon, lying fast asleep in the grass, merely remarking that a red-hot poker will burn you if you want to stay with it as you can--\' \'Swim after them!\' screamed the Pigeon..',63,'2000-11-05 13:02:19','2002-11-16 16:44:49'),(34,'Paige','Rippin',62,'Queen, \'Really, my dear, YOU must cross-examine THIS witness.\' \'Well, if I like being that person, I\'ll come up: if not, I\'ll stay down here! It\'ll be no doubt that it seemed quite natural); but.',155,'2002-08-02 10:25:34','2007-09-30 14:58:44'),(35,'Monroe','Hartmann',40,'The Hatter looked at her, and the sounds will take care of themselves.\"\' \'How fond she is only a mouse that had made her so savage when they saw the Mock Turtle Soup is made from,\' said the.',93,'1993-05-04 00:20:22','2012-02-25 09:06:32'),(36,'Icie','Kautzer',122,'Dormouse: \'not in that poky little house, and wondering what to say but \'It belongs to the beginning again?\' Alice ventured to taste it, and found in it a violent blow underneath her chin: it had.',73,'2015-06-05 15:46:04','2021-05-03 22:55:25'),(37,'Noemie','Ebert',120,'There could be beheaded, and that in some alarm. This time there could be beheaded, and that is enough,\' Said his father; \'don\'t give yourself airs! Do you think you\'re changed, do you?\' \'I\'m afraid.',138,'1987-07-05 06:20:56','2021-05-03 22:55:25'),(38,'Scottie','Paucek',30,'And the Eaglet bent down its head down, and the King exclaimed, turning to Alice, and she very seldom followed it), and sometimes she scolded herself so severely as to bring tears into her face, and.',167,'2005-09-26 20:49:24','2021-05-03 22:55:25'),(39,'Marta','Gutmann',76,'She was close behind her, listening: so she went hunting about, and called out in a moment that it ought to tell them something more. \'You promised to tell him. \'A nice muddle their slates\'ll be in.',177,'2015-08-28 20:25:49','2017-10-04 20:50:38'),(40,'Devante','Kessler',148,'March Hare said to the law, And argued each case with my wife; And the executioner ran wildly up and picking the daisies, when suddenly a footman because he was in such long ringlets, and mine.',192,'2011-07-17 04:16:29','2021-05-03 22:55:24'),(41,'Asa','Koss',55,'So they got their tails in their proper places--ALL,\' he repeated with great curiosity. \'Soles and eels, of course,\' the Mock Turtle in a trembling voice to its children, \'Come away, my dears! It\'s.',239,'1972-11-09 20:23:05','2021-05-03 22:55:25'),(42,'Erica','Heathcote',109,'So they sat down, and nobody spoke for some time without hearing anything more: at last turned sulky, and would only say, \'I am older than I am now? That\'ll be a very pretty dance,\' said Alice.',65,'1992-05-25 19:43:47','2021-05-03 22:55:25'),(43,'Felipa','Ward',132,'However, it was the first witness,\' said the Mock Turtle went on, \'What HAVE you been doing here?\' \'May it please your Majesty?\' he asked. \'Begin at the end.\' \'If you do. I\'ll set Dinah at you!\'.',78,'1986-12-11 07:58:21','2021-05-03 22:55:25'),(44,'Gavin','Hane',51,'Mock Turtle angrily: \'really you are very dull!\' \'You ought to be beheaded!\' \'What for?\' said Alice. \'You must be,\' said the Duchess; \'and the moral of that is, but I think it so quickly that the.',143,'1992-04-25 13:47:24','2021-05-03 22:55:24'),(45,'Santa','Fisher',13,'Majesty,\' said the Dormouse crossed the court, by the time he was in the wood,\' continued the King. \'Shan\'t,\' said the Duchess; \'and that\'s a fact.\' Alice did not quite like the wind, and was just.',158,'2002-08-24 06:59:03','2014-07-29 12:03:02'),(46,'Carlo','Jerde',11,'I can\'t quite follow it as well be at school at once.\' However, she got to come before that!\' \'Call the next verse,\' the Gryphon went on eagerly. \'That\'s enough about lessons,\' the Gryphon at the.',138,'1986-04-27 19:15:12','2021-05-03 22:55:24'),(47,'Abdiel','Kilback',90,'The Mouse did not get hold of anything, but she added, \'and the moral of that is--\"Oh, \'tis love, that makes you forget to talk. I can\'t show it you myself,\' the Mock Turtle: \'crumbs would all wash.',4,'2018-11-27 14:51:06','2021-05-03 22:55:25'),(48,'Thora','Kohler',85,'Alice thought), and it was neither more nor less than no time she\'d have everybody executed, all round. (It was this last word two or three of the door of the same size: to be a letter, written by.',147,'2002-12-05 04:49:54','2021-05-03 22:55:25'),(49,'Ignacio','Dickens',128,'Duchess: \'what a clear way you go,\' said the Mock Turtle, and to hear his history. I must be removed,\' said the Queen. \'I never went to the beginning again?\' Alice ventured to say. \'What is his.',105,'1990-08-01 11:25:17','2021-05-03 22:55:25'),(50,'Julio','Feil',27,'They are waiting on the bank, with her friend. When she got to come out among the distant green leaves. As there seemed to be trampled under its feet, ran round the refreshments!\' But there seemed.',185,'1991-08-12 02:52:14','2021-05-03 22:55:25'),(51,'Julien','Nicolas',106,'At last the Gryphon hastily. \'Go on with the day of the other bit. Her chin was pressed hard against it, that attempt proved a failure. Alice heard the King said to herself, as usual. I wonder if.',64,'1975-08-19 22:25:40','2018-04-04 13:43:11'),(52,'Vicky','Carter',29,'But, now that I\'m perfectly sure I don\'t put my arm round your waist,\' the Duchess said after a few yards off. The Cat seemed to be Number One,\' said Alice. \'What sort of life! I do wonder what was.',125,'1977-01-16 03:59:13','1995-08-23 06:12:31'),(53,'Benny','Padberg',87,'The Cat only grinned when it saw mine coming!\' \'How do you call him Tortoise, if he doesn\'t begin.\' But she waited for some while in silence. Alice noticed with some curiosity. \'What a number of.',92,'1984-04-13 05:37:25','2021-05-03 22:55:25'),(54,'Clyde','Wintheiser',123,'Alice, a little shriek, and went back to the cur, \"Such a trial, dear Sir, With no jury or judge, would be a walrus or hippopotamus, but then she heard the Rabbit was no time to avoid shrinking away.',22,'1989-04-13 23:02:58','2017-04-28 22:15:18'),(55,'Forrest','Koss',47,'And beat him when he sneezes: He only does it to make personal remarks,\' Alice said to herself, and once she remembered having seen such a pleasant temper, and thought to herself. At this moment.',221,'1994-06-04 20:26:21','2021-05-03 22:55:25'),(56,'Norberto','McKenzie',97,'Mouse in the act of crawling away: besides all this, there was no longer to be found: all she could get away without speaking, but at any rate I\'ll never go THERE again!\' said Alice in a furious.',198,'2005-09-18 04:14:43','2021-05-03 22:55:25'),(57,'Shanel','Lakin',67,'I would talk on such a curious feeling!\' said Alice; \'all I know I do!\' said Alice indignantly. \'Ah! then yours wasn\'t a bit hurt, and she had drunk half the bottle, she found herself in a dreamy.',142,'2019-09-22 03:32:23','2020-10-13 19:28:58'),(58,'Adriel','Wiegand',145,'Bill!\' then the Rabbit\'s voice; and the whole court was a table, with a knife, it usually bleeds; and she felt a little shriek and a Long Tale They were just beginning to get out again. The Mock.',71,'2000-12-01 02:50:59','2021-05-03 22:55:25'),(59,'Broderick','Bernhard',68,'Gryphon. \'We can do no more, whatever happens. What WILL become of me?\' Luckily for Alice, the little passage: and THEN--she found herself lying on the same thing as \"I sleep when I got up very.',12,'1984-02-02 02:33:23','2021-05-03 22:55:24'),(60,'Camryn','Hammes',99,'Duchess\'s knee, while plates and dishes crashed around it--once more the pig-baby was sneezing and howling alternately without a grin,\' thought Alice; \'I daresay it\'s a French mouse, come over with.',159,'2017-07-18 11:52:29','2021-05-03 22:55:25'),(61,'Delmer','Pouros',10,'ALL RETURNED FROM HIM TO YOU,\"\' said Alice. \'Who\'s making personal remarks now?\' the Hatter with a trumpet in one hand and a large pool all round the hall, but they were nice grand words to say.).',82,'1991-11-18 22:32:06','2000-08-12 17:53:58'),(62,'Thurman','Leuschke',27,'And she\'s such a capital one for catching mice--oh, I beg your pardon!\' cried Alice again, for really I\'m quite tired and out of the court. All this time the Mouse to Alice with one finger pressed.',54,'1982-08-06 17:11:01','2019-09-23 06:26:05'),(63,'Jace','Bartoletti',137,'Ma!\' said the Duck: \'it\'s generally a frog or a worm. The question is, Who in the window?\' \'Sure, it\'s an arm for all that.\' \'Well, it\'s got no sorrow, you know. Come on!\' So they got thrown out to.',223,'1986-02-15 13:02:36','2021-05-03 22:55:25'),(64,'Russ','Ritchie',134,'Caterpillar. Alice thought decidedly uncivil. \'But perhaps it was very deep, or she fell past it. \'Well!\' thought Alice to find it out, we should all have our heads cut off, you know. But do cats.',31,'1983-04-28 16:02:53','2021-05-03 22:55:25'),(65,'Elfrieda','Nitzsche',124,'Alice, timidly; \'some of the tail, and ending with the grin, which remained some time busily writing in his sleep, \'that \"I like what I should say \"With what porpoise?\"\' \'Don\'t you mean that you.',95,'2012-12-21 10:14:30','2021-05-03 22:55:25'),(66,'Heidi','Flatley',51,'King. On this the White Rabbit, jumping up and bawled out, \"He\'s murdering the time! Off with his knuckles. It was so long that they would die. \'The trial cannot proceed,\' said the Caterpillar..',148,'1994-09-17 14:20:02','2021-05-03 22:55:25'),(67,'Declan','Corkery',148,'Duchess: \'what a clear way you can;--but I must be what he did it,) he did not like to have wondered at this, that she was losing her temper. \'Are you content now?\' said the Knave, \'I didn\'t write.',105,'1999-10-13 20:41:01','2021-05-03 22:55:25'),(68,'Gail','Kuhic',138,'Will you, won\'t you, will you join the dance?\"\' \'Thank you, it\'s a French mouse, come over with diamonds, and walked a little shaking among the leaves, which she concluded that it ought to be almost.',121,'1976-09-29 18:13:48','2021-05-03 22:55:25'),(69,'Joy','Schulist',98,'Mock Turtle went on. \'We had the dish as its share of the month, and doesn\'t tell what o\'clock it is!\' As she said to herself what such an extraordinary ways of living would be a letter, after all:.',35,'2002-09-05 17:29:04','2008-03-14 16:33:44'),(70,'Santos','Hermann',1,'Alice\'s, and they lived at the Hatter, with an M--\' \'Why with an M?\' said Alice. \'That\'s the judge,\' she said this she looked down at her side. She was looking down with wonder at the righthand bit.',143,'1981-10-01 06:20:54','2021-05-03 22:55:24'),(71,'Hubert','Weimann',51,'I\'ll get into that beautiful garden--how IS that to be listening, so she turned to the other paw, \'lives a March Hare. Visit either you like: they\'re both mad.\' \'But I don\'t believe it,\' said Alice..',37,'1990-01-06 02:22:18','2021-05-03 22:55:25'),(72,'Kenton','Wyman',22,'Alice quietly said, just as well go back, and barking hoarsely all the while, and fighting for the White Rabbit put on your head-- Do you think you can find it.\' And she began thinking over all the.',239,'1977-04-19 22:54:01','2002-10-30 02:01:54'),(73,'Salma','Brekke',69,'There was nothing on it but tea. \'I don\'t see how he can EVEN finish, if he thought it must be kind to them,\' thought Alice, \'or perhaps they won\'t walk the way of expecting nothing but a pack of.',235,'1971-05-03 09:02:52','2021-05-03 22:55:25'),(74,'John','Schuster',55,'Lory, with a large caterpillar, that was linked into hers began to feel which way it was quite surprised to find quite a crowd of little animals and birds waiting outside. The poor little thing.',194,'1974-03-18 22:54:24','2021-05-03 22:55:25'),(75,'Dorothy','Hilpert',57,'Owl had the dish as its share of the lefthand bit of the accident, all except the King, and the poor little feet, I wonder what Latitude was, or Longitude I\'ve got to come down the middle, being.',164,'2014-09-11 02:07:34','2021-05-03 22:55:25'),(76,'Andres','Funk',3,'Alice like the look of it now in sight, hurrying down it. There was exactly one a-piece all round. (It was this last remark. \'Of course they were\', said the cook. The King looked anxiously over his.',181,'1989-03-25 17:22:04','2021-05-03 22:55:24'),(77,'April','Homenick',2,'Then followed the Knave was standing before them, in chains, with a pair of the ground--and I should be raving mad--at least not so mad as it turned a corner, \'Oh my ears and the party went back to.',24,'1998-02-10 12:56:13','2021-05-03 22:55:25'),(78,'Lucinda','Bergnaum',87,'Alice ventured to taste it, and fortunately was just in time to hear her try and repeat something now. Tell her to carry it further. So she swallowed one of the door opened inwards, and Alice\'s.',225,'2016-01-21 14:14:32','2021-05-03 22:55:24'),(79,'Genevieve','Paucek',64,'Alice like the look of it at all,\' said the Gryphon replied very solemnly. Alice was a large ring, with the time,\' she said, \'for her hair goes in such a rule at processions; \'and besides, what.',49,'2012-12-12 00:17:26','2021-05-03 22:55:25'),(80,'Rosalee','Bednar',102,'Hatter, \'I cut some more tea,\' the March Hare had just begun to repeat it, but her voice sounded hoarse and strange, and the sounds will take care of themselves.\"\' \'How fond she is such a new idea.',80,'1998-09-02 00:20:29','2021-05-03 22:55:24'),(81,'Ericka','Windler',106,'It\'s enough to look down and saying to herself \'It\'s the Cheshire Cat sitting on a crimson velvet cushion; and, last of all her riper years, the simple rules their friends had taught them: such as,.',114,'2010-10-21 14:11:36','2021-05-03 22:55:25'),(82,'Edna','Ortiz',69,'Alice. \'Only a thimble,\' said Alice in a hoarse, feeble voice: \'I heard every word you fellows were saying.\' \'Tell us a story!\' said the March Hare. \'It was much pleasanter at home,\' thought poor.',93,'1979-09-16 18:32:08','2021-05-03 22:55:25'),(83,'Xavier','Johns',116,'Gryphon: and it was an old woman--but then--always to have got in your pocket?\' he went on eagerly: \'There is such a tiny golden key, and when she went round the thistle again; then the different.',7,'2018-07-26 12:46:16','2021-05-03 22:55:25'),(84,'Kade','Rolfson',92,'WOULD twist itself round and swam slowly back again, and all the things between whiles.\' \'Then you should say what you mean,\' the March Hare. \'Exactly so,\' said Alice. \'Come, let\'s hear some of them.',155,'1991-12-08 18:12:31','2018-05-11 18:26:56'),(85,'Harvey','Greenfelder',23,'And then, turning to the Mock Turtle: \'why, if a dish or kettle had been jumping about like mad things all this grand procession, came THE KING AND QUEEN OF HEARTS. Alice was not here before,\' said.',225,'2007-02-10 04:36:31','2021-05-03 22:55:24'),(86,'Constance','Lowe',136,'ONE respectable person!\' Soon her eye fell on a bough of a procession,\' thought she, \'what would become of you? I gave her one, they gave him two, You gave us three or more; They all returned from.',174,'1995-11-27 22:57:55','2021-05-03 22:55:25'),(87,'Aubrey','Hudson',100,'Mabel after all, and I had not got into it), and handed back to her: first, because the chimneys were shaped like the look of the shelves as she came suddenly upon an open place, with a pair of the.',242,'1978-09-03 11:15:52','1981-09-12 11:39:18'),(88,'Jon','Cruickshank',54,'French lesson-book. The Mouse looked at Alice. \'It must have got into the way down one side and up the fan and gloves, and, as she could. \'The Dormouse is asleep again,\' said the Gryphon. \'It all.',135,'2006-06-07 14:42:03','2021-05-03 22:55:24'),(89,'Jeremie','Upton',100,'There was a bright idea came into her face. \'Wake up, Alice dear!\' said her sister; \'Why, what are they doing?\' Alice whispered to the law, And argued each case with my wife; And the muscular.',192,'1973-08-21 07:37:13','2021-05-03 22:55:25'),(90,'Brendon','Purdy',145,'Oh dear! I wish I had it written up somewhere.\' Down, down, down. There was no use denying it. I suppose I ought to tell me who YOU are, first.\' \'Why?\' said the Caterpillar. Alice said to live..',39,'1988-03-25 18:56:46','2011-10-07 13:47:12'),(91,'Dino','Dickinson',104,'Caterpillar took the opportunity of saying to herself how she would manage it. \'They must go back by railway,\' she said to the Knave of Hearts, carrying the King\'s crown on a little wider. \'Come,.',145,'1974-11-11 11:01:28','2021-05-03 22:55:25'),(92,'Deonte','Brown',84,'Multiplication Table doesn\'t signify: let\'s try the whole pack of cards: the Knave of Hearts, he stole those tarts, And took them quite away!\' \'Consider your verdict,\' he said in a minute. Alice.',25,'2006-08-22 15:30:32','2007-03-30 10:44:02'),(93,'Micaela','Kilback',94,'Alice like the Queen?\' said the Cat. \'I don\'t quite understand you,\' she said, by way of nursing it, (which was to twist it up into the wood to listen. The Fish-Footman began by taking the little.',118,'2019-01-03 14:30:41','2021-05-03 22:55:25'),(94,'Lydia','Wuckert',16,'Presently the Rabbit came near her, she began, in rather a complaining tone, \'and they all stopped and looked at her, and she did not get dry very soon. \'Ahem!\' said the Pigeon the opportunity of.',76,'2010-03-20 11:02:23','2021-05-03 22:55:25'),(95,'Darby','Huel',125,'Now you know.\' \'I DON\'T know,\' said the Queen. \'Well, I can\'t put it right; \'not that it was only too glad to get into the sky all the children she knew, who might do something better with the next.',51,'2002-03-17 14:55:27','2021-05-03 22:55:25'),(96,'Gretchen','Gislason',45,'Queen had ordered. They very soon finished it off. * * * * * * * * * * * * * * \'Come, my head\'s free at last!\' said Alice to herself, and began to say when I breathe\"!\' \'It IS a Caucus-race?\' said.',61,'2009-10-08 22:36:47','2021-05-03 22:55:25'),(97,'Frieda','Hartmann',59,'I tell you!\' But she did not quite like the Queen?\' said the Hatter. \'Nor I,\' said the Dodo, pointing to Alice for protection. \'You shan\'t be able! I shall have to fly; and the Hatter were having.',55,'1998-08-04 16:12:14','2021-05-03 22:55:25'),(98,'Isabella','Rau',117,'I shall fall right THROUGH the earth! How funny it\'ll seem, sending presents to one\'s own feet! And how odd the directions will look! ALICE\'S RIGHT FOOT, ESQ. HEARTHRUG, NEAR THE FENDER, (WITH.',109,'2016-12-10 19:31:06','2021-05-03 22:55:25'),(99,'Eldora','Homenick',8,'When she got up this morning, but I hadn\'t begun my tea--not above a week or so--and what with the end of the goldfish kept running in her face, and was surprised to see what was on the bank--the.',247,'1973-09-26 13:04:00','2021-05-03 22:55:24'),(100,'Daija','D\'Amore',128,'With gently smiling jaws!\' \'I\'m sure I\'m not particular as to prevent its undoing itself,) she carried it out into the way down one side and up the fan and a long sleep you\'ve had!\' \'Oh, I\'ve had.',37,'1974-07-26 08:33:32','2021-05-03 22:55:25');
/*!40000 ALTER TABLE `authors` ENABLE KEYS */;
UNLOCK TABLES;

--
-- Temporary view structure for view `authors_books`
--

DROP TABLE IF EXISTS `authors_books`;
/*!50001 DROP VIEW IF EXISTS `authors_books`*/;
SET @saved_cs_client     = @@character_set_client;
/*!50503 SET character_set_client = utf8mb4 */;
/*!50001 CREATE VIEW `authors_books` AS SELECT 
 1 AS `author`,
 1 AS `book`*/;
SET character_set_client = @saved_cs_client;

--
-- Table structure for table `bonus_cards`
--

DROP TABLE IF EXISTS `bonus_cards`;
/*!40101 SET @saved_cs_client     = @@character_set_client */;
/*!50503 SET character_set_client = utf8mb4 */;
CREATE TABLE `bonus_cards` (
  `id` int unsigned NOT NULL AUTO_INCREMENT COMMENT 'Идентификатор строки',
  `name` varchar(255) NOT NULL COMMENT 'Название бонусной карты',
  PRIMARY KEY (`id`),
  UNIQUE KEY `name` (`name`)
) ENGINE=InnoDB AUTO_INCREMENT=15 DEFAULT CHARSET=utf8mb4 COLLATE=utf8mb4_0900_ai_ci COMMENT='Бонусные карты';
/*!40101 SET character_set_client = @saved_cs_client */;

--
-- Dumping data for table `bonus_cards`
--

LOCK TABLES `bonus_cards` WRITE;
/*!40000 ALTER TABLE `bonus_cards` DISABLE KEYS */;
INSERT INTO `bonus_cards` VALUES (6,'BPClub'),(9,'S7 Priority'),(8,'Аэрофлот'),(7,'Город (Тройка)'),(10,'Карта Ural Airlines'),(5,'Карта Билайн'),(13,'Карта Магнит'),(11,'Карта Москвича'),(3,'Карта Перекресток'),(1,'Много.ру'),(14,'Не использовать карту'),(2,'Связной Плюс'),(4,'Семейная команда');
/*!40000 ALTER TABLE `bonus_cards` ENABLE KEYS */;
UNLOCK TABLES;

--
-- Table structure for table `book_types`
--

DROP TABLE IF EXISTS `book_types`;
/*!40101 SET @saved_cs_client     = @@character_set_client */;
/*!50503 SET character_set_client = utf8mb4 */;
CREATE TABLE `book_types` (
  `id` int unsigned NOT NULL COMMENT 'Идентификатор строки',
  `name` varchar(255) NOT NULL COMMENT 'Формат книги',
  PRIMARY KEY (`id`),
  UNIQUE KEY `name` (`name`)
) ENGINE=InnoDB DEFAULT CHARSET=utf8mb4 COLLATE=utf8mb4_0900_ai_ci COMMENT='Типы книг';
/*!40101 SET character_set_client = @saved_cs_client */;

--
-- Dumping data for table `book_types`
--

LOCK TABLES `book_types` WRITE;
/*!40000 ALTER TABLE `book_types` DISABLE KEYS */;
INSERT INTO `book_types` VALUES (2,'EPUB'),(1,'FB2'),(7,'FB3'),(3,'iOS.UPUB'),(10,'M4B'),(6,'MOBI'),(9,'MP3'),(8,'PDF'),(5,'RTF'),(4,'TXT'),(11,'ZIP-АРХИВ');
/*!40000 ALTER TABLE `book_types` ENABLE KEYS */;
UNLOCK TABLES;

--
-- Table structure for table `books`
--

DROP TABLE IF EXISTS `books`;
/*!40101 SET @saved_cs_client     = @@character_set_client */;
/*!50503 SET character_set_client = utf8mb4 */;
CREATE TABLE `books` (
  `id` int unsigned NOT NULL AUTO_INCREMENT COMMENT '╨Ш╨┤╨╡╨╜╤В╨╕╤Д╨╕╨║╨░╤В╨╛╤А ╤Б╤В╤А╨╛╨║╨╕',
  `name` varchar(255) CHARACTER SET utf8mb4 COLLATE utf8mb4_unicode_ci NOT NULL COMMENT '╨Э╨░╨╖╨▓╨░╨╜╨╕╨╡ ╨║╨╜╨╕╨│╨╕',
  `author_id` int unsigned NOT NULL COMMENT '╨б╤Б╤Л╨╗╨║╨░ ╨╜╨░ ╨░╨▓╤В╨╛╤А╨░ ╨║╨╜╨╕╨│╨╕',
  `series_id` int unsigned NOT NULL COMMENT '╨б╤Б╤Л╨╗╨║╨░ ╨╜╨░ ╤Б╨╡╤А╨╕╤О ╨║╨╜╨╕╨│',
  `genre_id` int unsigned NOT NULL COMMENT '╨б╤Б╤Л╨╗╨║╨░ ╨╜╨░ ╨╢╨░╨╜╤А ╨║╨╜╨╕╨│╨╕',
  `about` text CHARACTER SET utf8mb4 COLLATE utf8mb4_unicode_ci NOT NULL COMMENT '╨Р╨╜╨╜╨╛╤В╨░╤Ж╨╕╤П ╨║ ╨║╨╜╨╕╨│╨╡',
  `rating_LitRes` float NOT NULL COMMENT '╨а╨╡╨╣╤В╨╕╨╜╨│ ╨║╨╜╨╕╨│╨╕ ╨╜╨░ ╨Ы╨╕╤В╨а╨╡╤Б',
  `rating_LiveLib` float NOT NULL COMMENT '╨а╨╡╨╣╤В╨╕╨╜╨│ ╨║╨╜╨╕╨│╨╕ ╨╜╨░ LiveLib',
  `book_type_id` int unsigned NOT NULL COMMENT '╨б╤Б╤Л╨╗╨║╨░ ╨╜╨░ ╤Д╨╛╤А╨╝╨░╤В ╨║╨╜╨╕╨│╨╕',
  `reviews_amount` int NOT NULL COMMENT '╨Ъ╨╛╨╗╨╕╤З╨╡╤Б╤В╨▓╨╛ ╨╛╤В╨╖╤Л╨▓╨╛╨▓',
  `price` int NOT NULL COMMENT '╨ж╨╡╨╜╨░',
  `created_at` datetime DEFAULT CURRENT_TIMESTAMP COMMENT '╨Т╤А╨╡╨╝╤П ╤Б╨╛╨╖╨┤╨░╨╜╨╕╤П ╤Б╤В╤А╨╛╨║╨╕',
  `updated_at` datetime DEFAULT CURRENT_TIMESTAMP ON UPDATE CURRENT_TIMESTAMP COMMENT '╨Т╤А╨╡╨╝╤П ╨╛╨▒╨╜╨╛╨▓╨╗╨╡╨╜╨╕╤П ╤Б╤В╤А╨╛╨║╨╕',
  PRIMARY KEY (`id`),
  UNIQUE KEY `name` (`name`),
  KEY `books_author_id_fk` (`author_id`),
  KEY `books_series_id_fk` (`series_id`),
  KEY `books_genre_id_fk` (`genre_id`),
  KEY `books_book_type_id_fk` (`book_type_id`),
  CONSTRAINT `books_author_id_fk` FOREIGN KEY (`author_id`) REFERENCES `authors` (`id`) ON DELETE CASCADE,
  CONSTRAINT `books_book_type_id_fk` FOREIGN KEY (`book_type_id`) REFERENCES `book_types` (`id`) ON DELETE CASCADE,
  CONSTRAINT `books_genre_id_fk` FOREIGN KEY (`genre_id`) REFERENCES `genres` (`id`) ON DELETE CASCADE,
  CONSTRAINT `books_series_id_fk` FOREIGN KEY (`series_id`) REFERENCES `series` (`id`) ON DELETE CASCADE
) ENGINE=InnoDB AUTO_INCREMENT=101 DEFAULT CHARSET=utf8mb4 COLLATE=utf8mb4_unicode_ci COMMENT='╨Ъ╨╜╨╕╨│╨╕';
/*!40101 SET character_set_client = @saved_cs_client */;

--
-- Dumping data for table `books`
--

LOCK TABLES `books` WRITE;
/*!40000 ALTER TABLE `books` DISABLE KEYS */;
INSERT INTO `books` VALUES (1,'id',12,14,81,'Cumque blanditiis dolore aut minima quos. Et molestiae quia atque aut. In impedit quia repellendus exercitationem eum. Ipsa omnis corrupti consequatur id eos. Excepturi aut consectetur quaerat rem illum.',1.4,3.4,8,240,738,'1971-08-12 22:19:17','2021-05-03 22:55:03'),(2,'quia',13,8,78,'Assumenda velit dolore vel nihil. Nobis voluptatem natus sequi quas. Quos id saepe enim fugiat culpa. Porro quo aut sunt consequatur qui quis.',1.7,1.2,11,152,764,'2005-02-06 05:21:07','2021-05-03 22:55:03'),(3,'perspiciatis',29,100,45,'Placeat quia reiciendis blanditiis ex incidunt animi. Molestiae id voluptates ipsum voluptas minima accusantium. Et ad minus ut explicabo veritatis. Eveniet ratione quis asperiores voluptatem voluptatem.',2.6,3.1,8,40,555,'2017-07-09 09:05:28','2021-05-03 22:55:03'),(4,'asperiores',4,73,91,'Velit et non ut natus. Pariatur odit nesciunt asperiores at consequatur qui. Cumque maiores eius repellat error voluptas. Velit quidem eos rerum sequi eveniet autem explicabo.',4.4,3.1,7,91,436,'1945-01-18 07:29:28','2021-05-03 22:55:03'),(5,'ducimus',33,65,19,'Quo minus omnis eos eos enim eligendi. Facilis nobis nobis facilis non facere qui eveniet. Quia quas quidem sed pariatur incidunt ut modi. Nobis ut alias asperiores in.',1.5,2.3,10,338,468,'2015-05-29 17:17:51','2021-05-03 22:55:03'),(6,'quis',54,5,22,'Cupiditate ut quas consequatur consequatur quibusdam tenetur et. Repudiandae quo dolore officia et voluptatem veritatis. Minus illum adipisci velit pariatur dolorem. Sit deserunt et eius qui nemo.',4.7,3,5,15,982,'1939-02-09 01:47:14','2021-05-03 22:55:03'),(7,'sit',71,31,52,'Quisquam consequatur voluptatibus qui sit quia culpa non animi. Blanditiis atque provident officia ducimus ab fugiat autem. Deleniti eos ea dicta voluptas accusantium vitae. Iste molestiae qui rem.',4.8,2.3,6,110,456,'1941-09-14 21:48:23','2021-05-03 22:55:03'),(8,'explicabo',89,39,92,'Dolores sequi illum quia. Vitae consequatur velit molestiae id. Ab rem hic animi quis vero debitis fuga. Rerum saepe tempore praesentium consectetur ea.',1.2,4.2,5,156,286,'1996-01-22 20:41:06','2021-05-03 22:55:03'),(9,'nisi',35,1,4,'Saepe ipsum non placeat nulla sit aspernatur numquam id. Et architecto sit qui tempore voluptatem. Et id ab dolorem itaque nesciunt iste itaque sit.',1.1,1.6,8,97,1013,'1975-11-07 18:29:24','2021-05-03 22:55:03'),(10,'placeat',7,89,44,'Placeat ut ipsam voluptates fuga molestiae totam. Exercitationem qui unde molestias cumque non quo veritatis illo. Quia ut tempora inventore aperiam nesciunt sint. Perferendis tempore cumque est cumque ipsam distinctio.',1.4,3.1,1,18,157,'1991-11-19 06:14:10','2021-05-03 22:55:03'),(11,'aperiam',28,40,6,'Voluptatem in modi placeat voluptas esse. Et voluptate eius ut aliquid. Voluptatem voluptatem sed doloribus unde est maiores quia. Impedit a maiores illo sit praesentium quis officiis.',2.3,2.9,1,147,701,'1986-05-21 22:39:25','2021-05-03 22:53:46'),(12,'consectetur',21,32,98,'Asperiores deserunt explicabo sed. Nostrum et autem veniam placeat sed sint qui dolorem. Sit eius possimus a. Praesentium aut molestiae eveniet.',4.5,3.5,2,333,984,'1976-06-07 16:36:44','2021-05-03 22:53:46'),(13,'vel',19,38,72,'Enim ullam quo possimus quia doloremque voluptas. Ea eveniet ad labore distinctio est facilis. Consequatur nostrum recusandae est.',3.8,1.5,9,172,770,'1922-01-01 00:15:34','2021-05-03 22:55:03'),(14,'rerum',33,95,65,'Sunt et maxime sunt ab. Minus voluptas id ab. Porro officia aliquid iste ut tenetur aperiam. Ut est doloribus distinctio quia distinctio repellat rerum veritatis.',4.5,1.9,2,212,847,'1938-01-10 15:15:18','2021-05-03 22:55:03'),(15,'temporibus',7,62,7,'Aut repellendus eum sunt cumque nisi quisquam harum rem. Voluptatem maxime non assumenda. Eveniet reiciendis nisi et incidunt commodi vel. Exercitationem alias unde dignissimos harum eum eum.',4.8,1.5,6,192,879,'1971-11-25 21:28:30','2021-05-03 22:55:03'),(16,'esse',35,24,42,'Voluptatem necessitatibus doloribus est aliquam dicta laboriosam. Et non dolores et delectus sint maiores veniam. Ut qui eos delectus dolor. Minus corporis quam debitis repellendus fugit.',1.2,4.9,11,325,805,'2020-09-05 05:46:20','2021-05-03 22:55:03'),(17,'ut',53,34,88,'Rem vel aspernatur consequatur et qui voluptatem. Officiis non nihil sit ducimus sequi est rerum. Blanditiis cum beatae impedit similique nam aut. Illum omnis eligendi et ullam.',2.5,3.8,5,349,337,'1929-08-04 18:51:57','2021-05-03 22:55:03'),(18,'nam',58,95,13,'Ut repudiandae doloribus quod eveniet. Assumenda maiores autem corporis vel unde ea occaecati. Officiis voluptatum voluptatibus consequatur quis totam eius aut.',2.4,1.2,3,69,224,'1928-04-22 17:20:56','2021-05-03 22:55:03'),(19,'dignissimos',33,74,99,'Non qui ad laboriosam qui. Autem repellendus est velit ut odit. Magni nisi in et est. Exercitationem rem commodi accusantium sed autem dolor minima saepe.',3.3,2.9,11,348,60,'1929-08-14 14:32:55','2021-05-03 22:55:03'),(20,'facilis',90,83,56,'Quidem omnis autem laudantium iste. Et voluptas corrupti enim sunt iusto quasi sunt. Voluptatem id ut saepe ut explicabo esse est.',1.2,2.2,1,131,581,'1956-02-12 11:54:02','2021-05-03 22:55:03'),(21,'omnis',51,93,83,'Eveniet molestias quibusdam accusamus cum perferendis. Molestiae numquam repellendus omnis laudantium ut aut. Molestiae praesentium omnis perferendis asperiores quis labore eius.',3.8,3,5,312,675,'1978-07-21 23:36:55','2021-05-03 22:55:03'),(22,'repellendus',84,17,47,'Ipsum fugiat enim et aut magnam est assumenda. Sit veniam vitae officia minus cupiditate corrupti fugiat. Deserunt atque adipisci et eius qui est.',2.5,4.4,11,116,585,'2015-08-31 19:17:38','2021-05-03 22:55:03'),(23,'natus',67,4,85,'Voluptas nesciunt quis similique eveniet sapiente. Tempore tempore odio soluta et est quis quasi asperiores. Nostrum et sed sunt deleniti illum adipisci.',4.7,3.5,4,344,849,'2000-07-14 03:06:30','2021-05-03 22:55:03'),(24,'nostrum',82,67,85,'Repellat voluptates pariatur quia dolorum odit adipisci. Earum eius ipsa nesciunt quidem. Molestiae velit voluptatem est ea accusamus sunt ipsam.',4.6,4.4,1,320,441,'1961-09-20 07:47:18','2021-05-03 22:55:03'),(25,'labore',9,24,68,'Et dolor soluta fugiat et laudantium. Nesciunt quisquam illo vel ipsum id. Unde veritatis saepe et rerum et laborum.',4,4.5,1,217,610,'1954-03-29 21:45:59','2021-05-03 22:55:03'),(26,'consequatur',99,20,85,'Qui voluptatem et inventore alias. Voluptatem sapiente molestiae dignissimos saepe adipisci. Corrupti voluptas culpa neque aliquid laboriosam ullam optio voluptatibus. Facere sequi nesciunt corrupti qui aspernatur quod.',4.6,1.7,3,126,680,'1997-10-26 16:42:35','2021-05-03 22:55:03'),(27,'voluptatibus',66,25,20,'Necessitatibus hic quis animi ea illum. Doloribus tenetur ut perferendis possimus rerum. Quod fugit qui laborum ut et minus est repellendus. Sed qui qui molestiae earum.',4.6,3.8,2,329,520,'1949-09-12 03:11:58','2021-05-03 22:55:03'),(28,'et',34,67,47,'Praesentium blanditiis rerum debitis quia rerum nobis excepturi ut. Nesciunt hic ullam animi consequatur reiciendis. Omnis id optio deserunt.',2.2,3,9,217,511,'1979-09-10 04:57:43','2021-05-03 22:55:03'),(29,'amet',69,56,72,'A reiciendis eos magni et beatae odio atque soluta. Facere et assumenda fugiat blanditiis perspiciatis facere eveniet et. Corporis magni voluptate fugiat itaque sunt aut quasi.',3.1,1.1,8,97,948,'1989-08-21 01:36:56','2021-05-03 22:55:03'),(30,'at',45,82,17,'Minus sunt enim vitae blanditiis numquam aut quae similique. Molestiae repellendus optio ducimus vitae et. Id qui id in temporibus id nam natus. Id tempora necessitatibus culpa nam sunt rerum dolorum doloremque.',4,2.5,11,185,158,'1967-04-22 17:44:36','2021-05-03 22:55:03'),(31,'exercitationem',15,38,70,'Et commodi suscipit ratione quis ex voluptas. Velit magni maiores sapiente. Quod et quo architecto deleniti harum.',1.4,3.4,11,280,896,'1927-05-20 09:18:09','2021-05-03 22:55:03'),(32,'sed',40,46,99,'Minus eligendi nihil quasi et et animi eos. Ratione cumque iste sed repellendus laborum. Aliquam et architecto soluta dignissimos qui dolorem.',1.5,1.4,7,147,958,'1934-04-22 15:27:47','2021-05-03 22:55:03'),(33,'reprehenderit',57,15,86,'Maiores quaerat qui deserunt nostrum id officia. Ut maxime unde tempore. Aspernatur assumenda molestiae voluptatem architecto neque debitis. Facilis quia et unde nobis excepturi officia dolores.',2.9,2.6,3,246,53,'1990-05-25 18:22:46','2021-05-03 22:53:46'),(34,'deserunt',62,35,30,'Blanditiis tenetur sint autem perspiciatis accusantium non. Saepe recusandae aut et quod explicabo ratione. Quam quibusdam est odio qui totam ratione corporis dolores. Error sequi nostrum facere temporibus omnis.',4.5,4.6,3,86,345,'1997-09-25 12:40:22','2021-05-03 22:55:03'),(35,'voluptatem',40,32,91,'Qui aliquam culpa itaque. Blanditiis est nobis velit ad. Eum qui minima numquam non ab perspiciatis vero sunt. Aliquid neque optio dolor numquam eius.',1.5,2.1,8,43,516,'1988-11-08 06:37:38','2021-05-03 22:55:03'),(36,'eius',13,52,67,'Impedit vitae dolore ab est quaerat et. Sunt commodi et omnis.',4,1.5,5,307,496,'1941-12-17 09:00:55','2021-05-03 22:55:03'),(37,'aut',43,66,61,'Inventore ea iure maxime repudiandae porro. Et consequatur eos ab dolorem ipsa aut et. Incidunt beatae vitae dolorem dignissimos esse nemo vitae.',4.3,2.4,3,6,885,'1978-03-09 20:12:56','2021-05-03 22:55:03'),(38,'qui',77,74,5,'Id qui sed eum. Nihil tempore labore alias est voluptas. Necessitatibus tempora et quia.',1.8,2.6,1,160,888,'2003-02-14 13:33:19','2021-05-03 22:55:03'),(39,'non',55,70,41,'Nihil voluptatum iste voluptas maiores odio dicta. Reprehenderit nobis atque harum ad deserunt. Architecto animi et iusto sunt dolorem.',4.8,2.4,3,78,738,'1944-12-09 04:02:41','2021-05-03 22:55:03'),(40,'error',43,28,87,'Quibusdam maxime nostrum ut accusantium praesentium necessitatibus. Ea explicabo aut esse ut perferendis. Voluptatum enim facere deleniti voluptatum aut sed exercitationem facere. Eius vero ut qui nesciunt et consequatur. Expedita corrupti nobis in voluptatibus qui omnis dicta.',4.6,4.9,4,260,978,'1949-09-21 13:32:57','2021-05-03 22:55:03'),(41,'voluptas',48,31,13,'Earum qui voluptas mollitia totam recusandae repellendus facilis. Dolores dignissimos voluptate voluptas aut doloribus. Qui vel labore repellat cupiditate quidem in. Omnis eaque libero est.',4.2,4.7,8,14,625,'2000-06-27 16:19:23','2021-05-03 22:55:03'),(42,'laborum',13,69,3,'Sed quaerat distinctio dolor earum quia cumque. Veritatis ratione eaque quaerat nam iste. Quis nam ratione veniam porro dolorum. Voluptatibus at est in corporis et recusandae fugit.',4,2.6,7,342,141,'1957-12-24 17:27:26','2021-05-03 22:55:03'),(43,'delectus',20,53,75,'Est est consequatur magni quo ad ut cumque. Excepturi corrupti eos quod numquam. Quo provident non aut rem assumenda architecto.',4.5,2.4,10,267,785,'1933-09-07 23:45:42','2021-05-03 22:55:03'),(44,'cum',60,56,67,'Doloribus dignissimos eum id eum laudantium impedit officiis. Aut et sed ratione quod dolores. Assumenda incidunt tempora incidunt maxime cupiditate veniam. Vel quaerat inventore aut minus qui laborum qui omnis.',2.9,1.9,5,306,453,'2005-02-04 10:10:25','2021-05-03 22:55:03'),(45,'sint',41,23,10,'Rem perspiciatis reprehenderit doloribus expedita et nihil maxime excepturi. Aspernatur aliquid fugit ratione.',3.9,3.1,8,32,861,'1988-02-18 21:52:26','2021-05-03 22:55:03'),(46,'eaque',26,44,47,'Molestiae est dolores aut omnis omnis. Aliquid enim doloremque excepturi officiis rerum accusantium at. Recusandae officia minus natus aperiam rerum id beatae. Nobis fuga iste voluptatibus labore consequatur quia.',4.1,3.7,1,289,896,'1967-07-17 06:23:21','2021-05-03 22:55:03'),(47,'est',3,52,6,'Voluptatem modi nihil pariatur doloremque iusto. Consequuntur sint hic accusamus molestias ratione. Est ab iste earum libero ut quidem rerum qui.',4.4,2,1,298,851,'1997-02-12 13:41:49','2021-05-03 22:55:03'),(48,'similique',37,28,86,'Inventore quaerat laboriosam culpa saepe ducimus libero. Expedita nesciunt eum et aut perferendis quam. Facilis ut in ut.',3.6,2.2,4,273,517,'1997-04-13 11:01:22','2021-05-03 22:55:03'),(49,'minus',75,81,14,'Aut dolores labore et quae et nihil vitae eius. Sint beatae impedit aut eum harum et a. Reprehenderit et aliquam accusantium quisquam nemo.',4.8,2.4,4,119,983,'1953-05-18 00:50:29','2021-05-03 22:55:03'),(50,'ullam',64,22,10,'Doloremque voluptatem officia eligendi aliquid. Impedit laboriosam aut optio et. Et quibusdam voluptatem nihil libero.',2,3.6,7,128,317,'2001-09-05 12:17:00','2021-05-03 22:55:03'),(51,'quasi',95,67,7,'Vel aperiam molestiae et. Veritatis voluptatem minus ut minima. Non qui quo ut quaerat vero repudiandae.',3.8,1.6,2,283,586,'1933-05-19 18:47:48','2021-05-03 22:55:03'),(52,'cumque',81,67,7,'Enim vero id molestiae mollitia corporis non nulla. Perspiciatis iure soluta odio esse. Tempore omnis voluptas eos asperiores est. Officiis eum doloremque consequatur omnis officia omnis doloribus.',4.8,4.3,11,331,930,'1953-11-24 04:10:34','2021-05-03 22:55:03'),(53,'praesentium',19,36,13,'Consequuntur cumque est reiciendis in repudiandae. Neque expedita et quis rerum alias. Quibusdam tempore omnis a reiciendis sunt.',5,4.3,5,105,846,'1967-10-22 05:39:11','2021-05-03 22:55:03'),(54,'minima',52,76,42,'Aut repellendus quia velit ipsa. Nulla accusamus eos minus sit voluptate voluptas. Autem voluptatem provident ipsam assumenda qui tenetur est.',2.6,1.9,2,230,389,'1924-11-12 04:15:54','2021-05-03 22:55:03'),(55,'alias',2,74,73,'Assumenda aut et excepturi tenetur. Quisquam cum sunt est facilis ipsa officiis similique. Temporibus et voluptas ut vel qui magnam quas.',1,1.4,5,134,360,'1972-06-15 17:53:42','2021-05-03 22:53:46'),(56,'excepturi',53,41,38,'Voluptates qui quam sequi veniam quibusdam in ipsa. Consequatur dolor eos officia cupiditate tempora fugiat. Mollitia quod in voluptatem inventore.',2,2.6,9,332,583,'1935-12-20 03:58:35','2021-05-03 22:55:03'),(57,'adipisci',59,82,70,'Aspernatur fugit qui minus. Quisquam laudantium omnis officiis at ipsum. Tempore accusamus asperiores consequatur hic optio ipsa dignissimos. Adipisci ducimus est explicabo.',4.3,3.4,8,205,785,'1973-03-06 10:14:23','2021-05-03 22:55:03'),(58,'numquam',36,88,35,'Omnis et corporis vero est non autem adipisci. Molestias voluptatem nam pariatur suscipit architecto ut. Commodi quidem ut reprehenderit mollitia voluptatem ducimus quia. Dolor voluptates inventore molestiae quidem placeat exercitationem sit.',1.6,2.8,11,28,131,'1994-11-24 03:24:43','2021-05-03 22:55:03'),(59,'enim',4,92,65,'Est quaerat sed laudantium delectus. Ea ut voluptatem quis asperiores et sed laborum.',3.5,1.7,11,227,248,'1954-06-14 01:36:03','2021-05-03 22:55:03'),(60,'nobis',11,95,19,'Molestiae odit ut sunt voluptatum. Temporibus labore est rerum cum quo. Eius distinctio qui esse eveniet veniam.',4,2.2,7,350,802,'1971-03-19 20:15:04','2021-05-03 22:55:03'),(61,'culpa',43,100,98,'Aut voluptas rem ut iure rem ipsa sapiente praesentium. Vel at dolor culpa harum quod aut. Porro consequatur quas voluptatibus deserunt quibusdam dolor. Laudantium voluptatem eos aut consequatur numquam quis iste voluptas. Minima soluta id quia cupiditate a modi.',4.3,1.1,2,20,214,'1976-10-22 12:48:30','2021-05-03 22:55:03'),(62,'fugiat',81,16,36,'Ea expedita corrupti laborum aut aspernatur minima rem. Voluptatem hic dolores eius quo. Voluptates suscipit et sed.',4.4,2.4,2,98,619,'1931-02-07 10:41:58','2021-05-03 22:53:46'),(63,'iure',74,77,82,'Et eaque illo ipsum sunt blanditiis iste dignissimos. Eos et in veritatis aut ea quaerat et. Delectus et ipsum qui distinctio laboriosam et.',3.9,4.6,2,81,404,'1979-02-20 12:03:21','2021-05-03 22:55:03'),(64,'in',26,38,4,'Impedit inventore provident itaque ut. Est id deleniti eveniet ad voluptatum ut temporibus. Hic voluptas similique reiciendis iusto accusamus laboriosam.',1.7,5,4,109,112,'2017-03-11 22:52:53','2021-05-03 22:53:46'),(65,'rem',8,59,74,'Dignissimos et facere id repellat et est voluptas vitae. Recusandae provident perferendis itaque ut aut. Hic et similique eos possimus.',3.3,1.8,3,300,301,'1979-03-31 08:40:42','2021-05-03 22:55:03'),(66,'fuga',64,80,57,'Non doloribus reprehenderit quia voluptas aliquam expedita. Ea cumque ea sit ut qui est optio. Accusantium aliquam aut totam voluptatem. Enim facere iusto excepturi omnis odio.',1.9,4.2,11,123,119,'1965-11-13 12:57:13','2021-05-03 22:55:03'),(67,'dolorum',93,21,62,'Neque quia pariatur aut deleniti. Deserunt aut et sed. Ex doloribus et omnis est.',3.7,2.1,5,66,645,'1949-05-27 08:48:01','2021-05-03 22:55:03'),(68,'libero',72,66,38,'Eos culpa et officia voluptatum velit. Recusandae optio molestias qui. Cumque aliquam beatae ea eum dolor. Veniam natus eum illo illum consequatur dolores porro.',1.4,3.2,1,309,821,'1947-01-06 16:56:57','2021-05-03 22:55:03'),(69,'animi',80,65,6,'Ut delectus iure deserunt sapiente. Est eum perspiciatis doloremque velit ullam sint recusandae corporis. Dolores non commodi expedita tempora nihil.',1.9,1.5,11,297,118,'1930-02-19 10:41:30','2021-05-03 22:55:03'),(70,'voluptates',87,27,12,'Voluptate nulla exercitationem eaque doloribus aut. Exercitationem omnis ab nemo voluptatem accusamus. Nostrum est voluptate esse voluptatem omnis iusto commodi. Sint sit sed enim possimus voluptas sunt.',1.2,2.2,8,209,80,'1932-05-31 07:23:31','2021-05-03 22:55:03'),(71,'quisquam',91,41,43,'Adipisci possimus iure enim sed dolorem voluptas. Ea quasi iure architecto laborum deleniti. Ipsa dicta molestiae ut voluptatem ea. Rem dolorum temporibus unde veniam sunt vel.',4.4,2.6,7,152,999,'1982-08-23 10:36:27','2021-05-03 22:55:03'),(72,'dolor',93,24,80,'Est inventore sunt consequatur aut quasi dolore. Officia ut sit possimus aspernatur exercitationem reiciendis amet hic. Adipisci adipisci maxime et eaque nesciunt et est.',2,2,9,133,705,'1978-08-29 21:00:29','2021-05-03 22:55:03'),(73,'iste',94,94,68,'Recusandae autem est cumque voluptatibus occaecati quisquam. Doloribus repudiandae veritatis enim quia voluptatem dolorum quis sed. Quia laboriosam sed nulla magnam est aliquam non.',3.2,2.7,3,209,480,'2011-05-28 07:26:51','2021-05-03 22:53:46'),(74,'possimus',88,98,100,'Consequatur itaque ut amet blanditiis inventore. Similique veritatis natus non recusandae veritatis odio. Maiores dolorem esse blanditiis odit nam reprehenderit praesentium. Id dolorum suscipit praesentium consequatur at ea nihil.',4.4,2.1,10,294,237,'1934-04-10 20:46:56','2021-05-03 22:55:03'),(75,'ipsa',59,6,94,'Nesciunt blanditiis impedit eligendi qui voluptas sunt eos. Esse qui magnam rem animi. Nihil magnam error a assumenda iure aut aliquid.',2.5,3.5,7,145,694,'1985-07-07 08:34:01','2021-05-03 22:55:03'),(76,'porro',31,38,69,'Beatae omnis quibusdam deleniti. Illum amet facere sed corrupti nulla. Quo eveniet est omnis exercitationem.',4,4.7,4,192,712,'1978-08-25 10:45:50','2021-05-03 22:55:03'),(77,'autem',76,72,66,'Repellat ab omnis expedita quibusdam eius laboriosam. Sed ut minima quas est vitae amet similique. Et ipsa corporis repellat est vitae qui dolore non.',3.6,2.3,11,173,431,'1965-07-25 14:54:11','2021-05-03 22:55:03'),(78,'ab',86,44,20,'Amet delectus nulla quibusdam amet aut sit. Doloribus at possimus eos qui consequatur cupiditate recusandae. Quaerat cupiditate est odit dolores eum doloribus eaque. Ut qui tempora et voluptates et.',4.4,1.7,9,291,970,'1973-03-04 10:10:08','2021-05-03 22:55:03'),(79,'dolorem',3,4,4,'Voluptas voluptates modi qui ducimus eaque voluptatem. Iure doloribus cupiditate sed et aut sed consequatur sint. Odit iste explicabo consectetur accusamus fuga aperiam. Facere totam qui ipsam cumque vitae.',5,2.4,2,233,509,'1925-07-10 11:05:28','2021-05-03 22:55:03'),(80,'eos',56,88,58,'Officia quo nisi eum. In est temporibus facilis quisquam. Ullam accusamus nobis quisquam molestiae nobis iusto maiores.',4.1,2.7,3,293,587,'1992-01-30 06:55:37','2021-05-03 22:55:03'),(81,'odit',69,26,77,'Aut voluptatem optio consequatur reprehenderit nisi. Quae architecto ut beatae tempora et ut aspernatur consequatur.',1.1,3.5,7,66,358,'1936-02-24 18:15:06','2021-05-03 22:55:03'),(82,'quas',78,66,13,'Qui eum sapiente libero quam molestiae et voluptas. Iure est velit aut est recusandae. Fugit aut amet et. Tenetur minus rem autem suscipit quos sequi ex.',4.5,2.1,7,149,979,'1978-11-12 12:32:46','2021-05-03 22:55:03'),(83,'velit',84,50,33,'Dolores sunt consequatur accusamus quod mollitia tenetur odit. Nemo ipsum autem magnam quasi. Sunt rerum rerum sint dolor iusto eos et.',3,3.9,11,195,774,'2010-09-06 23:34:30','2021-05-03 22:55:03'),(84,'voluptate',85,54,23,'Autem eius ipsam similique quia quidem veniam inventore. Et mollitia voluptas amet qui eius. Unde dolores debitis commodi ea fuga ipsum. Tempore non non voluptate cum et veniam.',1.3,3.4,1,179,884,'2002-06-08 20:00:07','2021-05-03 22:55:03'),(85,'vero',70,19,16,'Rerum neque voluptatem ea temporibus quibusdam et. Nam illum accusamus et nihil aut quasi veritatis rerum. Ducimus perferendis voluptatum consequatur nam. Tenetur eveniet ex fuga eligendi omnis modi dolor ex.',2.5,1.4,6,309,1048,'1980-03-07 17:08:16','2021-05-03 22:55:03'),(86,'distinctio',97,31,9,'Velit iure quibusdam minus quaerat qui impedit. Sed impedit dolorem sapiente impedit. Ad sunt voluptas id culpa.',5,4.4,2,306,542,'1921-08-15 02:14:40','2021-05-03 22:55:03'),(87,'maiores',74,97,99,'Enim qui voluptatem minus velit quo corrupti nesciunt voluptate. Est aliquam itaque magni placeat officiis quae eos dolorem. Est quis est qui omnis et sunt.',2.7,2.4,4,255,515,'1935-04-29 06:18:02','2021-05-03 22:55:03'),(88,'tempore',80,92,67,'Ut qui atque sed illo est qui. Voluptas labore quis fugiat nihil atque ipsam illum odit. Sed sunt totam porro voluptatibus quae fugiat aperiam maxime.',2.8,3.7,4,5,903,'1987-08-07 22:29:02','2021-05-03 22:55:03'),(89,'quod',75,69,38,'Ullam neque praesentium et aut iusto quia. Aspernatur non dolores eius.',3.4,4.3,4,309,921,'1978-09-28 11:22:26','2021-05-03 22:55:03'),(90,'fugit',36,69,90,'Dignissimos autem dolores veritatis aut. Quos nihil delectus dolor. Beatae aliquid illo laborum quis soluta. Voluptates nihil vero qui eum rerum laboriosam.',3.9,3.1,11,131,847,'1924-07-29 05:12:07','2021-05-03 22:55:03'),(91,'saepe',54,37,35,'Occaecati fuga in quos aliquam accusamus molestiae. Hic veritatis et non ut. Consequatur explicabo sed doloribus exercitationem quisquam. Qui et enim omnis non est dolores alias.',1.2,4.3,8,78,422,'1955-11-06 00:41:13','2021-05-03 22:55:03'),(92,'accusamus',60,76,2,'Atque similique aut fugit quis optio. Illo delectus odio id molestias et eveniet. Cum nam sed maiores impedit. Omnis perspiciatis modi eius sed. Dolorem qui vel facere voluptatem aliquid aut.',3,1,6,344,522,'1997-09-12 16:53:02','2021-05-03 22:55:03'),(93,'voluptatum',40,68,6,'Est ut odit ut aspernatur unde vel. Vero libero aperiam natus dolore dolore ut. Cumque sequi velit molestias voluptas qui temporibus ex.',1.8,3,7,87,297,'1979-05-30 04:06:03','2021-05-03 22:55:03'),(94,'ea',19,12,25,'Eius illum ipsa reiciendis itaque soluta sed explicabo. Tenetur dolorum neque necessitatibus error facere neque. Eligendi nostrum voluptatem laudantium rerum et magni aut voluptatem.',4.4,1.6,4,101,870,'1967-04-14 17:35:45','2021-05-03 22:53:46'),(95,'illum',74,55,6,'Tempore ab voluptas esse incidunt voluptatum. Cumque et doloribus distinctio in maxime illo sunt. Dolorem laboriosam adipisci et nisi sed fugit architecto eum.',4.4,3.1,9,243,409,'1993-12-19 03:21:53','2021-05-03 22:55:03'),(96,'accusantium',12,41,55,'Odio molestiae sit sit autem sunt ullam dolores. Debitis molestias fugiat qui consequatur alias maxime consectetur. In nesciunt quis voluptatibus et neque ea deleniti. Ea deleniti atque et ut maxime neque.',1.6,4.5,1,211,388,'1982-05-31 10:27:04','2021-05-03 22:55:03'),(97,'nihil',36,37,54,'Doloribus omnis totam officia voluptatem est est esse. Culpa atque voluptates cum quo. Ut libero nesciunt doloribus sequi nemo.',2.4,2.6,9,328,663,'1924-12-20 20:09:04','2021-05-03 22:55:03'),(98,'neque',45,62,6,'Rerum aperiam et iure eos ea alias. Exercitationem consectetur nisi sunt doloribus dolore dolor ut. Expedita et neque excepturi excepturi nulla suscipit.',3,4,8,305,104,'1968-07-18 17:10:17','2021-05-03 22:53:46'),(99,'blanditiis',18,99,66,'Aliquid perspiciatis similique iure et. Minima rem et rerum distinctio eos. Libero delectus autem omnis placeat odit. Provident eum vel alias et ex itaque nostrum corporis.',2.3,1.8,4,189,481,'1978-02-11 20:03:17','2021-05-03 22:55:03'),(100,'ipsum',54,9,13,'Officia occaecati cum ut repellendus similique illo aut. Sunt ut minima atque qui. At iste qui explicabo aperiam consequuntur.',3.2,2.3,5,30,1045,'2001-02-27 05:22:47','2021-05-03 22:55:03');
/*!40000 ALTER TABLE `books` ENABLE KEYS */;
UNLOCK TABLES;

--
-- Table structure for table `books_users`
--

DROP TABLE IF EXISTS `books_users`;
/*!40101 SET @saved_cs_client     = @@character_set_client */;
/*!50503 SET character_set_client = utf8mb4 */;
CREATE TABLE `books_users` (
  `book_id` int unsigned NOT NULL COMMENT '╨б╤Б╤Л╨╗╨║╨░ ╨╜╨░ ╨║╨╜╨╕╨│╤Г',
  `user_id` int unsigned NOT NULL COMMENT '╨б╤Б╤Л╨╗╨║╨░ ╨╜╨░ ╨┐╨╛╨╗╤М╨╖╨╛╨▓╨░╤В╨╡╨╗╤П',
  `created_at` datetime DEFAULT CURRENT_TIMESTAMP COMMENT '╨Т╤А╨╡╨╝╤П ╤Б╨╛╨╖╨┤╨░╨╜╨╕╤П ╤Б╤В╤А╨╛╨║╨╕',
  PRIMARY KEY (`book_id`,`user_id`) COMMENT '╨б╨╛╤Б╤В╨░╨▓╨╜╨╛╨╣ ╨┐╨╡╤А╨▓╨╕╤З╨╜╤Л╨╣ ╨║╨╗╤О╤З',
  KEY `books_users_user_id_fk` (`user_id`),
  CONSTRAINT `books_users_book_id_fk` FOREIGN KEY (`book_id`) REFERENCES `books` (`id`) ON DELETE CASCADE,
  CONSTRAINT `books_users_user_id_fk` FOREIGN KEY (`user_id`) REFERENCES `users` (`id`) ON DELETE CASCADE
) ENGINE=InnoDB DEFAULT CHARSET=utf8mb4 COLLATE=utf8mb4_unicode_ci COMMENT='╨Ъ╨╜╨╕╨│╨╕ ╨┐╨╛╨╗╤М╨╖╨╛╨▓╨░╤В╨╡╨╗╨╡╨╣, ╤Б╨▓╤П╨╖╤М ╨╝╨╡╨╢╨┤╤Г ╨┐╨╛╨╗╤М╨╖╨╛╨▓╨░╤В╨╡╨╗╤П╨╝╨╕ ╨╕ ╨║╨╜╨╕╨│╨░╨╝╨╕';
/*!40101 SET character_set_client = @saved_cs_client */;

--
-- Dumping data for table `books_users`
--

LOCK TABLES `books_users` WRITE;
/*!40000 ALTER TABLE `books_users` DISABLE KEYS */;
INSERT INTO `books_users` VALUES (1,2,'1932-05-29 05:45:30'),(4,27,'1934-07-20 16:02:00'),(6,29,'1966-02-03 07:13:48'),(9,64,'1990-03-16 15:25:36'),(11,31,'2010-02-12 19:28:25'),(11,62,'1999-05-01 07:21:31'),(12,18,'2016-05-04 07:53:35'),(13,1,'2004-03-19 07:06:00'),(13,54,'2019-06-14 09:58:42'),(16,64,'1973-02-10 05:07:51'),(17,57,'1924-11-29 09:18:44'),(17,94,'1957-04-11 00:45:09'),(18,17,'1994-04-27 12:02:11'),(18,100,'2007-11-27 00:14:15'),(21,84,'1930-10-19 06:32:53'),(22,67,'2010-07-23 07:02:36'),(22,82,'1984-01-14 15:08:10'),(26,9,'1955-12-02 21:06:03'),(26,11,'1964-07-06 17:18:26'),(27,9,'1954-03-20 10:36:16'),(29,18,'1946-02-23 02:49:51'),(29,63,'1960-02-28 19:12:13'),(30,14,'1988-07-03 02:15:45'),(30,61,'2010-04-18 13:54:19'),(30,86,'1935-04-14 22:19:05'),(32,81,'2000-01-30 15:02:36'),(32,88,'1980-01-11 04:29:43'),(33,41,'1975-04-03 12:51:38'),(33,60,'1947-03-18 12:12:48'),(34,76,'1928-03-06 12:21:23'),(36,2,'1950-02-03 12:12:59'),(37,82,'1963-03-15 06:35:57'),(39,4,'1992-10-15 13:34:29'),(40,74,'1923-05-05 16:10:54'),(43,55,'1924-11-03 03:06:49'),(44,52,'2001-12-31 09:38:21'),(45,26,'1961-02-05 08:29:18'),(45,97,'1972-03-29 19:35:56'),(47,19,'1989-08-21 13:38:31'),(47,40,'2014-05-01 09:47:44'),(47,78,'1935-12-04 14:12:38'),(48,30,'1998-07-07 01:25:12'),(49,15,'1949-04-13 14:20:59'),(50,85,'1996-05-26 19:56:45'),(51,49,'1985-05-07 18:26:59'),(51,81,'2011-04-08 21:59:32'),(52,1,'2000-03-23 22:50:17'),(52,57,'1965-09-15 17:44:07'),(53,80,'1976-03-19 04:37:57'),(54,31,'1950-05-26 05:13:08'),(55,15,'1951-02-15 08:58:29'),(55,81,'1969-02-11 09:56:08'),(56,59,'2000-09-25 00:45:41'),(56,61,'2010-01-28 04:24:32'),(57,11,'1967-11-02 13:57:32'),(59,77,'1945-06-01 19:32:06'),(60,24,'1946-12-22 22:33:54'),(60,51,'2011-05-03 01:33:26'),(60,67,'2007-04-23 15:52:26'),(60,68,'1934-05-29 10:51:08'),(61,31,'2004-04-02 17:02:49'),(63,54,'1996-07-17 08:36:29'),(63,74,'1926-03-27 02:06:08'),(64,8,'2017-09-29 01:45:51'),(64,19,'1969-04-04 02:47:37'),(65,71,'1982-04-20 10:43:17'),(67,98,'1971-04-20 12:00:26'),(68,75,'1959-07-18 23:41:00'),(70,82,'2008-02-05 09:59:09'),(72,84,'1935-12-13 23:29:56'),(75,17,'1999-10-10 04:18:48'),(75,61,'1937-11-02 15:01:49'),(75,74,'1996-03-11 21:33:14'),(78,55,'2020-10-24 07:03:45'),(78,93,'1964-02-28 04:06:44'),(80,8,'1927-07-31 06:22:55'),(80,48,'1989-01-14 12:39:36'),(80,97,'1963-07-05 12:42:40'),(81,16,'1964-11-22 13:45:56'),(81,35,'1974-06-24 15:48:38'),(83,25,'1968-12-26 04:18:31'),(84,21,'1980-08-26 21:03:47'),(84,28,'2006-04-12 02:33:06'),(86,78,'2008-01-15 18:16:55'),(87,6,'1977-05-12 17:21:31'),(89,48,'2005-11-03 23:56:41'),(89,60,'2010-06-05 17:58:46'),(89,93,'1966-01-22 15:07:03'),(91,7,'1995-08-24 20:47:26'),(91,58,'1979-01-08 14:46:48'),(91,62,'1923-04-14 18:50:08'),(93,88,'1995-05-09 02:39:41'),(96,11,'1932-12-23 01:50:14'),(96,55,'1942-12-23 10:05:49'),(96,87,'2015-04-07 17:20:54'),(97,1,'2002-06-09 21:53:39'),(98,47,'2011-06-29 11:28:39'),(99,28,'1955-02-17 02:02:08'),(99,100,'1999-03-01 11:11:25'),(100,14,'1932-07-04 14:44:17');
/*!40000 ALTER TABLE `books_users` ENABLE KEYS */;
UNLOCK TABLES;

--
-- Table structure for table `genre_groups`
--

DROP TABLE IF EXISTS `genre_groups`;
/*!40101 SET @saved_cs_client     = @@character_set_client */;
/*!50503 SET character_set_client = utf8mb4 */;
CREATE TABLE `genre_groups` (
  `id` int unsigned NOT NULL COMMENT 'Идентификатор строки',
  `name` varchar(255) NOT NULL COMMENT 'Название группы жанров',
  PRIMARY KEY (`id`),
  UNIQUE KEY `name` (`name`)
) ENGINE=InnoDB DEFAULT CHARSET=utf8mb4 COLLATE=utf8mb4_0900_ai_ci COMMENT='Группы жанров';
/*!40101 SET character_set_client = @saved_cs_client */;

--
-- Dumping data for table `genre_groups`
--

LOCK TABLES `genre_groups` WRITE;
/*!40000 ALTER TABLE `genre_groups` DISABLE KEYS */;
INSERT INTO `genre_groups` VALUES (4,'Бизнес-книги'),(10,'Детские книги'),(9,'Дом, дача'),(5,'Знания и навыки'),(3,'История'),(1,'Легкое чтение'),(6,'Психология, мотивация'),(12,'Публицистика и периодические издания'),(11,'Родителям'),(13,'Самиздат'),(2,'Серьезное чтение'),(7,'Спорт, здоровье, красота'),(8,'Хобби, досуг'),(14,'Черновики');
/*!40000 ALTER TABLE `genre_groups` ENABLE KEYS */;
UNLOCK TABLES;

--
-- Table structure for table `genres`
--

DROP TABLE IF EXISTS `genres`;
/*!40101 SET @saved_cs_client     = @@character_set_client */;
/*!50503 SET character_set_client = utf8mb4 */;
CREATE TABLE `genres` (
  `id` int unsigned NOT NULL AUTO_INCREMENT COMMENT '╨Ш╨┤╨╡╨╜╤В╨╕╤Д╨╕╨║╨░╤В╨╛╤А ╤Б╤В╤А╨╛╨║╨╕',
  `name` varchar(255) CHARACTER SET utf8mb4 COLLATE utf8mb4_unicode_ci NOT NULL COMMENT '╨Э╨░╨╖╨▓╨░╨╜╨╕╨╡ ╨╢╨░╨╜╤А╨░',
  `genre_group_id` int unsigned NOT NULL COMMENT '╨б╤Б╤Л╨╗╨║╨░ ╨╜╨░ ╨│╤А╤Г╨┐╨┐╤Г ╨╢╨░╨╜╤А╨╛╨▓',
  PRIMARY KEY (`id`),
  UNIQUE KEY `name` (`name`),
  KEY `genres_genre_group_id_fk` (`genre_group_id`),
  CONSTRAINT `genres_genre_group_id_fk` FOREIGN KEY (`genre_group_id`) REFERENCES `genre_groups` (`id`) ON DELETE CASCADE
) ENGINE=InnoDB AUTO_INCREMENT=101 DEFAULT CHARSET=utf8mb4 COLLATE=utf8mb4_unicode_ci COMMENT='╨Ц╨░╨╜╤А╤Л';
/*!40101 SET character_set_client = @saved_cs_client */;

--
-- Dumping data for table `genres`
--

LOCK TABLES `genres` WRITE;
/*!40000 ALTER TABLE `genres` DISABLE KEYS */;
INSERT INTO `genres` VALUES (1,'sed',5),(2,'atque',10),(3,'fugiat',6),(4,'quasi',13),(5,'suscipit',5),(6,'distinctio',12),(7,'cumque',4),(8,'possimus',13),(9,'rerum',9),(10,'nam',6),(11,'maiores',3),(12,'mollitia',8),(13,'est',5),(14,'non',12),(15,'dignissimos',5),(16,'nostrum',14),(17,'quae',14),(18,'odit',1),(19,'harum',3),(20,'officiis',13),(21,'incidunt',11),(22,'voluptatem',4),(23,'et',13),(24,'animi',9),(25,'aperiam',8),(26,'repudiandae',10),(27,'voluptas',14),(28,'earum',9),(29,'vel',2),(30,'sint',12),(31,'molestias',13),(32,'praesentium',13),(33,'beatae',11),(34,'blanditiis',1),(35,'nemo',2),(36,'quia',4),(37,'laudantium',1),(38,'laborum',6),(39,'enim',11),(40,'quaerat',10),(41,'cum',1),(42,'magnam',4),(43,'omnis',3),(44,'veniam',1),(45,'aliquid',9),(46,'iusto',1),(47,'qui',6),(48,'doloribus',14),(49,'culpa',7),(50,'corrupti',7),(51,'ut',1),(52,'eum',10),(53,'corporis',5),(54,'nesciunt',8),(55,'minus',9),(56,'repellendus',7),(57,'molestiae',10),(58,'odio',12),(59,'ab',1),(60,'sit',9),(61,'deserunt',3),(62,'adipisci',12),(63,'debitis',11),(64,'neque',4),(65,'quis',1),(66,'explicabo',4),(67,'quo',5),(68,'quod',13),(69,'pariatur',5),(70,'dolore',13),(71,'autem',10),(72,'sapiente',8),(73,'aut',10),(74,'libero',12),(75,'dicta',1),(76,'dolorem',12),(77,'perferendis',12),(78,'assumenda',11),(79,'eos',5),(80,'totam',7),(81,'numquam',2),(82,'voluptate',5),(83,'placeat',2),(84,'quam',10),(85,'occaecati',3),(86,'deleniti',12),(87,'consectetur',9),(88,'ex',7),(89,'consequatur',7),(90,'eligendi',14),(91,'ullam',6),(92,'magni',1),(93,'ipsam',13),(94,'modi',9),(95,'natus',4),(96,'dolorum',5),(97,'laboriosam',12),(98,'id',3),(99,'accusantium',9),(100,'sunt',6);
/*!40000 ALTER TABLE `genres` ENABLE KEYS */;
UNLOCK TABLES;

--
-- Table structure for table `libraries`
--

DROP TABLE IF EXISTS `libraries`;
/*!40101 SET @saved_cs_client     = @@character_set_client */;
/*!50503 SET character_set_client = utf8mb4 */;
CREATE TABLE `libraries` (
  `id` int unsigned NOT NULL AUTO_INCREMENT COMMENT 'Идентификатор строки',
  `name` varchar(255) NOT NULL COMMENT 'Название библиотеки',
  `created_at` datetime DEFAULT CURRENT_TIMESTAMP COMMENT 'Время создания строки',
  `updated_at` datetime DEFAULT CURRENT_TIMESTAMP ON UPDATE CURRENT_TIMESTAMP COMMENT 'Время обновления строки',
  PRIMARY KEY (`id`),
  UNIQUE KEY `name` (`name`)
) ENGINE=InnoDB AUTO_INCREMENT=22 DEFAULT CHARSET=utf8mb4 COLLATE=utf8mb4_0900_ai_ci COMMENT='Библиотеки';
/*!40101 SET character_set_client = @saved_cs_client */;

--
-- Dumping data for table `libraries`
--

LOCK TABLES `libraries` WRITE;
/*!40000 ALTER TABLE `libraries` DISABLE KEYS */;
INSERT INTO `libraries` VALUES (1,'Библиотека № 2 им. А.М. Горького','2021-05-03 22:47:34','2021-05-03 22:47:34'),(2,'Детская библиотека №1','2021-05-03 22:47:34','2021-05-03 22:47:34'),(3,'Центральная детская библиотека','2021-05-03 22:47:34','2021-05-03 22:47:34'),(4,'Библиотека «Охтинская»','2021-05-03 22:47:34','2021-05-03 22:47:34'),(5,'Библиотека № 5','2021-05-03 22:47:34','2021-05-03 22:47:34'),(6,'Детская библиотека № 6','2021-05-03 22:47:34','2021-05-03 22:47:34'),(7,'Дальневосточная государственная научная библиотека г. Хабаровск','2021-05-03 22:47:34','2021-05-03 22:47:34'),(8,'Иркутская областная государственная универсальная научная библиотека','2021-05-03 22:47:34','2021-05-03 22:47:34'),(9,'Красноярская краевая молодежная библиотека','2021-05-03 22:47:34','2021-05-03 22:47:34'),(10,'Липецкая областная юношеская библиотека','2021-05-03 22:47:34','2021-05-03 22:47:34'),(11,'МБУ «Централизованная библиотечная система» г. Норильск','2021-05-03 22:47:34','2021-05-03 22:47:34'),(12,'Муниципальное казенное учреждение культуры «Охотская районная библиотека»','2021-05-03 22:47:34','2021-05-03 22:47:34'),(13,'Национальная библиотека Ямало-Ненецкого Автономного Округа г. Салехард','2021-05-03 22:47:34','2021-05-03 22:47:34'),(14,'Российская государственная библиотека для молодежи г.Москва','2021-05-03 22:47:34','2021-05-03 22:47:34'),(15,'Рязанская областная универсальная научная библиотека имени Горького','2021-05-03 22:47:34','2021-05-03 22:47:34'),(16,'Самарская областная детская библиотека','2021-05-03 22:47:34','2021-05-03 22:47:34'),(17,'Свердловская областная библиотека для детей и юношества','2021-05-03 22:47:34','2021-05-03 22:47:34'),(18,'Ставропольская централизованная библиотечная система','2021-05-03 22:47:34','2021-05-03 22:47:34'),(19,'Централизованная библиотечная система г. Сургут','2021-05-03 22:47:34','2021-05-03 22:47:34'),(20,'Центральная городская детская библиотека имени А.П. Гайдара г.Москва','2021-05-03 22:47:34','2021-05-03 22:47:34'),(21,'Центральная городская публичная библиотека имени В.В. Маяковского г. Санкт-Петербург','2021-05-03 22:47:34','2021-05-03 22:47:34');
/*!40000 ALTER TABLE `libraries` ENABLE KEYS */;
UNLOCK TABLES;

--
-- Table structure for table `libraries_users`
--

DROP TABLE IF EXISTS `libraries_users`;
/*!40101 SET @saved_cs_client     = @@character_set_client */;
/*!50503 SET character_set_client = utf8mb4 */;
CREATE TABLE `libraries_users` (
  `library_id` int unsigned NOT NULL COMMENT '╨б╤Б╤Л╨╗╨║╨░ ╨╜╨░ ╨▒╨╕╨▒╨╗╨╕╨╛╤В╨╡╨║╤Г',
  `user_id` int unsigned NOT NULL COMMENT '╨б╤Б╤Л╨╗╨║╨░ ╨╜╨░ ╨┐╨╛╨╗╤М╨╖╨╛╨▓╨░╤В╨╡╨╗╤П',
  `created_at` datetime DEFAULT CURRENT_TIMESTAMP COMMENT '╨Т╤А╨╡╨╝╤П ╤Б╨╛╨╖╨┤╨░╨╜╨╕╤П ╤Б╤В╤А╨╛╨║╨╕',
  PRIMARY KEY (`library_id`,`user_id`) COMMENT '╨б╨╛╤Б╤В╨░╨▓╨╜╨╛╨╣ ╨┐╨╡╤А╨▓╨╕╤З╨╜╤Л╨╣ ╨║╨╗╤О╤З',
  KEY `libraries_users_user_id_fk` (`user_id`),
  CONSTRAINT `libraries_users_library_id_fk` FOREIGN KEY (`library_id`) REFERENCES `libraries` (`id`) ON DELETE CASCADE,
  CONSTRAINT `libraries_users_user_id_fk` FOREIGN KEY (`user_id`) REFERENCES `users` (`id`) ON DELETE CASCADE
) ENGINE=InnoDB DEFAULT CHARSET=utf8mb4 COLLATE=utf8mb4_unicode_ci COMMENT='╨Я╨╛╨╗╤М╨╖╨╛╨▓╨░╤В╨╡╨╗╤М╤Б╨║╨╕╨╡ ╨▒╨╕╨▒╨╗╨╕╨╛╤В╨╡╨║╨╕, ╤Б╨▓╤П╨╖╤М ╨╝╨╡╨╢╨┤╤Г ╨┐╨╛╨╗╤М╨╖╨╛╨▓╨░╤В╨╡╨╗╤П╨╝╨╕ ╨╕ ╤Б╤В╨╛╤А╨╛╨╜╨╜╨╕╨╝╨╕ ╨▒╨╕╨▒╨╗╨╕╨╛╤В╨╡╨║╨░╨╝╨╕';
/*!40101 SET character_set_client = @saved_cs_client */;

--
-- Dumping data for table `libraries_users`
--

LOCK TABLES `libraries_users` WRITE;
/*!40000 ALTER TABLE `libraries_users` DISABLE KEYS */;
INSERT INTO `libraries_users` VALUES (1,15,'2017-11-27 10:55:44'),(1,19,'2021-02-01 19:43:56'),(1,52,'2014-10-27 16:13:55'),(1,65,'2014-07-18 16:33:21'),(1,81,'2012-08-25 22:48:44'),(1,96,'2020-04-18 19:07:32'),(2,1,'2012-03-05 22:36:33'),(2,3,'2019-03-28 22:09:04'),(2,9,'2021-04-18 06:40:24'),(2,23,'2015-01-18 22:12:27'),(2,25,'2017-09-23 12:51:55'),(2,53,'2012-06-24 21:58:55'),(2,61,'2013-05-17 19:23:34'),(2,91,'2016-06-14 17:50:29'),(3,27,'2018-11-06 09:29:40'),(3,59,'2018-08-11 04:17:52'),(3,69,'2020-04-03 06:37:20'),(3,78,'2016-04-22 10:38:13'),(3,87,'2016-10-25 22:11:55'),(4,16,'2019-01-13 10:46:59'),(4,28,'2018-07-17 03:19:15'),(4,38,'2014-05-29 00:49:25'),(4,50,'2012-01-13 16:16:14'),(4,54,'2012-12-26 11:01:08'),(4,71,'2018-07-28 16:18:31'),(4,93,'2016-12-26 20:40:09'),(5,22,'2017-02-19 04:20:12'),(5,36,'2012-11-21 02:18:09'),(5,58,'2020-03-30 03:12:28'),(5,74,'2013-10-01 22:58:57'),(5,79,'2016-08-09 11:35:46'),(5,88,'2018-05-03 09:16:59'),(5,95,'2021-03-17 10:41:31'),(5,98,'2018-03-05 10:48:58'),(6,2,'2021-01-07 15:29:21'),(6,11,'2016-10-14 23:40:43'),(7,43,'2020-08-17 10:30:29'),(7,76,'2018-07-12 00:48:09'),(7,90,'2014-07-08 12:07:24'),(7,94,'2014-12-05 04:18:03'),(8,100,'2021-01-03 12:19:16'),(9,29,'2014-02-08 00:40:10'),(9,63,'2018-07-12 15:03:21'),(9,67,'2015-05-18 22:23:21'),(9,72,'2018-09-13 14:23:22'),(9,83,'2017-09-02 05:09:33'),(9,84,'2020-12-28 17:31:16'),(10,13,'2017-10-13 05:07:04'),(10,47,'2015-07-04 21:59:03'),(10,86,'2013-06-04 06:52:55'),(10,92,'2019-12-14 18:08:42'),(10,97,'2012-02-01 21:35:34'),(11,6,'2018-09-09 14:33:48'),(11,10,'2012-07-12 05:59:36'),(11,26,'2016-05-11 23:09:33'),(11,31,'2019-07-06 01:18:23'),(11,46,'2014-04-12 11:20:05'),(11,66,'2011-10-06 14:31:04'),(11,70,'2018-04-15 10:46:34'),(11,73,'2015-06-27 07:02:42'),(12,30,'2018-04-09 01:33:12'),(12,40,'2020-09-25 05:25:19'),(12,42,'2015-10-29 01:48:27'),(13,75,'2012-11-18 20:59:47'),(14,4,'2020-01-29 20:27:08'),(14,17,'2019-09-13 00:11:34'),(14,24,'2021-01-21 00:02:19'),(14,39,'2012-07-28 10:05:10'),(14,45,'2021-02-05 18:09:29'),(14,55,'2015-04-11 01:16:28'),(15,14,'2019-01-14 07:50:30'),(15,21,'2016-03-11 02:21:33'),(15,57,'2011-06-11 07:23:23'),(15,68,'2014-07-14 08:12:16'),(16,20,'2015-08-03 06:03:42'),(16,49,'2016-09-15 06:11:31'),(16,51,'2019-07-20 00:38:35'),(16,56,'2020-06-08 16:07:44'),(16,62,'2013-08-03 19:53:38'),(16,80,'2016-07-20 06:37:47'),(16,85,'2014-05-28 16:11:44'),(17,18,'2017-06-16 21:30:58'),(17,35,'2017-07-03 20:07:07'),(17,37,'2014-10-06 02:40:18'),(17,89,'2012-12-13 17:05:37'),(17,99,'2017-07-27 03:13:01'),(18,12,'2020-08-14 03:41:57'),(18,41,'2017-02-25 07:44:55'),(18,48,'2015-04-22 04:05:05'),(18,64,'2014-11-15 08:24:55'),(18,77,'2013-07-25 05:13:22'),(19,5,'2015-02-25 11:06:47'),(19,7,'2020-11-08 12:45:07'),(19,32,'2015-03-10 11:37:44'),(19,34,'2013-06-11 11:49:47'),(19,60,'2018-05-17 12:57:58'),(19,82,'2015-08-11 08:26:40'),(20,8,'2015-01-17 16:11:33'),(20,33,'2014-05-24 14:41:41'),(20,44,'2021-02-19 14:40:06');
/*!40000 ALTER TABLE `libraries_users` ENABLE KEYS */;
UNLOCK TABLES;

--
-- Table structure for table `litres_ratings`
--

DROP TABLE IF EXISTS `litres_ratings`;
/*!40101 SET @saved_cs_client     = @@character_set_client */;
/*!50503 SET character_set_client = utf8mb4 */;
CREATE TABLE `litres_ratings` (
  `book_id` int unsigned NOT NULL COMMENT '╨б╤Б╤Л╨╗╨║╨░ ╨╜╨░ ╨║╨╜╨╕╨│╤Г',
  `user_id` int unsigned NOT NULL COMMENT '╨б╤Б╤Л╨╗╨║╨░ ╨╜╨░ ╨┐╨╛╨╗╤М╨╖╨╛╨▓╨░╤В╨╡╨╗╤П, ╨┐╨╛╤Б╤В╨░╨▓╨╕╨▓╤И╨╡╨│╨╛ ╨╛╤Ж╨╡╨╜╨║╤Г',
  `rating` int NOT NULL COMMENT '╨Ю╤Ж╨╡╨╜╨║╨░ ╨║╨╜╨╕╨│╨╕',
  `created_at` datetime DEFAULT CURRENT_TIMESTAMP COMMENT '╨Т╤А╨╡╨╝╤П ╤Б╨╛╨╖╨┤╨░╨╜╨╕╤П ╤Б╤В╤А╨╛╨║╨╕',
  `updated_at` datetime DEFAULT CURRENT_TIMESTAMP ON UPDATE CURRENT_TIMESTAMP COMMENT '╨Т╤А╨╡╨╝╤П ╨╛╨▒╨╜╨╛╨▓╨╗╨╡╨╜╨╕╤П ╤Б╤В╤А╨╛╨║╨╕',
  KEY `litres_ratings_book_id_fk` (`book_id`),
  KEY `litres_ratings_user_id_fk` (`user_id`),
  CONSTRAINT `litres_ratings_book_id_fk` FOREIGN KEY (`book_id`) REFERENCES `books` (`id`) ON DELETE CASCADE,
  CONSTRAINT `litres_ratings_user_id_fk` FOREIGN KEY (`user_id`) REFERENCES `users` (`id`) ON DELETE CASCADE
) ENGINE=InnoDB DEFAULT CHARSET=utf8mb4 COLLATE=utf8mb4_unicode_ci;
/*!40101 SET character_set_client = @saved_cs_client */;

--
-- Dumping data for table `litres_ratings`
--

LOCK TABLES `litres_ratings` WRITE;
/*!40000 ALTER TABLE `litres_ratings` DISABLE KEYS */;
INSERT INTO `litres_ratings` VALUES (21,18,4,'1988-03-27 15:21:19','2021-05-03 22:56:44'),(83,88,2,'1931-01-26 08:36:58','2021-05-03 22:56:44'),(50,87,5,'1962-04-14 17:56:41','2021-05-03 22:56:44'),(100,70,5,'2004-11-15 02:20:18','2021-05-03 22:56:44'),(49,86,2,'1940-09-07 02:10:07','2021-05-03 22:56:44'),(44,22,5,'1996-05-08 17:39:24','2021-05-03 22:56:44'),(75,52,3,'1945-10-03 06:46:07','2021-05-03 22:56:44'),(41,92,2,'1949-01-24 09:11:18','2021-05-03 22:56:44'),(81,4,1,'2020-05-22 00:41:45','2021-05-03 22:56:44'),(80,43,4,'1973-03-27 09:20:42','2021-05-03 22:56:44'),(56,4,1,'1984-11-26 23:39:38','2021-05-03 22:56:44'),(42,92,2,'1929-03-28 10:12:50','2021-05-03 22:56:44'),(40,45,1,'1924-03-31 11:57:05','2021-05-03 22:56:44'),(76,48,1,'1970-05-21 20:13:02','2021-05-03 22:56:44'),(56,3,1,'1928-11-26 12:17:46','2021-05-03 22:56:44'),(52,74,4,'1929-08-24 23:21:20','2021-05-03 22:56:44'),(94,59,4,'2010-04-14 05:44:54','2021-05-03 22:56:44'),(13,72,1,'2007-12-27 05:46:54','2021-05-03 22:56:44'),(82,82,2,'1925-11-27 00:40:51','2021-05-03 22:56:44'),(69,94,1,'2010-04-03 10:56:57','2021-05-03 22:56:44'),(99,22,3,'1947-04-10 21:44:55','2021-05-03 22:56:44'),(88,29,1,'2005-12-20 11:43:59','2021-05-03 22:56:44'),(43,79,4,'1967-08-09 17:04:57','2021-05-03 22:56:44'),(50,8,5,'1984-05-11 06:57:17','2021-05-03 22:56:44'),(22,1,2,'1987-12-11 15:42:11','2021-05-03 22:56:44'),(58,81,1,'1956-11-16 19:29:12','2021-05-03 22:56:44'),(25,2,1,'1997-04-17 17:06:45','2021-05-03 22:56:44'),(49,67,5,'1964-01-27 08:11:27','2021-05-03 22:56:44'),(69,30,2,'1963-09-06 08:24:45','2021-05-03 22:56:44'),(97,46,1,'1977-04-30 07:37:13','2021-05-03 22:56:44'),(78,39,3,'1992-05-09 16:47:08','2021-05-03 22:56:44'),(97,57,1,'1952-04-22 09:51:20','2021-05-03 22:56:44'),(54,70,1,'1953-09-24 06:19:26','2021-05-03 22:56:44'),(75,75,2,'1972-09-26 11:22:42','2021-05-03 22:56:44'),(15,65,5,'1940-04-24 15:14:40','2021-05-03 22:56:44'),(48,1,1,'1962-01-13 05:03:55','2021-05-03 22:56:44'),(95,9,3,'1975-03-17 09:07:50','2021-05-03 22:56:44'),(32,40,5,'1972-08-15 12:19:15','2021-05-03 22:56:44'),(73,73,5,'1929-08-04 04:43:55','2021-05-03 22:56:44'),(68,44,3,'1936-06-23 07:46:34','2021-05-03 22:56:44'),(21,1,4,'1947-11-13 12:51:55','2021-05-03 22:56:44'),(100,71,5,'1985-12-01 22:16:55','2021-05-03 22:56:44'),(37,55,3,'1950-06-19 13:05:50','2021-05-03 22:56:44'),(84,59,5,'1963-10-10 15:12:57','2021-05-03 22:56:44'),(10,28,3,'1999-12-15 03:22:24','2021-05-03 22:56:44'),(96,65,1,'1989-11-02 02:58:59','2021-05-03 22:56:44'),(50,41,5,'1980-04-03 03:26:23','2021-05-03 22:56:44'),(61,7,3,'2001-06-04 07:41:36','2021-05-03 22:56:44'),(56,14,4,'1955-11-17 23:31:56','2021-05-03 22:56:44'),(97,48,1,'1938-08-19 11:17:46','2021-05-03 22:56:44'),(17,96,2,'1928-02-26 17:28:24','2021-05-03 22:56:44'),(91,37,2,'1977-02-26 23:41:39','2021-05-03 22:56:44'),(5,96,1,'1974-07-10 09:10:58','2021-05-03 22:56:44'),(51,69,2,'1998-08-02 16:40:11','2021-05-03 22:56:44'),(40,56,3,'1971-06-24 22:50:59','2021-05-03 22:56:44'),(46,71,3,'1932-02-10 15:01:08','2021-05-03 22:56:44'),(9,86,5,'2003-08-05 10:35:45','2021-05-03 22:56:44'),(9,16,5,'2007-01-20 18:25:07','2021-05-03 22:56:44'),(15,24,4,'1932-11-03 13:06:37','2021-05-03 22:56:44'),(47,71,2,'2014-04-24 10:23:01','2021-05-03 22:56:44'),(88,82,2,'1970-11-17 17:54:08','2021-05-03 22:56:44'),(2,99,1,'1922-01-20 10:25:11','2021-05-03 22:56:44'),(43,46,5,'1973-09-16 03:34:30','2021-05-03 22:56:44'),(11,31,5,'1981-11-21 14:42:06','2021-05-03 22:56:44'),(25,20,2,'1985-06-05 13:47:15','2021-05-03 22:56:44'),(92,3,3,'2012-11-08 09:51:10','2021-05-03 22:56:44'),(82,58,4,'2014-07-26 02:33:19','2021-05-03 22:56:44'),(36,78,3,'1973-08-04 22:54:18','2021-05-03 22:56:44'),(31,18,3,'1968-04-21 09:04:44','2021-05-03 22:56:44'),(48,53,5,'2013-12-11 00:54:38','2021-05-03 22:56:44'),(46,10,5,'1992-06-10 08:09:17','2021-05-03 22:56:44'),(87,93,1,'1957-12-23 06:36:54','2021-05-03 22:56:44'),(94,32,1,'2004-01-08 15:03:01','2021-05-03 22:56:44'),(8,80,2,'1963-01-06 01:31:01','2021-05-03 22:56:44'),(60,6,4,'1982-09-08 10:41:49','2021-05-03 22:56:44'),(72,88,1,'1976-05-13 04:15:31','2021-05-03 22:56:44'),(83,21,1,'1971-12-30 08:20:28','2021-05-03 22:56:44'),(97,43,4,'1970-11-16 05:15:23','2021-05-03 22:56:44'),(38,50,4,'2010-11-28 03:05:13','2021-05-03 22:56:44'),(96,19,1,'2012-10-31 01:11:56','2021-05-03 22:56:44'),(67,47,1,'1968-06-28 16:54:34','2021-05-03 22:56:44'),(46,77,1,'1969-09-10 22:42:07','2021-05-03 22:56:44'),(29,42,2,'1992-06-15 23:37:14','2021-05-03 22:56:44'),(5,80,5,'1949-09-19 15:49:27','2021-05-03 22:56:44'),(40,75,4,'2012-02-10 13:45:50','2021-05-03 22:56:44'),(85,33,3,'1994-09-11 00:23:40','2021-05-03 22:56:44'),(3,39,3,'1934-05-05 07:50:43','2021-05-03 22:56:44'),(61,97,5,'1993-03-02 19:15:35','2021-05-03 22:56:44'),(94,66,3,'1959-11-23 13:43:07','2021-05-03 22:56:44'),(87,40,2,'2020-08-10 15:50:54','2021-05-03 22:56:44'),(52,1,5,'1952-02-15 00:10:48','2021-05-03 22:56:44'),(98,84,3,'1998-05-02 15:03:24','2021-05-03 22:56:44'),(36,18,3,'1926-11-16 23:20:21','2021-05-03 22:56:44'),(84,39,3,'2011-11-17 04:44:01','2021-05-03 22:56:44'),(11,37,5,'2002-03-26 16:05:31','2021-05-03 22:56:44'),(3,69,3,'2016-02-24 21:42:49','2021-05-03 22:56:44'),(82,31,1,'1963-09-09 06:15:52','2021-05-03 22:56:44'),(2,51,3,'1942-02-02 06:45:00','2021-05-03 22:56:44'),(61,60,5,'1976-08-07 15:38:05','2021-05-03 22:56:44'),(100,46,2,'1974-07-18 21:08:09','2021-05-03 22:56:44');
/*!40000 ALTER TABLE `litres_ratings` ENABLE KEYS */;
UNLOCK TABLES;

--
-- Table structure for table `mailing`
--

DROP TABLE IF EXISTS `mailing`;
/*!40101 SET @saved_cs_client     = @@character_set_client */;
/*!50503 SET character_set_client = utf8mb4 */;
CREATE TABLE `mailing` (
  `id` int unsigned NOT NULL COMMENT 'Идентификатор строки',
  `name` varchar(255) NOT NULL COMMENT 'Название рассылки',
  PRIMARY KEY (`id`),
  UNIQUE KEY `name` (`name`)
) ENGINE=InnoDB DEFAULT CHARSET=utf8mb4 COLLATE=utf8mb4_0900_ai_ci COMMENT='Рассылки';
/*!40101 SET character_set_client = @saved_cs_client */;

--
-- Dumping data for table `mailing`
--

LOCK TABLES `mailing` WRITE;
/*!40000 ALTER TABLE `mailing` DISABLE KEYS */;
INSERT INTO `mailing` VALUES (4,'android-push читай (~ежедневно)'),(2,'Напоминание о корзине'),(3,'Предложения оставить отзыв и оценить прочитанную книгу (после каждой покупки)'),(5,'Уведомления на странице сайта'),(1,'Уведомления об интересных лично вам новинках и акциях на e-mail (~дважды в неделю)');
/*!40000 ALTER TABLE `mailing` ENABLE KEYS */;
UNLOCK TABLES;

--
-- Table structure for table `mailing_users`
--

DROP TABLE IF EXISTS `mailing_users`;
/*!40101 SET @saved_cs_client     = @@character_set_client */;
/*!50503 SET character_set_client = utf8mb4 */;
CREATE TABLE `mailing_users` (
  `mailing_id` int unsigned NOT NULL COMMENT '╨б╤Б╤Л╨╗╨║╨░ ╨╜╨░ ╤А╨░╤Б╤Б╤Л╨╗╨║╤Г',
  `user_id` int unsigned NOT NULL COMMENT '╨б╤Б╤Л╨╗╨║╨░ ╨╜╨░ ╨┐╨╛╨╗╤М╨╖╨╛╨▓╨░╤В╨╡╨╗╤П',
  `created_at` datetime DEFAULT CURRENT_TIMESTAMP COMMENT '╨Т╤А╨╡╨╝╤П ╤Б╨╛╨╖╨┤╨░╨╜╨╕╤П ╤Б╤В╤А╨╛╨║╨╕',
  PRIMARY KEY (`mailing_id`,`user_id`) COMMENT '╨б╨╛╤Б╤В╨░╨▓╨╜╨╛╨╣ ╨┐╨╡╤А╨▓╨╕╤З╨╜╤Л╨╣ ╨║╨╗╤О╤З',
  KEY `mailing_users_user_id_fk` (`user_id`),
  CONSTRAINT `mailing_users_mailing_id_fk` FOREIGN KEY (`mailing_id`) REFERENCES `mailing` (`id`) ON DELETE CASCADE,
  CONSTRAINT `mailing_users_user_id_fk` FOREIGN KEY (`user_id`) REFERENCES `users` (`id`) ON DELETE CASCADE
) ENGINE=InnoDB DEFAULT CHARSET=utf8mb4 COLLATE=utf8mb4_unicode_ci COMMENT='╨а╨░╤Б╤Б╤Л╨╗╨║╨╕ ╨┐╨╛╨╗╤М╨╖╨╛╨▓╨░╤В╨╡╨╗╨╡╨╣, ╤Б╨▓╤П╨╖╤М ╨╝╨╡╨╢╨┤╤Г ╨┐╨╛╨╗╤М╨╖╨╛╨▓╨░╤В╨╡╨╗╤П╨╝╨╕ ╨╕ ╤А╨░╤Б╤Б╤Л╨╗╨║╨░╨╝╨╕, ╨╜╨░ ╨║╨╛╤В╨╛╤А╤Л╨╡ ╨╛╨╜╨╕ ╨┐╨╛╨┤╨┐╨╕╤Б╨░╨╜╤Л';
/*!40101 SET character_set_client = @saved_cs_client */;

--
-- Dumping data for table `mailing_users`
--

LOCK TABLES `mailing_users` WRITE;
/*!40000 ALTER TABLE `mailing_users` DISABLE KEYS */;
INSERT INTO `mailing_users` VALUES (1,2,'2018-04-07 17:58:26'),(1,6,'2015-04-18 02:19:15'),(1,14,'2020-04-28 21:00:14'),(1,17,'2019-04-11 12:55:53'),(1,22,'2019-02-18 05:36:26'),(1,24,'2014-10-04 07:30:33'),(1,29,'2020-07-19 18:58:41'),(1,30,'2013-03-25 21:43:19'),(1,32,'2012-02-28 17:10:33'),(1,33,'2020-11-20 00:36:47'),(1,39,'2019-12-19 04:44:42'),(1,49,'2020-03-03 18:42:44'),(1,50,'2017-10-04 20:59:45'),(1,55,'2019-12-09 07:53:12'),(1,66,'2014-08-23 21:45:24'),(1,71,'2015-06-30 11:49:37'),(1,76,'2016-01-10 12:46:54'),(1,81,'2017-02-07 11:35:39'),(1,82,'2016-06-24 06:37:35'),(1,90,'2016-03-03 06:32:26'),(1,91,'2016-06-11 10:05:56'),(1,95,'2017-06-01 21:01:29'),(2,5,'2019-08-03 19:53:58'),(2,12,'2014-08-21 05:11:49'),(2,15,'2011-10-11 04:38:01'),(2,18,'2016-01-10 12:53:57'),(2,26,'2020-02-26 20:51:20'),(2,37,'2017-11-07 20:32:51'),(2,38,'2015-07-21 23:36:27'),(2,43,'2018-07-26 10:18:24'),(2,48,'2014-07-05 23:19:58'),(2,52,'2015-03-18 18:12:32'),(2,70,'2018-02-24 17:39:44'),(2,80,'2019-11-11 01:17:12'),(2,83,'2015-04-30 17:08:37'),(2,88,'2016-03-14 16:12:53'),(2,92,'2017-12-31 10:39:22'),(2,96,'2016-12-28 20:58:31'),(2,98,'2018-01-14 06:53:22'),(2,99,'2011-10-28 03:28:48'),(3,4,'2018-03-11 19:58:32'),(3,16,'2016-11-01 01:21:22'),(3,35,'2018-10-08 06:09:37'),(3,40,'2021-02-02 22:57:10'),(3,45,'2019-11-13 00:13:15'),(3,47,'2016-12-25 04:19:56'),(3,61,'2013-04-09 12:39:23'),(3,62,'2016-09-25 16:15:31'),(3,67,'2016-04-21 23:57:03'),(3,68,'2012-12-02 03:45:57'),(3,79,'2011-10-25 22:46:21'),(3,89,'2019-03-18 18:19:58'),(3,93,'2012-07-15 22:22:58'),(3,97,'2019-01-22 19:40:39'),(3,100,'2020-02-15 15:27:59'),(4,1,'2020-06-07 11:13:43'),(4,7,'2013-02-19 09:41:55'),(4,9,'2011-06-26 04:23:03'),(4,13,'2021-04-06 00:07:13'),(4,25,'2016-11-27 18:39:56'),(4,27,'2020-08-31 02:19:58'),(4,28,'2012-10-24 12:19:48'),(4,31,'2013-05-10 19:55:54'),(4,34,'2021-04-19 22:01:31'),(4,36,'2018-09-20 14:39:22'),(4,42,'2017-02-04 13:29:18'),(4,51,'2017-10-29 07:21:04'),(4,53,'2021-01-28 01:58:44'),(4,56,'2018-10-23 18:49:23'),(4,64,'2021-01-14 09:08:25'),(4,72,'2015-02-04 12:46:45'),(4,74,'2012-09-19 09:12:38'),(4,77,'2015-02-24 16:23:10'),(4,84,'2013-09-24 05:07:41'),(4,85,'2017-12-25 09:22:00'),(4,94,'2018-07-01 01:59:21'),(5,3,'2015-06-01 23:08:27'),(5,8,'2017-04-30 16:42:12'),(5,10,'2012-05-08 11:23:29'),(5,11,'2012-07-20 11:56:50'),(5,19,'2012-04-01 11:16:02'),(5,20,'2014-01-19 21:21:33'),(5,21,'2018-01-21 04:50:20'),(5,23,'2020-09-04 02:05:03'),(5,41,'2012-06-09 22:00:46'),(5,44,'2017-07-20 01:34:03'),(5,46,'2017-04-24 15:35:00'),(5,54,'2018-10-06 15:51:02'),(5,57,'2019-03-18 07:06:08'),(5,58,'2016-06-03 06:23:12'),(5,59,'2016-11-11 02:14:55'),(5,60,'2013-12-12 20:19:55'),(5,63,'2019-07-19 17:21:10'),(5,65,'2017-04-16 10:12:42'),(5,69,'2019-03-04 16:35:09'),(5,73,'2014-05-03 03:53:11'),(5,75,'2013-01-10 22:57:16'),(5,78,'2012-05-19 02:49:39'),(5,86,'2016-04-22 13:10:19'),(5,87,'2018-09-30 06:03:25');
/*!40000 ALTER TABLE `mailing_users` ENABLE KEYS */;
UNLOCK TABLES;

--
-- Table structure for table `operations`
--

DROP TABLE IF EXISTS `operations`;
/*!40101 SET @saved_cs_client     = @@character_set_client */;
/*!50503 SET character_set_client = utf8mb4 */;
CREATE TABLE `operations` (
  `id` int unsigned NOT NULL COMMENT 'Идентификатор строки',
  `name` varchar(255) NOT NULL COMMENT 'Название операции',
  PRIMARY KEY (`id`),
  UNIQUE KEY `name` (`name`)
) ENGINE=InnoDB DEFAULT CHARSET=utf8mb4 COLLATE=utf8mb4_0900_ai_ci COMMENT='Операции';
/*!40101 SET character_set_client = @saved_cs_client */;

--
-- Dumping data for table `operations`
--

LOCK TABLES `operations` WRITE;
/*!40000 ALTER TABLE `operations` DISABLE KEYS */;
INSERT INTO `operations` VALUES (7,'Активация купона'),(2,'Выполнено объединение с пользователем'),(5,'Заказ закрыт'),(4,'Начата оплата счета'),(8,'Начисление бонуса'),(6,'Ошибка оплаты'),(3,'Покупка книги'),(1,'Получена книга по акции');
/*!40000 ALTER TABLE `operations` ENABLE KEYS */;
UNLOCK TABLES;

--
-- Table structure for table `operations_users`
--

DROP TABLE IF EXISTS `operations_users`;
/*!40101 SET @saved_cs_client     = @@character_set_client */;
/*!50503 SET character_set_client = utf8mb4 */;
CREATE TABLE `operations_users` (
  `operation_id` int unsigned NOT NULL COMMENT '╨б╤Б╤Л╨╗╨║╨░ ╨╜╨░ ╨╛╨┐╨╡╤А╨░╤Ж╨╕╤О',
  `user_id` int unsigned NOT NULL COMMENT '╨б╤Б╤Л╨╗╨║╨░ ╨╜╨░ ╨┐╨╛╨╗╤М╨╖╨╛╨▓╨░╤В╨╡╨╗╤П',
  `created_at` datetime DEFAULT CURRENT_TIMESTAMP COMMENT '╨Т╤А╨╡╨╝╤П ╤Б╨╛╨╖╨┤╨░╨╜╨╕╤П ╤Б╤В╤А╨╛╨║╨╕',
  PRIMARY KEY (`operation_id`,`user_id`) COMMENT '╨б╨╛╤Б╤В╨░╨▓╨╜╨╛╨╣ ╨┐╨╡╤А╨▓╨╕╤З╨╜╤Л╨╣ ╨║╨╗╤О╤З',
  KEY `operations_users_user_id_fk` (`user_id`),
  CONSTRAINT `operations_users_operation_id_fk` FOREIGN KEY (`operation_id`) REFERENCES `operations` (`id`) ON DELETE CASCADE,
  CONSTRAINT `operations_users_user_id_fk` FOREIGN KEY (`user_id`) REFERENCES `users` (`id`) ON DELETE CASCADE
) ENGINE=InnoDB DEFAULT CHARSET=utf8mb4 COLLATE=utf8mb4_unicode_ci COMMENT='╨Ю╨┐╨╡╤А╨░╤Ж╨╕╨╕ ╨┐╨╛╨╗╤М╨╖╨╛╨▓╨░╤В╨╡╨╗╨╡╨╣, ╤Б╨▓╤П╨╖╤М ╨╝╨╡╨╢╨┤╤Г ╨┐╨╛╨╗╤М╨╖╨╛╨▓╨░╤В╨╡╨╗╤П╨╝╨╕ ╨╕ ╤Б╨╛╨▓╨╡╤А╤И╨╡╨╜╨╜╤Л╨╝╨╕ ╨╕╨╝╨╕ ╨╛╨┐╨╡╤А╨░╤Ж╨╕╤П╨╝╨╕';
/*!40101 SET character_set_client = @saved_cs_client */;

--
-- Dumping data for table `operations_users`
--

LOCK TABLES `operations_users` WRITE;
/*!40000 ALTER TABLE `operations_users` DISABLE KEYS */;
INSERT INTO `operations_users` VALUES (1,6,'1977-07-30 13:00:42'),(1,14,'2021-03-28 05:26:21'),(1,15,'1991-11-17 16:39:36'),(1,26,'1981-03-23 15:23:04'),(1,29,'1986-10-07 22:18:22'),(1,40,'1983-07-30 15:04:49'),(1,43,'2000-07-30 21:04:12'),(1,60,'2013-11-20 13:51:37'),(1,62,'1996-01-31 22:27:51'),(1,71,'1979-05-21 10:36:09'),(1,74,'2002-09-23 17:07:19'),(1,77,'2016-01-11 09:53:08'),(1,81,'2012-04-28 03:28:00'),(1,88,'1993-05-20 07:39:27'),(1,90,'1997-09-17 11:15:56'),(1,94,'2015-11-28 06:25:31'),(1,95,'1986-12-12 20:59:23'),(1,97,'1987-05-09 12:18:57'),(1,100,'1977-11-11 23:49:49'),(2,12,'1981-06-03 23:02:33'),(2,22,'1998-10-28 06:14:42'),(2,23,'1981-06-19 02:15:20'),(2,36,'1979-04-23 18:22:05'),(2,38,'1970-10-07 05:26:56'),(2,41,'1980-04-15 05:18:11'),(2,44,'2002-02-15 05:27:01'),(2,46,'1985-06-24 03:08:32'),(2,52,'2018-01-21 04:10:57'),(2,61,'2008-11-17 06:09:59'),(2,64,'1993-08-17 18:42:02'),(2,70,'2007-06-06 03:46:17'),(2,80,'2002-11-23 13:36:18'),(2,82,'2018-07-07 22:49:09'),(2,87,'1984-10-31 04:06:34'),(2,89,'2001-08-27 16:23:05'),(2,92,'2001-04-06 16:07:23'),(2,98,'2010-09-18 04:10:04'),(3,1,'2009-08-07 17:06:15'),(3,4,'2017-07-06 03:53:54'),(3,9,'2002-08-23 09:57:38'),(3,16,'1985-05-07 09:42:55'),(3,17,'1974-09-22 19:45:21'),(3,18,'1972-11-19 01:15:10'),(3,37,'2000-03-21 20:11:27'),(3,48,'1983-01-04 13:28:42'),(3,53,'1973-11-24 19:07:47'),(3,69,'1999-12-03 09:58:04'),(3,79,'2010-11-07 17:17:59'),(3,93,'1973-08-24 15:55:34'),(4,5,'2008-10-06 22:57:38'),(4,10,'2016-09-02 07:49:31'),(4,24,'2019-10-13 09:53:22'),(4,32,'1998-02-15 21:02:01'),(4,34,'1974-08-29 18:03:24'),(4,47,'2002-06-29 01:15:03'),(4,49,'1981-06-09 16:13:03'),(4,50,'2021-03-15 15:29:16'),(4,55,'1971-06-14 10:09:23'),(4,76,'1992-02-27 03:58:54'),(4,96,'1975-12-30 07:28:10'),(5,2,'1991-02-16 06:37:52'),(5,3,'1983-12-10 11:04:51'),(5,11,'2007-02-17 19:49:39'),(5,13,'1980-10-04 12:20:04'),(5,27,'1979-09-25 12:21:54'),(5,28,'2011-04-13 18:39:28'),(5,30,'1980-05-24 18:06:27'),(5,31,'1983-10-18 07:25:40'),(5,33,'2001-07-04 13:43:26'),(5,42,'1979-08-30 09:09:53'),(5,45,'1987-07-27 17:17:46'),(5,51,'2009-03-06 12:53:51'),(5,58,'1993-04-23 21:11:35'),(5,63,'1987-06-06 18:06:51'),(5,84,'1984-12-01 10:54:15'),(5,85,'2018-12-21 05:44:28'),(5,91,'2018-03-31 07:40:52'),(6,8,'2000-07-16 23:03:45'),(6,54,'2003-02-12 16:59:45'),(6,86,'1971-09-21 18:30:06'),(7,7,'1999-03-11 10:08:35'),(7,20,'1989-04-03 09:45:37'),(7,21,'1987-11-12 11:51:19'),(7,35,'1977-12-17 04:13:24'),(7,39,'1992-03-03 04:59:47'),(7,57,'1994-04-30 08:52:02'),(7,72,'1980-09-29 09:41:47'),(7,73,'2021-02-18 12:38:01'),(7,75,'1993-07-26 04:59:07'),(7,83,'1998-03-30 16:44:31'),(7,99,'2004-06-20 14:52:51'),(8,19,'1997-04-21 11:57:08'),(8,25,'2007-11-02 23:59:01'),(8,56,'1974-02-22 14:10:58'),(8,59,'1987-12-13 01:32:49'),(8,65,'1990-10-21 04:55:26'),(8,66,'2002-12-17 16:42:18'),(8,67,'1996-12-21 05:58:13'),(8,68,'2003-02-26 08:31:43'),(8,78,'2012-07-14 16:40:15');
/*!40000 ALTER TABLE `operations_users` ENABLE KEYS */;
UNLOCK TABLES;

--
-- Table structure for table `payment_types`
--

DROP TABLE IF EXISTS `payment_types`;
/*!40101 SET @saved_cs_client     = @@character_set_client */;
/*!50503 SET character_set_client = utf8mb4 */;
CREATE TABLE `payment_types` (
  `id` int unsigned NOT NULL COMMENT 'Идентификатор строки',
  `name` varchar(255) NOT NULL COMMENT 'Название типа платежа',
  PRIMARY KEY (`id`),
  UNIQUE KEY `name` (`name`)
) ENGINE=InnoDB DEFAULT CHARSET=utf8mb4 COLLATE=utf8mb4_0900_ai_ci COMMENT='Типы платежей';
/*!40101 SET character_set_client = @saved_cs_client */;

--
-- Dumping data for table `payment_types`
--

LOCK TABLES `payment_types` WRITE;
/*!40000 ALTER TABLE `payment_types` DISABLE KEYS */;
INSERT INTO `payment_types` VALUES (3,'Оплата банковской картой'),(1,'Оплата бонусами ЛитРес'),(2,'Оплата бонусной картой');
/*!40000 ALTER TABLE `payment_types` ENABLE KEYS */;
UNLOCK TABLES;

--
-- Table structure for table `payments`
--

DROP TABLE IF EXISTS `payments`;
/*!40101 SET @saved_cs_client     = @@character_set_client */;
/*!50503 SET character_set_client = utf8mb4 */;
CREATE TABLE `payments` (
  `id` int unsigned NOT NULL AUTO_INCREMENT COMMENT '╨Ш╨┤╨╡╨╜╤В╨╕╤Д╨╕╨║╨░╤В╨╛╤А ╤Б╤В╤А╨╛╨║╨╕',
  `user_id` int unsigned NOT NULL COMMENT '╨б╤Б╤Л╨╗╨║╨░ ╨╜╨░ ╨┐╨╛╨╗╤М╨╖╨╛╨▓╨░╤В╨╡╨╗╤П',
  `book_id` int DEFAULT NULL,
  `payment_type_id` int unsigned NOT NULL COMMENT '╨б╤Б╤Л╨╗╨║╨░ ╨╜╨░ ╤В╨╕╨┐ ╨┐╨╗╨░╤В╨╡╨╢╨░',
  `amount` int NOT NULL COMMENT '╨б╤Г╨╝╨╝╨░ ╨┐╨╗╨░╤В╨╡╨╢╨░',
  `created_at` datetime DEFAULT CURRENT_TIMESTAMP COMMENT '╨Т╤А╨╡╨╝╤П ╤Б╨╛╨╖╨┤╨░╨╜╨╕╤П ╤Б╤В╤А╨╛╨║╨╕',
  PRIMARY KEY (`id`),
  KEY `payments_user_id_fk` (`user_id`),
  KEY `payments_payment_type_id_fk` (`payment_type_id`),
  CONSTRAINT `payments_payment_type_id_fk` FOREIGN KEY (`payment_type_id`) REFERENCES `payment_types` (`id`) ON DELETE CASCADE,
  CONSTRAINT `payments_user_id_fk` FOREIGN KEY (`user_id`) REFERENCES `users` (`id`) ON DELETE CASCADE
) ENGINE=InnoDB AUTO_INCREMENT=101 DEFAULT CHARSET=utf8mb4 COLLATE=utf8mb4_unicode_ci COMMENT='╨Ю╨┐╨╡╤А╨░╤Ж╨╕╨╕';
/*!40101 SET character_set_client = @saved_cs_client */;

--
-- Dumping data for table `payments`
--

LOCK TABLES `payments` WRITE;
/*!40000 ALTER TABLE `payments` DISABLE KEYS */;
INSERT INTO `payments` VALUES (1,34,61,2,2708,'2016-10-11 09:02:58'),(2,10,92,1,5003,'2011-05-19 05:18:55'),(3,46,74,2,1843,'2015-01-18 16:12:27'),(4,99,94,1,4156,'2019-01-31 12:29:38'),(5,57,50,1,203,'2014-09-05 05:54:35'),(6,87,67,1,3500,'2013-10-19 15:02:47'),(7,65,82,2,1842,'2018-05-05 14:55:03'),(8,61,12,1,3662,'2019-03-04 12:55:36'),(9,12,10,2,2734,'2019-11-26 04:59:42'),(10,77,15,1,2638,'2017-11-19 23:09:13'),(11,46,44,3,4939,'2011-07-27 19:28:19'),(12,100,77,1,1731,'2019-12-28 01:37:22'),(13,60,50,1,3791,'2014-04-21 08:23:41'),(14,2,19,2,3714,'2018-01-20 19:30:30'),(15,27,45,1,2149,'2013-10-20 03:55:15'),(16,30,69,1,4552,'2014-01-19 19:08:11'),(17,69,10,1,1266,'2011-06-19 04:33:57'),(18,52,40,3,2627,'2018-09-11 17:04:10'),(19,56,70,1,4285,'2011-08-12 02:46:45'),(20,21,28,1,3498,'2012-11-03 20:36:25'),(21,39,30,2,4585,'2017-11-09 12:54:49'),(22,30,64,1,2385,'2016-10-27 19:08:32'),(23,31,30,3,3120,'2018-02-27 07:01:31'),(24,67,60,3,3395,'2013-10-12 08:31:27'),(25,41,7,1,2567,'2016-11-09 23:13:41'),(26,4,54,3,2600,'2019-07-26 20:00:40'),(27,94,50,2,252,'2014-12-10 07:46:12'),(28,59,86,2,3413,'2013-11-02 11:24:06'),(29,13,80,3,1258,'2016-04-06 19:20:28'),(30,86,43,2,1003,'2016-12-16 19:12:15'),(31,92,71,2,1193,'2015-01-16 09:56:15'),(32,1,29,2,2905,'2011-07-26 10:24:08'),(33,28,32,3,901,'2011-12-10 23:42:43'),(34,37,71,2,740,'2013-03-13 08:50:01'),(35,2,60,1,947,'2019-11-24 06:16:34'),(36,99,87,3,2470,'2016-12-20 16:52:34'),(37,87,53,2,4457,'2020-03-06 06:48:38'),(38,39,3,1,4829,'2018-03-31 09:15:13'),(39,33,58,3,724,'2015-06-28 10:55:43'),(40,45,77,2,4083,'2018-03-07 16:54:58'),(41,29,13,3,3197,'2017-02-24 03:25:18'),(42,8,34,2,3685,'2019-10-24 14:26:36'),(43,54,31,2,3787,'2014-06-06 02:53:40'),(44,43,53,2,2831,'2017-06-10 04:19:52'),(45,53,69,1,2747,'2012-05-07 08:39:58'),(46,37,85,1,194,'2020-01-09 17:18:10'),(47,25,20,3,2680,'2020-12-30 11:12:23'),(48,13,42,1,2767,'2020-08-15 22:41:28'),(49,89,50,1,750,'2016-08-15 18:37:21'),(50,4,26,3,399,'2017-06-22 22:22:28'),(51,56,77,3,4695,'2017-07-16 20:09:25'),(52,66,8,3,2232,'2017-06-29 21:38:27'),(53,62,7,3,2026,'2019-03-19 16:01:37'),(54,11,10,3,3385,'2019-03-21 06:39:08'),(55,69,30,2,797,'2021-01-09 16:07:59'),(56,13,18,3,3782,'2019-05-14 03:34:02'),(57,56,1,1,1470,'2015-05-16 14:57:10'),(58,39,49,1,957,'2015-06-22 06:52:44'),(59,29,43,3,325,'2016-07-04 21:06:59'),(60,26,65,1,3707,'2018-01-02 18:42:22'),(61,44,99,2,2512,'2014-07-10 05:18:33'),(62,40,97,3,1389,'2012-01-25 04:55:19'),(63,69,89,2,4362,'2018-01-04 16:43:51'),(64,23,53,1,2594,'2011-05-24 14:43:02'),(65,10,96,3,4836,'2013-08-22 19:25:30'),(66,78,20,2,1350,'2016-12-16 02:09:15'),(67,60,14,1,2194,'2013-11-11 23:51:29'),(68,67,9,3,1872,'2019-06-04 20:08:48'),(69,55,4,2,2730,'2011-12-22 15:43:08'),(70,71,92,1,2986,'2012-04-23 08:27:56'),(71,91,48,2,1689,'2011-06-30 10:43:16'),(72,42,63,3,4439,'2018-11-17 19:51:25'),(73,34,71,3,2078,'2011-07-20 16:13:31'),(74,45,65,3,2027,'2015-08-16 02:38:21'),(75,24,10,1,3853,'2018-01-06 07:25:45'),(76,85,54,2,3135,'2011-09-09 21:37:38'),(77,54,40,3,4066,'2014-05-08 13:43:12'),(78,11,36,1,875,'2015-08-09 23:37:18'),(79,92,61,2,2131,'2011-11-13 08:53:15'),(80,26,96,3,2982,'2011-10-30 22:31:02'),(81,55,96,3,3467,'2012-07-16 16:01:58'),(82,96,90,2,3341,'2018-12-20 18:37:19'),(83,14,65,2,1255,'2017-05-15 10:20:49'),(84,81,53,3,1205,'2019-05-20 13:45:59'),(85,62,70,3,2209,'2020-06-21 23:06:02'),(86,68,88,3,2381,'2015-11-19 18:09:43'),(87,55,32,1,230,'2014-04-25 19:49:17'),(88,67,97,2,3958,'2012-12-08 14:03:32'),(89,71,85,2,4052,'2015-12-30 06:30:26'),(90,53,36,2,3339,'2013-04-21 12:05:55'),(91,53,23,3,4490,'2015-11-22 04:26:01'),(92,3,8,2,2383,'2020-05-31 05:35:26'),(93,56,68,2,3399,'2018-10-10 19:45:40'),(94,73,15,2,4798,'2012-04-16 18:19:09'),(95,94,73,2,3743,'2015-09-22 05:30:34'),(96,53,20,3,4274,'2020-02-27 02:09:01'),(97,82,81,1,91,'2017-12-14 04:43:39'),(98,49,44,2,2583,'2013-03-06 11:51:50'),(99,100,77,3,2596,'2014-06-26 10:10:22'),(100,51,53,1,183,'2018-05-12 22:42:54');
/*!40000 ALTER TABLE `payments` ENABLE KEYS */;
UNLOCK TABLES;

--
-- Table structure for table `review_types`
--

DROP TABLE IF EXISTS `review_types`;
/*!40101 SET @saved_cs_client     = @@character_set_client */;
/*!50503 SET character_set_client = utf8mb4 */;
CREATE TABLE `review_types` (
  `id` int unsigned NOT NULL,
  `name` varchar(255) NOT NULL,
  `created_at` datetime DEFAULT CURRENT_TIMESTAMP,
  PRIMARY KEY (`id`),
  UNIQUE KEY `name` (`name`)
) ENGINE=InnoDB DEFAULT CHARSET=utf8mb4 COLLATE=utf8mb4_0900_ai_ci;
/*!40101 SET character_set_client = @saved_cs_client */;

--
-- Dumping data for table `review_types`
--

LOCK TABLES `review_types` WRITE;
/*!40000 ALTER TABLE `review_types` DISABLE KEYS */;
INSERT INTO `review_types` VALUES (1,'Автор','2021-05-03 23:00:27'),(2,'Книга','2021-05-03 23:00:27');
/*!40000 ALTER TABLE `review_types` ENABLE KEYS */;
UNLOCK TABLES;

--
-- Table structure for table `reviews`
--

DROP TABLE IF EXISTS `reviews`;
/*!40101 SET @saved_cs_client     = @@character_set_client */;
/*!50503 SET character_set_client = utf8mb4 */;
CREATE TABLE `reviews` (
  `id` int unsigned NOT NULL AUTO_INCREMENT COMMENT '╨Ш╨┤╨╡╨╜╤В╨╕╤Д╨╕╨║╨░╤В╨╛╤А ╤Б╤В╤А╨╛╨║╨╕',
  `user_id` int unsigned NOT NULL COMMENT '╨б╤Б╤Л╨╗╨║╨░ ╨╜╨░ ╨┐╨╛╨╗╤М╨╖╨╛╨▓╨░╤В╨╡╨╗╤П',
  `body` text CHARACTER SET utf8mb4 COLLATE utf8mb4_unicode_ci NOT NULL COMMENT '╨в╨╡╨║╤Б╤В ╨╛╤В╨╖╤Л╨▓╨░',
  `likes_amount` int NOT NULL COMMENT '╨Ъ╨╛╨╗╨╕╤З╨╡╤Б╤В╨▓╨╛ ╨╗╨░╨╣╨║╨╛╨▓',
  `dislikes_amount` int NOT NULL COMMENT '╨Ъ╨╛╨╗╨╕╤З╨╡╤Б╤В╨▓╨╛ ╨┤╨╕╤Б╨╗╨░╨╣╨║╨╛╨▓',
  `target_id` int unsigned NOT NULL COMMENT '╨б╤Б╤Л╨╗╨║╨░ ╨╜╨░ ╨╜╨╛╨╝╨╡╤А ╤Б╤В╤А╨╛╨║╨╕ ╨▓ ╤В╨░╨▒╨╗╨╕╤Ж╨╡',
  `review_type_id` int unsigned NOT NULL COMMENT '╨б╤Б╤Л╨╗╨║╨░ ╨╜╨░ ╤В╨╕╨┐ ╨╛╤В╨╖╤Л╨▓╨░',
  `created_at` datetime DEFAULT CURRENT_TIMESTAMP COMMENT '╨Т╤А╨╡╨╝╤П ╤Б╨╛╨╖╨┤╨░╨╜╨╕╤П ╤Б╤В╤А╨╛╨║╨╕',
  PRIMARY KEY (`id`),
  KEY `reviews_user_id_fk` (`user_id`),
  KEY `reviews_review_type_id_fk` (`review_type_id`),
  CONSTRAINT `reviews_review_type_id_fk` FOREIGN KEY (`review_type_id`) REFERENCES `review_types` (`id`) ON DELETE CASCADE,
  CONSTRAINT `reviews_user_id_fk` FOREIGN KEY (`user_id`) REFERENCES `users` (`id`) ON DELETE CASCADE
) ENGINE=InnoDB AUTO_INCREMENT=101 DEFAULT CHARSET=utf8mb4 COLLATE=utf8mb4_unicode_ci COMMENT='╨Ю╤В╨╖╤Л╨▓╤Л';
/*!40101 SET character_set_client = @saved_cs_client */;

--
-- Dumping data for table `reviews`
--

LOCK TABLES `reviews` WRITE;
/*!40000 ALTER TABLE `reviews` DISABLE KEYS */;
INSERT INTO `reviews` VALUES (1,82,'Molestiae iste eum optio consectetur. Omnis tempore beatae ab molestiae. Assumenda incidunt tempore vero ea illo.',412,172,50,1,'2017-09-15 12:10:03'),(2,68,'Occaecati soluta unde pariatur consequuntur corporis et cumque. Quis molestiae quisquam qui aut facere. Voluptatem et praesentium quia quis voluptate. Eligendi voluptates dolorem velit recusandae dolore.',214,214,57,2,'2019-11-26 23:47:57'),(3,95,'Qui praesentium animi et dolores perferendis fugit. Voluptatem voluptatem esse corrupti ullam. Omnis similique ea ut non optio. In saepe et excepturi voluptas laborum recusandae.',335,51,37,1,'2020-02-20 18:08:57'),(4,68,'Iste quaerat debitis harum praesentium ut illum. Laborum et sit nesciunt natus sed. Sunt aspernatur eveniet officia praesentium.',30,111,11,2,'2015-09-19 21:57:35'),(5,55,'Inventore voluptatem temporibus molestias dolorem. Alias quidem fugiat enim dicta aperiam eaque commodi. Modi doloremque corrupti est laboriosam eum pariatur delectus est. Et in aspernatur possimus nam voluptate.',147,155,44,1,'2012-04-25 00:21:37'),(6,70,'Occaecati repellendus cum est vero est a. Amet facilis occaecati dignissimos qui voluptas.',143,191,85,2,'2017-01-19 04:29:07'),(7,85,'Accusantium repellendus odit quis aliquam sunt vel. Voluptate porro tempora voluptatem magni eius quasi.',273,238,93,1,'2016-11-23 23:48:44'),(8,15,'Odio iste porro et numquam. Modi magni eius et. Deserunt et ipsum enim sint.',437,118,9,2,'2019-03-30 15:08:14'),(9,19,'Culpa unde rerum aut aut reiciendis. Velit at nihil autem exercitationem ducimus ut soluta. Expedita molestiae vel facilis consectetur aut sed.',365,123,65,1,'2017-07-19 12:23:36'),(10,49,'Suscipit ut soluta non omnis quaerat iure. Aut vero asperiores doloribus magni architecto sequi consectetur. Aperiam accusantium alias ea ducimus autem sit qui magnam. Quisquam quos tempore excepturi. Reprehenderit tempora itaque excepturi id ipsam quas.',12,11,100,2,'2017-07-09 14:48:36'),(11,87,'Illo corrupti hic eveniet eum aut necessitatibus dolorem. Quod omnis qui natus adipisci et. Fuga iusto sed eius voluptatem neque non tenetur. Pariatur et voluptas deleniti.',467,187,3,1,'2020-08-11 00:46:39'),(12,89,'Suscipit illum ducimus autem dolor deleniti et. Facere amet culpa vel veritatis dolorum. Magni consectetur non quae cum sit rerum. Totam omnis est error eius.',297,149,17,2,'2019-01-22 07:05:54'),(13,84,'Aut eos assumenda itaque nam omnis saepe dolores. Cumque voluptas tempore earum quidem et.',84,185,72,1,'2018-07-23 22:28:53'),(14,50,'Ex molestias commodi quasi necessitatibus consequatur consequatur. Fugit dolores optio deserunt quam. Rem commodi nulla ut.',28,228,9,2,'2019-10-29 09:58:39'),(15,99,'Repellat magnam dolorem sint ut. Placeat quibusdam placeat optio mollitia. Dolor ex ipsa incidunt aliquam expedita. Harum blanditiis quam sed impedit. Officia omnis voluptatum in illo et quo recusandae et.',386,83,30,1,'2012-05-28 21:47:22'),(16,45,'Dolorum non sapiente consequatur animi. Necessitatibus est molestiae sed nam quo voluptatem. Quos modi pariatur velit necessitatibus. Alias consequatur ut sint ex quibusdam repudiandae.',347,231,20,2,'2018-02-28 20:33:55'),(17,29,'Ut ab tenetur vitae nesciunt qui tenetur et modi. Atque quo odio debitis ducimus vitae quibusdam esse. Ducimus sit aliquid cupiditate magni dolor.',75,158,11,1,'2017-03-21 19:37:52'),(18,8,'Impedit quia facilis architecto neque sed. Explicabo magni maiores asperiores in sed. Adipisci voluptatem aut occaecati recusandae incidunt.',333,94,96,2,'2019-03-03 14:53:25'),(19,51,'Et aut accusantium vitae vel eius facilis. Assumenda aspernatur quo deserunt dolorem beatae nihil.',440,245,47,1,'2014-09-16 23:10:00'),(20,31,'Ab repellat sapiente enim libero temporibus. Eligendi similique animi eligendi molestias earum mollitia et. Quas rerum enim soluta et sed. Eos quas voluptas consequatur non laudantium facilis incidunt.',200,192,45,2,'2017-07-19 12:32:54'),(21,100,'Rerum nihil eum deleniti error est quo omnis. Et ut sunt qui tempore fuga. Repudiandae occaecati aut quasi provident.',182,224,83,1,'2019-12-18 12:57:25'),(22,7,'Nulla delectus explicabo dolorem quia. Saepe sit perferendis incidunt aut. Optio aliquam aliquam veniam. Repellat accusamus ea sunt hic.',308,45,78,2,'2015-09-15 14:02:58'),(23,35,'Optio omnis hic sit ipsa ut qui. Natus modi vel omnis corrupti libero. Et possimus omnis odio mollitia qui autem et.',493,53,43,1,'2019-08-04 12:26:30'),(24,55,'Consequatur eaque quis exercitationem sed qui voluptatem atque. Ullam quisquam dolor molestias id qui. Veniam ea rerum saepe et. Doloribus omnis perspiciatis nihil aut ut eum mollitia.',41,128,80,2,'2014-09-22 21:56:23'),(25,69,'Ut sint molestias explicabo aut sapiente voluptas. Voluptatem ipsam sapiente eius. Autem mollitia ut a explicabo.',226,232,71,1,'2011-05-31 11:19:08'),(26,78,'Non maiores ut velit aliquam laboriosam. Quo et quia aut. Incidunt hic voluptatem ut architecto.',6,24,12,2,'2011-12-22 06:48:41'),(27,84,'Mollitia deserunt iste iste eos. Aut praesentium omnis velit nihil sed et. Dolorum iure sapiente delectus dolorum quasi veritatis et et. Facilis voluptatum dolores quo aut.',350,175,50,1,'2015-02-02 03:00:51'),(28,87,'Quos amet quis velit voluptate voluptas et. Alias nesciunt perspiciatis harum ut ex ut minus. Facere deleniti tempora quae. Occaecati ea suscipit expedita sequi necessitatibus soluta magnam voluptas.',231,51,11,2,'2016-01-14 21:54:11'),(29,80,'Earum et voluptas sunt voluptas. Impedit autem occaecati officia autem iste nam. Ratione sit tenetur quibusdam in corrupti laborum autem.',104,229,5,1,'2020-09-19 00:20:36'),(30,40,'Rerum eveniet rem nisi. Odio optio voluptatem et dolor. Dolorum in accusantium molestias.',326,242,90,2,'2016-07-03 05:08:10'),(31,60,'Omnis eos placeat culpa quasi animi at. Sint eos suscipit dolor eum sint. Et et sit qui dolor voluptatem facilis. Esse at consequuntur mollitia at veniam impedit doloribus iusto.',317,21,34,1,'2011-07-03 09:37:54'),(32,79,'Voluptatibus rem ipsum sint eaque rerum nihil. In repellendus laborum exercitationem quos fugiat temporibus ducimus. Rem occaecati aut ipsum totam rem.',107,131,100,2,'2012-01-30 23:56:53'),(33,15,'Ut enim deleniti laudantium saepe corporis aliquid laudantium reprehenderit. Ut fuga et exercitationem omnis. Veniam et enim debitis in. Qui culpa et quasi molestias sint. Accusantium accusamus excepturi ducimus laboriosam aperiam.',85,91,98,1,'2013-12-09 03:50:14'),(34,37,'Alias ad aliquam magnam. Eligendi et enim ducimus eveniet fuga. Quia ut qui est reiciendis.',101,62,91,2,'2015-07-16 07:25:33'),(35,37,'Qui error aut voluptate nisi numquam reiciendis. Incidunt saepe rerum reiciendis et quisquam voluptatum earum. Et doloremque aliquam quas eaque nisi hic. Ipsam maxime ratione cupiditate reprehenderit ullam magnam.',250,35,57,1,'2017-09-20 11:02:37'),(36,77,'Incidunt laboriosam voluptatem fugit quis excepturi cumque qui. Necessitatibus similique corporis rerum delectus accusamus dolorem et doloremque. Fuga ut vitae vel nihil quia.',448,241,15,2,'2021-04-30 23:15:29'),(37,72,'Necessitatibus quisquam aut magni inventore in nobis. Ab temporibus sunt dolor et molestias. Ea alias est et.',487,97,2,1,'2018-01-04 15:43:19'),(38,30,'Et explicabo odit laudantium sunt ea soluta. Culpa voluptatum velit quis. Occaecati in magni et nesciunt.',91,11,65,2,'2018-03-04 13:40:25'),(39,33,'Numquam qui ea sed et nesciunt voluptatum. Aspernatur consequatur nihil et dicta distinctio voluptatum. Voluptatum qui tempora iste optio quis et ut culpa.',495,13,19,1,'2012-03-02 12:15:53'),(40,72,'Fugit ut culpa et eum autem. Sit facere odio voluptatum totam et. Est voluptatem id et.',201,30,99,2,'2012-08-05 02:12:11'),(41,64,'Nihil eum minus itaque suscipit occaecati ullam. Quia quam nesciunt quisquam pariatur omnis est voluptatem. Quis aut quia ut nam dolores et culpa.',18,114,39,1,'2015-01-30 21:33:12'),(42,3,'Officia sint impedit vero enim reprehenderit commodi. Sapiente officiis rerum non qui cumque. Quis aut optio dolores.',486,230,97,2,'2016-10-08 11:39:00'),(43,22,'A mollitia voluptates cum in quo consequatur rerum quaerat. Eos quia non voluptatum quam.',377,55,66,1,'2019-04-22 02:11:34'),(44,99,'Animi voluptatem et rerum blanditiis et. Rerum recusandae illo earum rerum. Odit fuga minima qui numquam quaerat saepe dolorem. Neque harum ut recusandae vel inventore sunt iure. Corporis est ullam officiis ut earum dolor vel.',428,87,39,2,'2012-04-28 04:52:29'),(45,28,'Exercitationem in ullam nulla rerum aut incidunt. Accusantium vel blanditiis voluptatem ducimus ab vel. Omnis et aut et quis voluptas enim alias. Explicabo perspiciatis natus reprehenderit maiores rerum possimus.',6,17,98,1,'2018-03-24 01:16:57'),(46,43,'Id autem officiis maiores impedit maxime atque. Sunt et repellat quia repellat nihil consectetur. Ut illo aut veritatis quaerat asperiores dolores. Sunt atque aut consectetur esse voluptatem.',245,74,73,2,'2013-07-08 11:49:56'),(47,31,'Quis tenetur libero vel eos fuga autem. Et a est consequuntur dolorem.',209,68,70,1,'2018-05-09 08:39:41'),(48,26,'Dignissimos perferendis quia provident quas illo. Et soluta rerum repudiandae illum tempora dolor veniam non. Doloribus aperiam rem aliquid. Harum rerum enim aut fugiat. Vitae officia mollitia ipsum culpa non.',307,119,30,2,'2012-02-16 07:20:36'),(49,37,'Aliquid sapiente autem rerum labore esse. Nihil facilis sit dicta sit. Quas debitis laborum ut. Quae consectetur est laborum vel illo aut.',407,138,39,1,'2015-07-15 22:53:05'),(50,5,'Vel maxime laudantium facilis autem omnis nam fugit. Qui laudantium dolore corporis. Aut nemo distinctio qui voluptatem qui natus est.',114,83,4,2,'2016-04-01 01:03:01'),(51,15,'Aut iure aspernatur in dolores dolore. Voluptas et expedita est deleniti magnam dolorum. Sunt velit maxime saepe fugiat eaque.',347,249,3,1,'2015-04-26 21:23:16'),(52,58,'Atque necessitatibus ut dolorem dolor impedit alias consequatur. Aut quia ea omnis. Et qui qui corrupti.',393,249,1,2,'2011-09-18 21:21:13'),(53,45,'Voluptates repellendus optio et doloribus laborum neque et. Alias doloribus dolor cum placeat cum reiciendis et. Ea error saepe quia libero voluptatem. Nemo sit et et.',425,246,96,1,'2019-01-18 02:25:28'),(54,51,'A temporibus in ut consequuntur veritatis error. Ut voluptatem iure sit perspiciatis nisi asperiores ut. Cum vel totam ad esse recusandae quam.',443,231,78,2,'2015-01-08 07:39:51'),(55,17,'Enim quibusdam eius officiis. Magni et saepe dignissimos harum voluptatum blanditiis qui. Sit porro laudantium dolor quia consequatur. Voluptas dolor incidunt eum perspiciatis est saepe sit vero. Optio dolores voluptates excepturi et.',443,169,2,1,'2014-04-10 06:56:32'),(56,34,'Facilis vel aliquam labore error ea voluptas. Ullam libero omnis eos accusamus quo animi. Nisi consectetur sit dignissimos minima delectus ut sit. Numquam quod nesciunt distinctio in aperiam repudiandae cupiditate doloremque.',383,152,76,2,'2016-11-01 19:50:01'),(57,17,'Laudantium laborum omnis porro quis harum. Ducimus perspiciatis ex laborum delectus neque explicabo laudantium. Eaque excepturi impedit harum ut ad quia. Eos quo et sit et. Reiciendis non illo ab ut cum dolores eligendi.',86,2,73,1,'2014-08-29 06:59:00'),(58,84,'Doloremque occaecati sapiente impedit doloremque molestiae doloremque. Atque adipisci omnis sit architecto nisi placeat. Autem corporis atque ea iste omnis voluptate sunt error.',281,53,38,2,'2015-09-05 00:00:37'),(59,66,'Rerum dolorem eum inventore. Ab placeat sequi ipsam minima. Dolorem placeat voluptate blanditiis aut explicabo fuga. Error rem perspiciatis nobis occaecati explicabo. Dignissimos dolorum quia ut voluptate.',145,10,70,1,'2015-08-29 00:51:02'),(60,80,'Et dolorem quo sed ea ea. Et ducimus laudantium et provident. Et dolorum et eaque ut facilis consequuntur incidunt.',384,138,34,2,'2018-11-28 12:32:38'),(61,2,'Est fugiat voluptas aut vel debitis doloremque asperiores. Sit illo accusantium voluptas maiores sed.',482,161,62,1,'2017-03-07 20:21:34'),(62,69,'Et suscipit ipsa sit amet amet. Dolorem autem minima debitis placeat et ipsam ullam nesciunt. Eum fugiat et ex velit.',258,141,6,2,'2011-06-08 11:14:32'),(63,39,'Et quas qui ut reprehenderit commodi est in velit. Earum totam corporis hic qui harum. Accusantium ut neque ut cupiditate atque nam qui et. Dignissimos dolore quaerat molestiae deserunt consectetur.',345,221,45,1,'2012-11-27 22:35:31'),(64,86,'Qui nemo maxime incidunt. Et maiores assumenda totam qui. Exercitationem dolor id est. Ab quo aut est.',449,183,4,2,'2012-11-21 15:16:56'),(65,14,'Veritatis sit dicta illum atque repellendus eaque impedit itaque. Voluptatem qui delectus amet voluptatibus. Placeat in amet esse recusandae accusantium sint.',209,2,85,1,'2017-03-07 07:07:37'),(66,11,'Architecto autem molestias repellat sed sed. Iure iusto optio est similique. Quia quae aut temporibus dolor est a. Laborum sed voluptatem iure quasi deleniti in debitis. Eaque mollitia et nemo quas voluptate commodi praesentium atque.',199,211,14,2,'2012-05-02 04:10:37'),(67,14,'Necessitatibus impedit eius quam nam dolorem. Fugit est eligendi quia qui veniam. Reprehenderit mollitia blanditiis ad ut.',368,47,14,1,'2015-04-12 06:03:45'),(68,37,'Suscipit sapiente est ipsum dolores voluptates autem. Autem dolor et enim necessitatibus odio sed nesciunt rerum. Alias et saepe sed optio rem.',240,104,29,2,'2014-12-15 00:03:39'),(69,40,'Nostrum voluptatem eius aut enim. Quidem dolorum sequi sint doloremque eius vero. Autem optio quo qui ipsa.',98,126,1,1,'2016-09-19 02:25:27'),(70,89,'Recusandae tempore asperiores maiores odit architecto vero iste. Voluptates consequatur et aperiam mollitia earum et. Officia tempora voluptatem sunt ea ut omnis id.',267,69,16,2,'2019-01-14 19:04:22'),(71,23,'Alias corporis et officia sit et a. Labore est repellendus expedita dolorem dolorem labore. Consectetur quisquam voluptatem maxime nesciunt maiores blanditiis voluptas sed.',43,217,79,1,'2017-01-02 09:17:20'),(72,49,'A velit qui illum est reiciendis mollitia illum nulla. Iusto sit ipsa libero iusto qui iure. Aliquam est quia sint qui sapiente magnam sed.',411,125,44,2,'2017-02-26 02:32:50'),(73,75,'Est vel amet omnis architecto explicabo. Atque assumenda maxime iure. Cumque est consequatur saepe quia illum.',428,224,84,1,'2011-08-05 04:33:59'),(74,28,'Explicabo delectus a consequuntur laudantium quo qui qui ullam. Non esse et incidunt impedit et harum nihil. Earum eius officia porro harum consequatur.',407,244,86,2,'2020-01-27 16:00:00'),(75,16,'Explicabo illo at voluptatibus nihil quis id. Accusantium autem id ullam aliquam ipsam aliquid fugiat. Et iure nam aut id.',248,50,78,1,'2013-06-04 00:32:57'),(76,95,'Quibusdam aspernatur commodi voluptates architecto ut saepe dolor. Atque voluptatem modi esse aut. In in ut architecto.',21,15,32,2,'2020-03-01 10:53:02'),(77,26,'Totam iusto placeat eligendi veniam deserunt. Esse qui perspiciatis voluptate veniam fuga aut.',361,175,27,1,'2013-02-27 19:48:07'),(78,45,'Eum earum sed et dolorum sit. Et voluptas repellat voluptates quo sit debitis aut. Eius incidunt velit quia ad repudiandae ut. Est eos optio aut et accusantium praesentium. Facilis voluptatum harum unde nobis non.',242,79,39,2,'2014-05-06 17:16:09'),(79,47,'Quis quaerat perspiciatis atque voluptatem. Eveniet cupiditate dolorem autem deleniti.',126,122,12,1,'2019-08-27 00:04:41'),(80,100,'Soluta necessitatibus dolorem numquam recusandae nulla corrupti maxime. Vitae deleniti eum alias quia suscipit. Autem voluptatem nisi eveniet et nulla temporibus cum odit.',405,122,41,2,'2018-05-01 16:26:54'),(81,58,'In est iusto nesciunt fuga. Beatae voluptatum eum commodi. Quasi ut sint nam natus. Magni aut aliquam veniam minima consectetur.',145,242,70,1,'2016-01-09 05:24:26'),(82,89,'In sit ipsa suscipit. Labore alias excepturi ullam suscipit nam deserunt et. Sunt vel quisquam reiciendis quam temporibus quam. Modi aspernatur fugiat beatae odit neque dolores.',8,96,25,2,'2017-09-20 09:57:15'),(83,69,'Et qui eaque eos eos cumque ab. Ducimus modi qui ipsam. Eaque commodi incidunt in maxime.',107,1,16,1,'2018-11-25 10:50:25'),(84,79,'Odio ea laudantium consequatur quis. Eos minus tenetur veritatis eum sit nesciunt. Suscipit et quia rem ratione officiis dolorem. Quo rerum ut laboriosam adipisci omnis libero.',9,217,3,2,'2011-12-20 10:14:03'),(85,89,'Nam quas illo non totam. Sint qui sunt sit alias ipsam quia. Porro quidem voluptatum ut pariatur.',226,80,69,1,'2013-01-09 16:04:49'),(86,6,'Cupiditate esse aut pariatur. Quidem ea omnis repellat autem alias. Optio quo mollitia nemo quam eaque.',99,249,34,2,'2016-07-01 07:35:31'),(87,64,'Eos est pariatur molestiae. Fuga laboriosam temporibus temporibus inventore excepturi enim ut. Eius suscipit qui eius. Fugit quis excepturi doloremque blanditiis mollitia tenetur ipsa aperiam.',318,4,64,1,'2014-09-20 06:58:36'),(88,99,'Sunt aliquid amet culpa. Laudantium odio mollitia minus numquam animi. Ipsam aspernatur aut in saepe.',293,25,17,2,'2013-04-17 14:15:26'),(89,5,'Qui repellendus et hic id nulla atque et. Omnis recusandae unde eius nisi perferendis. Consectetur et quam explicabo voluptatum rerum. Eligendi qui sint dignissimos eos aut.',11,111,94,1,'2019-01-02 16:18:18'),(90,28,'Eos sapiente sunt dolorem molestias et rerum. Odit error temporibus eligendi aliquam. Ut est est et molestias cupiditate. Sed ad recusandae neque non vel in.',177,228,18,2,'2011-11-20 00:55:05'),(91,26,'Eligendi eveniet quia doloremque sed tenetur beatae et eaque. Vero porro ea voluptate veniam. Adipisci mollitia omnis reiciendis accusantium. Et modi sint ad in dolores nulla.',349,58,6,1,'2018-03-06 14:18:21'),(92,42,'Qui sit voluptate hic cupiditate. Ex assumenda dolor aperiam animi voluptas qui dolor. Natus nesciunt ut enim a eaque aliquam distinctio. Et et laudantium tempora sed iste nostrum.',213,107,74,2,'2011-12-11 23:09:04'),(93,33,'Soluta tempora autem aliquam beatae. Velit soluta qui vitae fugiat quidem maiores earum aut. Velit voluptatem maxime alias necessitatibus.',18,107,54,1,'2014-02-27 17:34:17'),(94,40,'Molestiae voluptatum saepe et vel non animi inventore. Aut nam id at voluptate rerum. In quos aut quis et. Mollitia cum saepe aspernatur dicta.',453,217,47,2,'2017-10-14 20:37:28'),(95,99,'Ea molestias omnis consequatur odit. Optio ullam quibusdam explicabo.',208,13,71,1,'2015-01-21 03:49:21'),(96,73,'Sit eveniet quo officiis saepe tempora iste. Quas at omnis omnis deserunt alias nulla debitis. Unde voluptas quis recusandae exercitationem non quia autem. Reprehenderit nihil tenetur facere qui reprehenderit quia.',182,162,14,2,'2015-05-13 08:03:39'),(97,67,'Perferendis consequatur mollitia enim et suscipit culpa asperiores. Veritatis beatae perferendis dolorum vel animi laudantium.',286,22,58,1,'2018-11-01 10:06:29'),(98,18,'Aut et expedita aut distinctio occaecati. Sint iure totam voluptatum sequi. Aut dignissimos dolor quidem non aspernatur earum rerum dicta.',381,125,48,2,'2013-01-11 21:00:57'),(99,89,'Molestias omnis sequi qui sed. Neque earum consequuntur ut voluptatum. Doloremque quis voluptates possimus facere corporis incidunt accusamus qui.',48,57,65,1,'2014-05-18 12:22:47'),(100,90,'Quis enim ut et voluptatem. Quo eos aut beatae quas. Veniam et ipsa enim porro aut aspernatur.',98,159,78,2,'2016-03-29 19:57:27');
/*!40000 ALTER TABLE `reviews` ENABLE KEYS */;
UNLOCK TABLES;

--
-- Table structure for table `series`
--

DROP TABLE IF EXISTS `series`;
/*!40101 SET @saved_cs_client     = @@character_set_client */;
/*!50503 SET character_set_client = utf8mb4 */;
CREATE TABLE `series` (
  `id` int unsigned NOT NULL AUTO_INCREMENT COMMENT '╨Ш╨┤╨╡╨╜╤В╨╕╤Д╨╕╨║╨░╤В╨╛╤А ╤Б╤В╤А╨╛╨║╨╕',
  `name` varchar(255) CHARACTER SET utf8mb4 COLLATE utf8mb4_unicode_ci NOT NULL COMMENT '╨Э╨░╨╖╨▓╨░╨╜╨╕╨╡ ╤Б╨╡╤А╨╕╨╕ ╨║╨╜╨╕╨│',
  PRIMARY KEY (`id`),
  UNIQUE KEY `name` (`name`)
) ENGINE=InnoDB AUTO_INCREMENT=101 DEFAULT CHARSET=utf8mb4 COLLATE=utf8mb4_unicode_ci COMMENT='╨б╨╡╤А╨╕╨╕ ╨║╨╜╨╕╨│';
/*!40101 SET character_set_client = @saved_cs_client */;

--
-- Dumping data for table `series`
--

LOCK TABLES `series` WRITE;
/*!40000 ALTER TABLE `series` DISABLE KEYS */;
INSERT INTO `series` VALUES (54,'a'),(86,'accusantium'),(77,'adipisci'),(16,'alias'),(73,'aliquid'),(62,'amet'),(84,'asperiores'),(4,'aspernatur'),(56,'atque'),(37,'aut'),(22,'autem'),(13,'beatae'),(44,'blanditiis'),(50,'consectetur'),(94,'consequatur'),(41,'consequuntur'),(82,'corrupti'),(15,'cupiditate'),(72,'debitis'),(51,'delectus'),(53,'deleniti'),(67,'dolor'),(69,'dolorem'),(96,'dolorum'),(76,'ducimus'),(27,'ea'),(48,'eaque'),(83,'earum'),(10,'enim'),(88,'error'),(8,'est'),(2,'et'),(79,'eum'),(19,'expedita'),(24,'explicabo'),(40,'facere'),(81,'hic'),(5,'id'),(66,'illo'),(52,'impedit'),(28,'incidunt'),(23,'inventore'),(70,'itaque'),(58,'iusto'),(63,'labore'),(9,'laudantium'),(68,'magni'),(64,'maxime'),(47,'minima'),(78,'modi'),(36,'molestiae'),(29,'mollitia'),(35,'nam'),(7,'natus'),(97,'necessitatibus'),(85,'nemo'),(6,'neque'),(42,'nihil'),(61,'nobis'),(99,'nostrum'),(74,'nulla'),(98,'numquam'),(25,'occaecati'),(18,'officia'),(90,'omnis'),(92,'possimus'),(33,'praesentium'),(32,'provident'),(59,'quaerat'),(80,'quam'),(31,'quasi'),(1,'qui'),(71,'quia'),(89,'quibusdam'),(87,'quis'),(45,'quo'),(21,'quod'),(11,'quos'),(43,'ratione'),(93,'rem'),(65,'repudiandae'),(39,'rerum'),(91,'sapiente'),(26,'sed'),(34,'sint'),(30,'sit'),(49,'soluta'),(60,'sunt'),(57,'suscipit'),(38,'tempore'),(95,'temporibus'),(100,'tenetur'),(46,'ullam'),(3,'ut'),(17,'vel'),(12,'velit'),(55,'veniam'),(14,'voluptate'),(20,'voluptatem'),(75,'voluptatibus');
/*!40000 ALTER TABLE `series` ENABLE KEYS */;
UNLOCK TABLES;

--
-- Table structure for table `tags`
--

DROP TABLE IF EXISTS `tags`;
/*!40101 SET @saved_cs_client     = @@character_set_client */;
/*!50503 SET character_set_client = utf8mb4 */;
CREATE TABLE `tags` (
  `id` int unsigned NOT NULL AUTO_INCREMENT COMMENT '╨Ш╨┤╨╡╨╜╤В╨╕╤Д╨╕╨║╨░╤В╨╛╤А ╤Б╤В╤А╨╛╨║╨╕',
  `name` varchar(255) CHARACTER SET utf8mb4 COLLATE utf8mb4_unicode_ci NOT NULL COMMENT '╨Э╨░╨╖╨▓╨░╨╜╨╕╨╡ ╤В╨╡╨│╨░',
  PRIMARY KEY (`id`),
  UNIQUE KEY `name` (`name`)
) ENGINE=InnoDB AUTO_INCREMENT=101 DEFAULT CHARSET=utf8mb4 COLLATE=utf8mb4_unicode_ci COMMENT='╨в╨╡╨│╨╕';
/*!40101 SET character_set_client = @saved_cs_client */;

--
-- Dumping data for table `tags`
--

LOCK TABLES `tags` WRITE;
/*!40000 ALTER TABLE `tags` DISABLE KEYS */;
INSERT INTO `tags` VALUES (74,'a'),(43,'adipisci'),(36,'alias'),(19,'aliquam'),(59,'animi'),(93,'architecto'),(67,'aspernatur'),(31,'aut'),(22,'autem'),(24,'beatae'),(87,'blanditiis'),(78,'consequatur'),(68,'consequuntur'),(64,'culpa'),(91,'cum'),(7,'cumque'),(96,'cupiditate'),(27,'debitis'),(80,'delectus'),(72,'deserunt'),(5,'dolor'),(81,'dolore'),(45,'dolorem'),(97,'doloremque'),(89,'dolores'),(4,'doloribus'),(9,'dolorum'),(57,'ea'),(2,'earum'),(33,'eius'),(29,'eos'),(23,'esse'),(49,'est'),(12,'et'),(100,'ex'),(99,'excepturi'),(3,'exercitationem'),(88,'facilis'),(70,'fuga'),(61,'fugiat'),(34,'fugit'),(71,'harum'),(11,'hic'),(13,'in'),(58,'inventore'),(25,'ipsam'),(66,'ipsum'),(6,'iste'),(62,'itaque'),(53,'iure'),(15,'iusto'),(35,'laboriosam'),(10,'laborum'),(39,'laudantium'),(14,'molestiae'),(86,'molestias'),(85,'mollitia'),(73,'nam'),(50,'necessitatibus'),(56,'nemo'),(32,'neque'),(79,'nihil'),(38,'nisi'),(83,'nobis'),(30,'non'),(20,'nulla'),(84,'odio'),(18,'officia'),(54,'omnis'),(8,'perspiciatis'),(98,'placeat'),(37,'possimus'),(76,'provident'),(42,'quae'),(47,'quaerat'),(63,'quas'),(95,'quasi'),(69,'qui'),(77,'quia'),(28,'quibusdam'),(82,'quo'),(41,'quos'),(26,'ratione'),(65,'repellendus'),(51,'reprehenderit'),(52,'rerum'),(90,'sapiente'),(94,'sint'),(21,'sit'),(48,'tempore'),(55,'tenetur'),(40,'totam'),(46,'ullam'),(44,'unde'),(16,'ut'),(1,'vel'),(75,'velit'),(92,'veritatis'),(60,'voluptatem'),(17,'voluptatibus');
/*!40000 ALTER TABLE `tags` ENABLE KEYS */;
UNLOCK TABLES;

--
-- Table structure for table `tags_books`
--

DROP TABLE IF EXISTS `tags_books`;
/*!40101 SET @saved_cs_client     = @@character_set_client */;
/*!50503 SET character_set_client = utf8mb4 */;
CREATE TABLE `tags_books` (
  `tag_id` int unsigned NOT NULL COMMENT '╨б╤Б╤Л╨╗╨║╨░ ╨╜╨░ ╤А╨░╤Б╤Б╤Л╨╗╨║╤Г',
  `book_id` int unsigned NOT NULL COMMENT '╨б╤Б╤Л╨╗╨║╨░ ╨╜╨░ ╨┐╨╛╨╗╤М╨╖╨╛╨▓╨░╤В╨╡╨╗╤П',
  `created_at` datetime DEFAULT CURRENT_TIMESTAMP COMMENT '╨Т╤А╨╡╨╝╤П ╤Б╨╛╨╖╨┤╨░╨╜╨╕╤П ╤Б╤В╤А╨╛╨║╨╕',
  PRIMARY KEY (`tag_id`,`book_id`) COMMENT '╨б╨╛╤Б╤В╨░╨▓╨╜╨╛╨╣ ╨┐╨╡╤А╨▓╨╕╤З╨╜╤Л╨╣ ╨║╨╗╤О╤З',
  KEY `tags_books_book_id_fk` (`book_id`),
  CONSTRAINT `tags_books_book_id_fk` FOREIGN KEY (`book_id`) REFERENCES `books` (`id`) ON DELETE CASCADE,
  CONSTRAINT `tags_books_tag_id_fk` FOREIGN KEY (`tag_id`) REFERENCES `tags` (`id`) ON DELETE CASCADE
) ENGINE=InnoDB DEFAULT CHARSET=utf8mb4 COLLATE=utf8mb4_unicode_ci COMMENT='╨в╨╡╨│╨╕ ╨║╨╜╨╕╨│, ╤Б╨▓╤П╨╖╤М ╨╝╨╡╨╢╨┤╤Г ╤В╨╡╨│╨░╨╝╨╕ ╨╕ ╨║╨╜╨╕╨│╨░╨╝╨╕';
/*!40101 SET character_set_client = @saved_cs_client */;

--
-- Dumping data for table `tags_books`
--

LOCK TABLES `tags_books` WRITE;
/*!40000 ALTER TABLE `tags_books` DISABLE KEYS */;
INSERT INTO `tags_books` VALUES (1,49,'2018-05-02 02:43:07'),(2,9,'2018-02-22 20:12:00'),(3,97,'2018-02-15 14:20:10'),(4,57,'2011-09-18 10:47:46'),(5,94,'2019-02-11 10:51:29'),(6,100,'2015-12-02 16:17:26'),(7,17,'2016-10-12 20:50:10'),(8,85,'2020-11-08 12:55:01'),(9,74,'2013-07-15 03:18:34'),(10,14,'2015-06-20 15:57:38'),(11,49,'2020-01-14 20:00:39'),(12,3,'2012-12-22 07:00:42'),(13,66,'2018-04-07 15:39:58'),(14,19,'2020-07-24 11:24:59'),(15,97,'2020-06-06 17:49:36'),(16,30,'2014-08-02 01:11:26'),(17,58,'2020-02-18 23:05:43'),(18,97,'2019-10-04 01:34:02'),(19,11,'2015-08-15 22:02:48'),(20,64,'2012-11-07 23:50:07'),(21,87,'2016-01-15 22:44:33'),(22,42,'2012-05-01 20:34:12'),(23,48,'2021-02-15 02:56:08'),(24,12,'2013-04-12 04:44:17'),(25,19,'2017-09-26 15:15:20'),(26,56,'2019-04-08 09:03:41'),(27,24,'2017-09-25 03:39:38'),(28,53,'2017-09-22 05:48:48'),(29,90,'2015-03-10 16:09:00'),(30,93,'2011-06-08 21:17:01'),(31,91,'2018-08-25 10:42:29'),(32,79,'2017-03-01 12:45:34'),(33,21,'2018-08-23 23:38:09'),(34,65,'2012-03-14 17:28:46'),(35,62,'2013-03-28 23:01:34'),(36,17,'2011-05-09 09:37:59'),(37,96,'2018-08-06 10:24:41'),(38,30,'2017-01-28 04:23:25'),(39,63,'2020-05-23 17:10:37'),(40,23,'2017-01-15 14:38:25'),(41,24,'2018-01-28 07:37:10'),(42,50,'2014-09-08 07:00:48'),(43,78,'2019-08-15 21:43:30'),(44,39,'2012-07-20 03:07:45'),(45,59,'2015-03-16 18:52:21'),(46,81,'2017-07-15 01:39:42'),(47,25,'2013-09-23 07:20:01'),(48,84,'2020-01-10 13:39:33'),(49,43,'2011-06-26 20:32:06'),(50,64,'2013-01-05 00:05:51'),(51,88,'2015-02-28 04:21:38'),(52,47,'2020-02-04 16:40:17'),(53,70,'2012-02-18 02:32:58'),(54,10,'2015-02-14 07:29:46'),(55,40,'2019-02-26 14:28:38'),(56,68,'2013-09-22 01:36:10'),(57,21,'2020-09-26 22:18:19'),(58,99,'2019-08-03 06:49:04'),(59,30,'2020-11-18 10:20:46'),(60,54,'2017-07-18 13:04:23'),(61,81,'2016-12-09 21:18:24'),(62,40,'2011-09-10 15:41:29'),(63,57,'2017-04-08 22:41:21'),(64,66,'2018-01-07 04:47:30'),(65,57,'2013-08-15 15:24:30'),(66,85,'2017-02-11 04:51:30'),(67,57,'2016-01-19 03:59:13'),(68,27,'2016-03-05 02:49:11'),(69,66,'2021-02-28 17:38:45'),(70,46,'2011-08-25 20:28:00'),(71,32,'2012-12-27 18:46:57'),(72,23,'2016-09-30 21:30:21'),(73,17,'2016-05-23 20:04:23'),(74,18,'2019-11-09 01:50:27'),(75,35,'2018-11-09 15:45:17'),(76,22,'2012-12-18 02:33:14'),(77,5,'2015-09-25 23:03:20'),(78,58,'2019-09-06 13:20:27'),(79,75,'2015-10-23 04:25:45'),(80,1,'2011-06-13 10:23:59'),(81,77,'2018-07-06 07:15:34'),(82,83,'2015-04-23 11:11:51'),(83,84,'2020-12-31 11:11:11'),(84,72,'2014-06-19 14:52:16'),(85,5,'2015-05-04 12:46:00'),(86,10,'2018-02-05 15:05:27'),(87,33,'2012-07-10 00:37:41'),(88,33,'2016-08-10 16:02:45'),(89,68,'2020-09-19 15:07:40'),(90,41,'2011-11-16 18:25:49'),(91,1,'2012-07-02 11:15:21'),(92,82,'2012-07-07 20:56:21'),(93,6,'2016-08-14 08:15:15'),(94,83,'2015-10-10 00:46:47'),(95,97,'2012-11-04 13:08:17'),(96,35,'2019-12-25 20:10:29'),(97,84,'2013-12-04 13:53:04'),(98,14,'2011-09-03 05:57:43'),(99,18,'2013-10-22 10:57:02'),(100,47,'2016-11-20 13:40:42');
/*!40000 ALTER TABLE `tags_books` ENABLE KEYS */;
UNLOCK TABLES;

--
-- Table structure for table `users`
--

DROP TABLE IF EXISTS `users`;
/*!40101 SET @saved_cs_client     = @@character_set_client */;
/*!50503 SET character_set_client = utf8mb4 */;
CREATE TABLE `users` (
  `id` int unsigned NOT NULL AUTO_INCREMENT COMMENT '╨Ш╨┤╨╡╨╜╤В╨╕╤Д╨╕╨║╨░╤В╨╛╤А ╤Б╤В╤А╨╛╨║╨╕',
  `first_name` varchar(100) CHARACTER SET utf8mb4 COLLATE utf8mb4_unicode_ci NOT NULL COMMENT '╨Ш╨╝╤П ╨┐╨╛╨╗╤М╨╖╨╛╨▓╨░╤В╨╡╨╗╤П',
  `last_name` varchar(100) CHARACTER SET utf8mb4 COLLATE utf8mb4_unicode_ci NOT NULL COMMENT '╨д╨░╨╝╨╕╨╗╨╕╤П ╨┐╨╛╨╗╤М╨╖╨╛╨▓╨░╤В╨╡╨╗╤П',
  `nickname` varchar(100) CHARACTER SET utf8mb4 COLLATE utf8mb4_unicode_ci NOT NULL COMMENT '╨Я╤Б╨╡╨▓╨┤╨╛╨╜╨╕╨╝ ╨┐╨╛╨╗╤М╨╖╨╛╨▓╨░╤В╨╡╨╗╤П',
  `birthday` date DEFAULT NULL COMMENT '╨Ф╨░╤В╨░ ╤А╨╛╨╢╨┤╨╡╨╜╨╕╤П',
  `about` text CHARACTER SET utf8mb4 COLLATE utf8mb4_unicode_ci NOT NULL COMMENT '╨Ш╨╜╤Д╨╛╤А╨╝╨░╤Ж╨╕╤П ╨╛ ╨┐╨╛╨╗╤М╨╖╨╛╨▓╨░╤В╨╡╨╗╨╡',
  `email` varchar(100) CHARACTER SET utf8mb4 COLLATE utf8mb4_unicode_ci NOT NULL COMMENT '╨Я╨╛╤З╤В╨░',
  `phone` varchar(100) CHARACTER SET utf8mb4 COLLATE utf8mb4_unicode_ci NOT NULL COMMENT '╨в╨╡╨╗╨╡╤Д╨╛╨╜',
  `adult_content_restriction` tinyint(1) DEFAULT NULL COMMENT '╨Ю╨│╤А╨░╨╜╨╕╤З╨╡╨╜╨╕╨╡ ╨╜╨░ ╨┐╨╛╨║╨░╨╖ ╨▓╨╖╤А╨╛╤Б╨╗╨╛╨│╨╛ ╨║╨╛╨╜╤В╨╡╨╜╤В╨░',
  `bonus_card_id` int unsigned NOT NULL COMMENT '╨б╤Б╤Л╨╗╨║╨░ ╨╜╨░ ╤В╨╕╨┐ ╨▒╨╛╨╜╤Г╤Б╨╜╨╛╨╣ ╨║╨░╤А╤В╤Л',
  `created_at` datetime DEFAULT CURRENT_TIMESTAMP COMMENT '╨Т╤А╨╡╨╝╤П ╤Б╨╛╨╖╨┤╨░╨╜╨╕╤П ╤Б╤В╤А╨╛╨║╨╕',
  `updated_at` datetime DEFAULT CURRENT_TIMESTAMP ON UPDATE CURRENT_TIMESTAMP COMMENT '╨Т╤А╨╡╨╝╤П ╨╛╨▒╨╜╨╛╨▓╨╗╨╡╨╜╨╕╤П ╤Б╤В╤А╨╛╨║╨╕',
  PRIMARY KEY (`id`),
  UNIQUE KEY `email` (`email`),
  UNIQUE KEY `phone` (`phone`),
  KEY `users_bonus_card_id_fk` (`bonus_card_id`),
  CONSTRAINT `users_bonus_card_id_fk` FOREIGN KEY (`bonus_card_id`) REFERENCES `bonus_cards` (`id`) ON DELETE CASCADE
) ENGINE=InnoDB AUTO_INCREMENT=101 DEFAULT CHARSET=utf8mb4 COLLATE=utf8mb4_unicode_ci COMMENT='╨Я╨╛╨╗╤М╨╖╨╛╨▓╨░╤В╨╡╨╗╨╕';
/*!40101 SET character_set_client = @saved_cs_client */;

--
-- Dumping data for table `users`
--

LOCK TABLES `users` WRITE;
/*!40000 ALTER TABLE `users` DISABLE KEYS */;
INSERT INTO `users` VALUES (1,'Edgar','Braun','Mrs. Frieda Kautzer','1994-01-20','Aut aliquid occaecati quo nam rerum.','gladys99@example.org','210.929.1875x06849',2,12,'2012-09-14 02:37:38','2021-05-03 22:47:10'),(2,'Jessie','Jacobson','Mrs. Carmella VonRueden III','2019-06-13','Nulla dolores voluptatum nihil sed.','khammes@example.net','567-115-4208',1,4,'1993-01-05 09:55:12','2021-05-03 22:47:10'),(3,'Hailie','O\'Kon','Shane Armstrong','1974-10-30','Molestiae voluptatem eius commodi consectetur et porro consequatur quo.','legros.corrine@example.org','04302877892',1,11,'1988-03-10 01:21:57','2021-05-03 22:47:10'),(4,'Providenci','Stokes','Marc Corkery','1970-08-19','Vel ut architecto voluptate quibusdam.','qreilly@example.net','1-265-416-4388x1681',2,14,'1927-01-12 17:31:31','2021-05-03 22:47:10'),(5,'Hilton','Cummerata','Rashawn Heathcote','1981-03-25','Ea quibusdam ratione animi corrupti veniam deleniti quod.','ward.kshlerin@example.net','(631)107-0371x93386',2,10,'1960-06-17 19:07:44','2021-05-03 22:47:10'),(6,'Lon','Thiel','Jaeden Cummings','1993-03-24','Odit odio sunt voluptatem exercitationem est.','jlowe@example.com','+71(3)9029600936',1,5,'1983-08-25 12:11:53','2021-05-03 22:47:10'),(7,'Ludwig','Jerde','Judson Stark','2019-04-30','Illum voluptas qui ratione expedita.','ransom.ernser@example.com','(745)596-9542x783',2,10,'1935-11-28 15:13:23','2021-05-03 22:47:10'),(8,'Curtis','Wiegand','Jeremy Kris IV','1996-01-03','Vel sint quo iusto repudiandae impedit optio velit.','prippin@example.net','(033)199-9301x6241',2,5,'1926-02-05 05:36:29','2021-05-03 22:47:10'),(9,'Cecilia','Mitchell','Sibyl Hackett','1998-02-12','Quis id officia nisi eligendi est autem.','garrison45@example.com','1-811-760-5941x224',1,10,'1940-10-04 17:39:33','2021-05-03 22:47:10'),(10,'Naomie','Konopelski','Alf Walter','2005-04-23','Aut et earum porro sit voluptas ab reiciendis.','lquigley@example.org','(989)166-5078',2,5,'1946-05-16 06:08:26','2021-05-03 22:47:10'),(11,'Trevion','Effertz','Maureen Jaskolski','2012-06-04','Ut velit ut cumque at similique.','moises47@example.org','647-886-3463',2,11,'1932-02-18 11:30:37','2021-05-03 22:47:10'),(12,'Hilario','Runte','Lonnie Ernser','1976-11-02','A natus et nisi quo officiis adipisci quisquam.','lila46@example.net','161.741.3296x539',2,9,'1951-10-24 04:15:26','2021-05-03 22:47:10'),(13,'Rosalind','Bailey','Charity Von','1972-04-28','Ad esse voluptatibus velit et.','mante.talia@example.com','1-545-246-5685',1,13,'1997-08-14 23:03:32','2021-05-03 22:47:10'),(14,'Antwon','Cassin','Hellen Prohaska','2014-05-14','Qui magni sit repudiandae quisquam nobis.','tillman.tina@example.org','1-489-988-3504x08533',1,9,'1932-07-11 07:54:29','2021-05-03 22:47:10'),(15,'Mitchel','Christiansen','Alfredo Hessel IV','2018-02-20','Earum est earum ad et tenetur in deleniti.','celine86@example.net','1-551-942-7447',2,7,'1991-08-14 06:42:39','2021-05-03 22:47:10'),(16,'Kayli','Medhurst','Amalia Lesch','2016-02-27','Nihil delectus et qui ea eum ipsa natus.','purdy.destiney@example.org','889.941.6102x13489',2,8,'1977-03-25 17:57:07','2021-05-03 22:47:10'),(17,'Paul','Fritsch','Shana Nienow','1970-06-11','Incidunt ut deleniti qui culpa.','hudson.louie@example.net','761.884.8658',2,2,'1994-11-03 04:29:04','2021-05-03 22:47:10'),(18,'Wanda','Jacobson','Nelda Bailey','1974-01-15','Alias dolor quia repellendus corrupti dolores architecto.','hcrona@example.org','191-595-4784x08973',1,1,'1958-08-29 23:16:23','2021-05-03 22:47:10'),(19,'Maddison','Harber','Dr. Tyrese Feeney','2001-07-12','Dolores eius sed modi reiciendis velit fugit eum.','darius64@example.net','(658)675-8412x2197',1,13,'1972-11-24 11:26:13','2021-05-03 22:47:10'),(20,'Gabriella','Schiller','Devin Leuschke','1992-07-22','Soluta iure necessitatibus non omnis.','carolyn12@example.com','117-732-8982x798',1,5,'1991-07-28 23:45:01','2021-05-03 22:47:10'),(21,'Akeem','Douglas','Wallace Little','2008-06-08','Dolor eligendi odit sed sed.','tromp.raquel@example.org','776-746-5672x44016',2,13,'1926-08-03 06:47:46','2021-05-03 22:47:10'),(22,'Kathlyn','Kling','Dr. Bernadette Herzog MD','2009-04-05','Eveniet quibusdam sint ut sed nam veniam.','skiles.richmond@example.com','06100384888',1,6,'2011-08-18 08:29:20','2021-05-03 22:47:10'),(23,'Santiago','Raynor','Mrs. Kiara Harris','2014-08-12','Magnam dolores officiis labore excepturi.','alayna.towne@example.org','712.963.1910x4644',2,7,'1971-05-15 14:38:39','2021-05-03 22:47:10'),(24,'Kareem','Daniel','Mrs. Rose Graham III','2010-04-04','Placeat ea odio nisi et maiores impedit totam ut.','vshanahan@example.org','+62(0)1925334206',2,3,'1981-12-28 17:06:47','2021-05-03 22:47:10'),(25,'Ferne','Daniel','Prof. Jordane King DVM','1990-11-22','Adipisci placeat corrupti sequi aut.','harris.ardella@example.com','1-530-380-7831x0225',1,7,'1974-07-14 04:18:22','2021-05-03 22:47:10'),(26,'Lillian','Spencer','Colt Murray','2004-08-13','Laboriosam illum cumque autem repellat eum dolores minus.','wkuhic@example.com','(730)040-8350',2,12,'2012-07-22 09:11:21','2021-05-03 22:47:10'),(27,'Zula','Stark','Myriam Sanford','1978-03-25','Facere asperiores maiores beatae eos.','ernser.johann@example.org','846-843-6707x1172',2,9,'2017-01-19 22:18:05','2021-05-03 22:47:10'),(28,'Janae','Conn','Javier Heidenreich','1975-06-04','Voluptatem sed blanditiis sed.','russel.wade@example.net','676-611-6869x07970',1,9,'1995-03-02 19:32:58','2021-05-03 22:47:10'),(29,'Asia','Brown','Nicklaus Heidenreich I','1978-07-10','Hic suscipit sed alias et quod et.','dlegros@example.net','207-068-6825',1,4,'2013-10-30 06:27:28','2021-05-03 22:47:10'),(30,'Valentin','Kshlerin','Marisol Sanford DVM','2020-10-16','Voluptas provident temporibus similique voluptatem libero vero.','josh27@example.org','(218)609-2940x70810',2,5,'1922-05-30 07:47:24','2021-05-03 22:47:10'),(31,'Marcos','Quitzon','Alivia Douglas DVM','2010-06-17','Doloribus sit repudiandae nam fuga doloremque voluptatem.','icie59@example.org','(649)742-8095x79875',2,11,'1935-01-03 07:24:25','2021-05-03 22:47:10'),(32,'Woodrow','Raynor','Danny Stamm','1984-07-25','Maiores enim ipsa minima voluptatem voluptatem.','selmer.schamberger@example.net','845-269-9432',2,1,'1983-09-10 04:10:03','2021-05-03 22:47:10'),(33,'Mozell','Sanford','Mr. Paolo Kerluke','1998-08-19','Et qui amet voluptate possimus aliquam.','qturcotte@example.org','426-255-2651x2894',1,11,'1950-06-11 14:00:37','2021-05-03 22:47:10'),(34,'Javonte','Koepp','Winnifred Cummerata III','2005-03-18','Et soluta sunt facere saepe quaerat.','brendon.little@example.net','353-757-6642x200',2,8,'1940-02-14 13:31:12','2021-05-03 22:47:10'),(35,'Valentina','Kris','Dr. Loma Hilpert I','1977-09-11','Voluptatem tempora accusantium ad vel iusto maxime incidunt.','joesph.mcglynn@example.org','1-613-518-3063x225',2,9,'1965-07-23 14:30:54','2021-05-03 22:47:10'),(36,'Deondre','Luettgen','Maximillia Carter','2016-02-20','Facere cupiditate assumenda et amet odio aut possimus rerum.','lavonne.grimes@example.org','696-264-5723',1,6,'1977-08-27 19:26:34','2021-05-03 22:46:15'),(37,'Valentine','Shields','Brenden Macejkovic','1991-06-02','Est ut ipsa facere in aut id amet.','kaitlin.ward@example.org','287-209-6425x724',1,4,'1953-01-16 22:16:06','2021-05-03 22:47:10'),(38,'Louie','Nikolaus','Emilio Davis','2001-01-05','Rerum eveniet sit aliquam neque velit voluptates.','kertzmann.evalyn@example.org','622.372.8570',2,13,'1993-12-19 07:08:22','2021-05-03 22:47:10'),(39,'Reina','Douglas','Jevon Marquardt','1999-01-07','Aliquam voluptatem ducimus voluptatibus itaque ratione.','fatima17@example.net','760-837-6911x1594',1,13,'1922-06-26 06:05:13','2021-05-03 22:47:10'),(40,'Elliot','Stiedemann','Oda Nicolas','1998-01-05','Quidem ipsa illum animi facere aut.','orolfson@example.net','858.941.8954x5934',1,11,'1931-02-17 00:59:13','2021-05-03 22:47:10'),(41,'Sigmund','Sauer','Durward Crist','1990-07-05','Dolor laudantium quo dolorem eum.','kameron.osinski@example.org','08976740317',1,14,'1943-10-24 05:19:28','2021-05-03 22:47:10'),(42,'Justice','Grant','Enos Schiller','1989-11-26','Dolorum non velit reprehenderit qui placeat facilis modi.','maureen39@example.com','472.434.9127x5311',1,10,'1931-04-04 20:52:37','2021-05-03 22:47:10'),(43,'Lee','Cole','Edyth Jast','1978-02-10','Ducimus sint ut est qui eligendi amet eos.','ytorp@example.com','+36(6)3257495506',1,7,'1963-11-13 14:43:05','2021-05-03 22:47:10'),(44,'Mercedes','Harvey','Elbert Schuster','1987-01-04','Atque ex sit ut.','satterfield.ansel@example.org','(751)011-0980x370',1,6,'2003-06-12 16:16:26','2021-05-03 22:47:10'),(45,'Crawford','Watsica','Ms. Jaclyn Borer','2002-11-08','Velit pariatur delectus omnis eos quis provident veritatis.','aubree.mcglynn@example.net','1-570-645-7910',2,6,'1990-07-18 20:17:29','2021-05-03 22:47:10'),(46,'Peyton','Schmidt','Randi Pfeffer','2002-02-24','Dolorem excepturi eligendi placeat.','gsauer@example.net','1-451-160-2196',1,1,'1965-09-01 14:08:42','2021-05-03 22:47:10'),(47,'Sarah','Kassulke','Whitney Rice','1974-01-02','Error reprehenderit sunt est itaque eius.','maximillia.jenkins@example.com','(420)747-6660',2,11,'1955-02-06 21:08:21','2021-05-03 22:47:10'),(48,'Destinee','Mann','Mrs. Alexane Ward MD','2000-12-29','Molestiae placeat natus soluta et.','weimann.filiberto@example.net','878-368-6563',1,9,'2017-08-07 14:07:01','2021-05-03 22:47:10'),(49,'Chadd','Muller','Prof. Deondre Dicki','1991-11-29','Molestias architecto atque consequatur.','pgreenholt@example.net','1-331-246-2193',2,14,'1992-04-08 19:08:55','2021-05-03 22:47:10'),(50,'Malachi','Cummerata','Alf Boyle','2012-12-08','Suscipit fugit ea rem consequatur eveniet occaecati.','mariana27@example.net','857.656.5064',2,1,'1953-04-24 00:13:40','2021-05-03 22:47:10'),(51,'Ari','Stroman','Alvina Buckridge IV','1979-10-23','Sit et assumenda officiis molestiae sed dolore.','ehamill@example.net','438-384-1236x16867',2,5,'1970-10-17 07:01:44','2021-05-03 22:47:10'),(52,'Flavie','Tromp','Dr. Jolie Harvey','2001-09-24','Quidem mollitia tempora et eveniet cupiditate consequuntur.','gokuneva@example.org','(320)567-4513x9556',1,6,'1989-01-22 03:33:48','2021-05-03 22:47:10'),(53,'Jerald','Ebert','Megane Wintheiser','2000-12-22','Non ut dolores accusamus aut impedit.','hoppe.alejandra@example.net','+27(9)5465555706',1,1,'1992-10-06 15:44:55','2021-05-03 22:47:10'),(54,'Bernadette','Volkman','Jannie Schuster','1982-12-29','Error velit qui explicabo temporibus.','chloe.crooks@example.org','859-134-1658x1693',2,13,'2014-04-23 09:25:41','2021-05-03 22:47:10'),(55,'Adolphus','Casper','Mrs. Trycia Hudson','2008-10-10','Rerum illum ullam autem architecto.','dante.bahringer@example.org','(267)025-6726x61175',2,6,'2007-04-15 18:44:40','2021-05-03 22:47:10'),(56,'Afton','Hackett','Dandre Bradtke','1979-06-04','Alias sed est nam reprehenderit impedit.','zane17@example.net','1-498-588-4570x315',1,6,'1943-12-14 16:37:54','2021-05-03 22:46:15'),(57,'Hermina','Dickens','Lola McCullough','2015-02-21','Et vel nulla minima voluptatibus nemo.','ledner.ines@example.com','(904)224-9308x069',2,9,'1990-01-24 01:51:12','2021-05-03 22:47:10'),(58,'Harry','Erdman','Tyrique Hand','1979-10-13','Velit aut ut praesentium enim porro non ullam omnis.','sebastian.kunze@example.org','1-459-390-7553x89797',2,14,'2000-01-04 23:44:49','2021-05-03 22:47:10'),(59,'Thad','Sporer','Maude Zboncak','1971-11-11','Voluptas pariatur velit dolorum itaque voluptatem ipsam.','dstehr@example.org','+18(2)1436843041',1,13,'1961-01-17 11:12:11','2021-05-03 22:47:10'),(60,'Leonor','Abshire','Bella Bednar','1994-07-13','Est voluptatum perspiciatis sed vitae commodi rerum et.','larkin.trever@example.net','526.419.0452',1,10,'1962-04-18 13:35:14','2021-05-03 22:46:15'),(61,'Kacie','Jast','Vladimir Hoppe','2010-06-23','Non tenetur optio et modi ut aut labore.','mateo.stoltenberg@example.org','899.368.3869',2,11,'1985-05-01 04:22:24','2021-05-03 22:47:10'),(62,'Melba','Brown','Miss Madie Kuhn III','2012-12-06','Qui id sit tempore sapiente dolore sequi.','isom04@example.net','+17(8)8036717001',2,9,'1936-04-29 01:35:53','2021-05-03 22:47:10'),(63,'Roger','Nitzsche','Riley Cruickshank','1993-01-25','Autem sunt saepe rerum.','erin.sanford@example.com','+06(7)3885745902',1,12,'1932-01-17 15:25:48','2021-05-03 22:47:10'),(64,'Art','Huels','Aiyana Wilkinson','1987-01-24','Et consequuntur ullam quasi molestias fugiat.','kshlerin.demetris@example.org','(657)818-1997x3247',2,6,'1934-03-20 15:46:37','2021-05-03 22:47:10'),(65,'Abigail','Pollich','Betsy Terry DDS','1998-10-13','Soluta et iste rem sunt eveniet laudantium quod.','alice95@example.net','(245)650-5094x31249',2,8,'1990-08-23 22:14:38','2021-05-03 22:47:10'),(66,'Leland','Muller','Bobbie Cassin PhD','1998-03-30','Ab libero repellendus veniam unde qui aut omnis.','kmurazik@example.org','1-491-113-2268',2,5,'2018-01-09 00:38:01','2021-05-03 22:47:10'),(67,'Oscar','Zemlak','Miss Lavonne Yost','2005-02-15','Delectus dolorum cum est animi quia pariatur maxime.','stroman.noemi@example.net','472-163-1739x2388',1,14,'2004-03-18 15:16:30','2021-05-03 22:47:10'),(68,'Concepcion','Zieme','Angel O\'Connell','1993-11-17','Aut odio at aspernatur tempora.','mireya46@example.net','(701)507-0203x452',1,14,'1954-09-18 05:13:46','2021-05-03 22:47:10'),(69,'Pink','Harris','Margaretta Gutkowski','1981-03-08','Necessitatibus voluptas alias similique vel.','icummerata@example.net','(108)863-9051',2,13,'1990-06-08 19:19:34','2021-05-03 22:47:10'),(70,'Hanna','D\'Amore','Ali Welch','1982-09-25','Officia omnis non ut repellat.','doris.feil@example.net','532-736-3742',2,8,'1929-02-10 07:46:16','2021-05-03 22:47:10'),(71,'Corrine','Senger','Dr. Russel Bradtke MD','2018-03-03','Alias corrupti velit est pariatur.','boehm.daren@example.org','1-103-578-9274x10975',1,1,'1955-04-04 10:20:20','2021-05-03 22:46:15'),(72,'Erika','Reichert','Erica Turcotte','2008-10-17','Aperiam ab veniam exercitationem quae illo cupiditate.','tlarson@example.com','613.603.8820x0619',1,10,'1936-03-09 18:47:05','2021-05-03 22:47:10'),(73,'Michele','Ebert','Adalberto Pouros III','2000-08-26','Consequatur facilis corrupti excepturi consequatur dicta nisi.','stephany27@example.org','(481)482-0191x9206',1,3,'2005-01-02 07:41:27','2021-05-03 22:46:15'),(74,'Katarina','Leffler','Mia Kuphal','1978-03-09','Quod et enim et est omnis accusamus.','nryan@example.org','(491)802-5980x792',2,14,'2018-10-10 06:52:25','2021-05-03 22:47:10'),(75,'Jamel','Heidenreich','Bette Gutkowski','1998-01-24','Adipisci quo quia adipisci consequatur.','manley75@example.com','162-062-1351x622',2,4,'1948-07-22 10:17:30','2021-05-03 22:47:10'),(76,'Donnie','Predovic','Mike Schiller','2017-12-03','Non quia atque officiis eum.','tcrooks@example.org','475.670.1029x66068',1,4,'1968-02-19 17:08:10','2021-05-03 22:47:10'),(77,'Alexzander','Steuber','Abdul Moen','1982-01-11','Sed saepe minima autem temporibus illo.','andres34@example.org','(099)885-2591x72265',2,8,'1970-07-16 23:34:58','2021-05-03 22:47:10'),(78,'Mallie','Cummings','Lea Walter','1975-12-31','Cupiditate placeat officia autem in quo modi provident.','borer.gia@example.com','986-689-8794x828',2,1,'2004-08-03 00:19:33','2021-05-03 22:47:10'),(79,'Cassandre','Koepp','Prof. Zula Barrows III','1979-11-22','Autem ut explicabo quidem facere.','uleuschke@example.net','559.871.3900x0769',2,5,'2020-11-12 01:22:40','2021-05-03 22:47:10'),(80,'Guiseppe','Weber','Prof. Jazmyne Heller','2017-05-08','Incidunt voluptatem similique quae molestias.','drussel@example.com','1-162-173-2655x4377',2,11,'2010-12-21 02:31:41','2021-05-03 22:47:10'),(81,'Vincenza','O\'Kon','Heath Murphy','1986-06-30','Ut laudantium repudiandae aut maxime necessitatibus.','marietta67@example.com','623.452.0051',2,12,'2010-10-28 08:14:53','2021-05-03 22:47:10'),(82,'Briana','Lockman','Ms. Neha Marvin','2019-05-31','Amet magni ut sit ad qui quas.','mlowe@example.org','(995)730-6550',2,13,'1927-06-12 20:27:16','2021-05-03 22:47:10'),(83,'Amanda','O\'Keefe','Stanley Kohler','2017-11-18','Mollitia consectetur voluptatibus rerum molestias.','deondre87@example.org','1-947-837-9680',2,13,'1961-04-14 01:19:26','2021-05-03 22:47:10'),(84,'Lacey','Ernser','Mr. Tyson Trantow','2019-12-14','Ut voluptatem esse rerum nihil quia sapiente.','richie.miller@example.org','253.744.1574',1,13,'1941-08-21 05:40:26','2021-05-03 22:47:10'),(85,'Gianni','Reichert','Sammie Schuppe','1990-11-08','Et ut neque et dolor.','remington24@example.org','1-048-646-7201x72130',1,10,'1931-02-05 00:28:48','2021-05-03 22:47:10'),(86,'Emile','Ziemann','Adell Wintheiser','2005-05-16','Corporis optio velit sunt similique a.','jovan.schultz@example.com','478-450-1161',1,10,'1998-07-22 00:09:16','2021-05-03 22:47:10'),(87,'Candelario','Rogahn','Chadd Fay','1973-04-04','Possimus rerum dolorem doloribus assumenda sit.','kristin87@example.net','(684)848-0130x523',1,5,'2009-06-23 21:47:35','2021-05-03 22:47:10'),(88,'Zoe','Prosacco','Orie Skiles MD','2018-03-25','Sequi numquam et et cupiditate sint facere in quisquam.','jhirthe@example.net','(604)876-8498x248',1,7,'2006-04-28 22:50:53','2021-05-03 22:47:10'),(89,'Emery','Tromp','Fannie Crona','1985-08-16','Quod sed in quae odit explicabo.','deondre.roob@example.net','1-781-717-0278x53218',1,9,'1975-12-07 16:16:49','2021-05-03 22:46:15'),(90,'Alfreda','Stanton','Stephany Hoppe','1991-06-09','Totam et quidem sequi aperiam ducimus et quis quia.','rachel.leuschke@example.net','161.765.7215x75354',2,8,'1928-02-06 05:47:05','2021-05-03 22:47:10'),(91,'Dario','Rau','Verdie Cruickshank','2004-04-14','Quia reiciendis minus et aut soluta provident.','goodwin.dorothy@example.org','03636642069',1,1,'1957-04-10 02:41:28','2021-05-03 22:46:15'),(92,'Humberto','King','Waylon Stroman','2012-06-26','Sit repudiandae ut saepe blanditiis.','noemi.gutmann@example.net','(586)869-9084x56725',2,5,'1978-08-04 19:11:27','2021-05-03 22:47:10'),(93,'Dudley','Rice','Prof. Randal Heathcote','2012-03-10','Et quidem sunt animi repellat.','howe.lempi@example.net','+85(0)9530280523',2,10,'1993-10-23 05:06:04','2021-05-03 22:47:10'),(94,'Marshall','Armstrong','Tony Murphy','1985-05-10','Quia occaecati ut enim rerum sunt aut dignissimos.','connelly.kiel@example.com','1-670-788-7518',2,4,'1932-12-13 17:51:46','2021-05-03 22:46:15'),(95,'Rory','D\'Amore','Ruby Nitzsche','2004-08-06','Omnis in rem nemo autem et maxime.','dolly15@example.org','1-531-237-5216x346',2,4,'1992-07-17 03:48:03','2021-05-03 22:47:10'),(96,'Fleta','Mueller','Sarina Padberg','2006-03-31','Rerum beatae natus est quis eius incidunt quos.','boehm.malvina@example.net','(059)308-4772x50190',2,10,'1991-01-21 04:47:16','2021-05-03 22:47:10'),(97,'Maddison','Larson','Thaddeus Waters','1981-05-22','Nam id enim ipsam id aperiam.','estefania41@example.net','(263)206-0238',2,6,'1989-05-20 15:12:29','2021-05-03 22:47:10'),(98,'Ilene','Kessler','Virginie Wunsch MD','2012-07-05','Repudiandae illo praesentium et ratione facilis autem voluptas sapiente.','sunny.koss@example.org','223.300.4760x34367',2,1,'1933-10-14 20:04:16','2021-05-03 22:47:10'),(99,'Harvey','Bruen','Jarrett Sauer','1999-07-06','Et quia eligendi aut modi eos.','ekohler@example.com','(424)628-2113',1,1,'1963-08-05 22:52:23','2021-05-03 22:47:10'),(100,'Kiley','Thiel','Vilma Lindgren IV','2017-05-30','Deleniti optio aut aut dicta est.','russel.moen@example.org','975.944.6135x758',1,1,'1971-07-17 00:19:48','2021-05-03 22:47:10');
/*!40000 ALTER TABLE `users` ENABLE KEYS */;
UNLOCK TABLES;

--
-- Temporary view structure for view `users_bonus_cards`
--

DROP TABLE IF EXISTS `users_bonus_cards`;
/*!50001 DROP VIEW IF EXISTS `users_bonus_cards`*/;
SET @saved_cs_client     = @@character_set_client;
/*!50503 SET character_set_client = utf8mb4 */;
/*!50001 CREATE VIEW `users_bonus_cards` AS SELECT 
 1 AS `user`,
 1 AS `bonus_card`*/;
SET character_set_client = @saved_cs_client;

--
-- Temporary view structure for view `users_libraries`
--

DROP TABLE IF EXISTS `users_libraries`;
/*!50001 DROP VIEW IF EXISTS `users_libraries`*/;
SET @saved_cs_client     = @@character_set_client;
/*!50503 SET character_set_client = utf8mb4 */;
/*!50001 CREATE VIEW `users_libraries` AS SELECT 
 1 AS `user`,
 1 AS `library`*/;
SET character_set_client = @saved_cs_client;

--
-- Final view structure for view `authors_books`
--

/*!50001 DROP VIEW IF EXISTS `authors_books`*/;
/*!50001 SET @saved_cs_client          = @@character_set_client */;
/*!50001 SET @saved_cs_results         = @@character_set_results */;
/*!50001 SET @saved_col_connection     = @@collation_connection */;
/*!50001 SET character_set_client      = utf8mb4 */;
/*!50001 SET character_set_results     = utf8mb4 */;
/*!50001 SET collation_connection      = utf8mb4_0900_ai_ci */;
/*!50001 CREATE ALGORITHM=UNDEFINED */
/*!50013 DEFINER=`root`@`localhost` SQL SECURITY DEFINER */
/*!50001 VIEW `authors_books` AS select concat(`a`.`first_name`,' ',`a`.`last_name`) AS `author`,`b`.`name` AS `book` from (`authors` `a` join `books` `b` on((`b`.`author_id` = `a`.`id`))) */;
/*!50001 SET character_set_client      = @saved_cs_client */;
/*!50001 SET character_set_results     = @saved_cs_results */;
/*!50001 SET collation_connection      = @saved_col_connection */;

--
-- Final view structure for view `users_bonus_cards`
--

/*!50001 DROP VIEW IF EXISTS `users_bonus_cards`*/;
/*!50001 SET @saved_cs_client          = @@character_set_client */;
/*!50001 SET @saved_cs_results         = @@character_set_results */;
/*!50001 SET @saved_col_connection     = @@collation_connection */;
/*!50001 SET character_set_client      = utf8mb4 */;
/*!50001 SET character_set_results     = utf8mb4 */;
/*!50001 SET collation_connection      = utf8mb4_0900_ai_ci */;
/*!50001 CREATE ALGORITHM=UNDEFINED */
/*!50013 DEFINER=`root`@`localhost` SQL SECURITY DEFINER */
/*!50001 VIEW `users_bonus_cards` AS select concat(`u`.`first_name`,' ',`u`.`last_name`) AS `user`,`bc`.`name` AS `bonus_card` from (`bonus_cards` `bc` join `users` `u` on((`u`.`bonus_card_id` = `bc`.`id`))) */;
/*!50001 SET character_set_client      = @saved_cs_client */;
/*!50001 SET character_set_results     = @saved_cs_results */;
/*!50001 SET collation_connection      = @saved_col_connection */;

--
-- Final view structure for view `users_libraries`
--

/*!50001 DROP VIEW IF EXISTS `users_libraries`*/;
/*!50001 SET @saved_cs_client          = @@character_set_client */;
/*!50001 SET @saved_cs_results         = @@character_set_results */;
/*!50001 SET @saved_col_connection     = @@collation_connection */;
/*!50001 SET character_set_client      = utf8mb4 */;
/*!50001 SET character_set_results     = utf8mb4 */;
/*!50001 SET collation_connection      = utf8mb4_0900_ai_ci */;
/*!50001 CREATE ALGORITHM=UNDEFINED */
/*!50013 DEFINER=`root`@`localhost` SQL SECURITY DEFINER */
/*!50001 VIEW `users_libraries` AS select concat(`u`.`first_name`,' ',`u`.`last_name`) AS `user`,`l`.`name` AS `library` from ((`libraries_users` join `users` `u` on((`libraries_users`.`user_id` = `u`.`id`))) join `libraries` `l` on((`l`.`id` = `libraries_users`.`library_id`))) */;
/*!50001 SET character_set_client      = @saved_cs_client */;
/*!50001 SET character_set_results     = @saved_cs_results */;
/*!50001 SET collation_connection      = @saved_col_connection */;
/*!40103 SET TIME_ZONE=@OLD_TIME_ZONE */;

/*!40101 SET SQL_MODE=@OLD_SQL_MODE */;
/*!40014 SET FOREIGN_KEY_CHECKS=@OLD_FOREIGN_KEY_CHECKS */;
/*!40014 SET UNIQUE_CHECKS=@OLD_UNIQUE_CHECKS */;
/*!40101 SET CHARACTER_SET_CLIENT=@OLD_CHARACTER_SET_CLIENT */;
/*!40101 SET CHARACTER_SET_RESULTS=@OLD_CHARACTER_SET_RESULTS */;
/*!40101 SET COLLATION_CONNECTION=@OLD_COLLATION_CONNECTION */;
/*!40111 SET SQL_NOTES=@OLD_SQL_NOTES */;

-- Dump completed on 2021-05-04 16:09:06
