-- MySQL dump 10.13  Distrib 8.0.23, for Win64 (x86_64)
--
-- Host: localhost    Database: vk
-- ------------------------------------------------------
-- Server version	8.0.23

/*!40101 SET @OLD_CHARACTER_SET_CLIENT=@@CHARACTER_SET_CLIENT */;
/*!40101 SET @OLD_CHARACTER_SET_RESULTS=@@CHARACTER_SET_RESULTS */;
/*!40101 SET @OLD_COLLATION_CONNECTION=@@COLLATION_CONNECTION */;
/*!50503 SET NAMES utf8mb4 */;
/*!40103 SET @OLD_TIME_ZONE=@@TIME_ZONE */;
/*!40103 SET TIME_ZONE='+00:00' */;
/*!40014 SET @OLD_UNIQUE_CHECKS=@@UNIQUE_CHECKS, UNIQUE_CHECKS=0 */;
/*!40014 SET @OLD_FOREIGN_KEY_CHECKS=@@FOREIGN_KEY_CHECKS, FOREIGN_KEY_CHECKS=0 */;
/*!40101 SET @OLD_SQL_MODE=@@SQL_MODE, SQL_MODE='NO_AUTO_VALUE_ON_ZERO' */;
/*!40111 SET @OLD_SQL_NOTES=@@SQL_NOTES, SQL_NOTES=0 */;

--
-- Table structure for table `communities`
--

DROP TABLE IF EXISTS `communities`;
/*!40101 SET @saved_cs_client     = @@character_set_client */;
/*!50503 SET character_set_client = utf8mb4 */;
CREATE TABLE `communities` (
  `id` int unsigned NOT NULL AUTO_INCREMENT COMMENT '╨Ш╨┤╨╡╨╜╤В╨╕╤Д╨╕╨║╨░╤В╨╛╤А ╤Б╤А╨╛╨║╨╕',
  `name` varchar(150) CHARACTER SET utf8mb4 COLLATE utf8mb4_unicode_ci NOT NULL COMMENT '╨Э╨░╨╖╨▓╨░╨╜╨╕╨╡ ╨│╤А╤Г╨┐╨┐╤Л',
  `created_at` datetime DEFAULT CURRENT_TIMESTAMP COMMENT '╨Т╤А╨╡╨╝╤П ╤Б╨╛╨╖╨┤╨░╨╜╨╕╤П ╤Б╤В╤А╨╛╨║╨╕',
  `updated_at` datetime DEFAULT CURRENT_TIMESTAMP ON UPDATE CURRENT_TIMESTAMP COMMENT '╨Т╤А╨╡╨╝╤П ╨╛╨▒╨╜╨╛╨▓╨╗╨╡╨╜╨╕╤П ╤Б╤В╤А╨╛╨║╨╕',
  PRIMARY KEY (`id`),
  UNIQUE KEY `name` (`name`)
) ENGINE=InnoDB AUTO_INCREMENT=101 DEFAULT CHARSET=utf8mb4 COLLATE=utf8mb4_unicode_ci COMMENT='╨У╤А╤Г╨┐╨┐╤Л';
/*!40101 SET character_set_client = @saved_cs_client */;

--
-- Dumping data for table `communities`
--

LOCK TABLES `communities` WRITE;
/*!40000 ALTER TABLE `communities` DISABLE KEYS */;
INSERT INTO `communities` VALUES (1,'aliquam','1956-01-04 15:54:34','1922-05-11 20:59:04'),(2,'quibusdam','1972-06-28 17:55:34','1962-07-29 16:28:19'),(3,'dignissimos','2011-02-01 07:04:40','2006-07-08 15:52:51'),(4,'qui','1943-03-30 05:12:41','1934-08-12 10:31:42'),(5,'et','2004-12-14 18:13:18','1923-04-09 14:48:16'),(6,'numquam','1961-12-29 10:01:27','1956-04-11 06:23:31'),(7,'autem','1930-01-20 06:32:31','1929-06-22 13:49:51'),(8,'aperiam','1987-08-15 04:35:57','2006-08-07 20:36:21'),(9,'non','1930-05-17 21:59:29','1923-12-07 12:50:43'),(10,'saepe','1977-04-29 18:00:30','1987-04-25 21:56:44'),(11,'cum','1981-03-03 04:19:16','1950-09-18 15:09:15'),(12,'est','1963-05-28 21:33:35','1969-05-29 12:59:09'),(13,'consequatur','1990-06-03 11:55:06','1974-10-14 15:51:23'),(14,'modi','1963-08-23 23:29:30','1939-03-30 08:59:44'),(15,'voluptatem','1969-03-05 22:13:18','1931-11-20 11:58:20'),(16,'nihil','2020-08-22 08:41:35','1998-05-01 01:33:18'),(17,'cumque','1934-10-15 15:59:59','1947-09-07 23:06:17'),(18,'repellendus','1937-02-03 11:00:32','1952-07-09 05:22:14'),(19,'vel','1957-02-16 21:29:21','1946-02-08 08:09:47'),(20,'blanditiis','1948-03-19 22:31:02','1986-07-31 11:50:24'),(21,'ut','2002-07-21 05:07:10','1974-08-23 21:01:53'),(22,'fuga','1955-03-31 09:32:26','1969-08-23 22:33:06'),(23,'quos','1973-02-04 00:16:54','1923-05-06 09:02:33'),(24,'deleniti','1954-03-07 08:27:43','1925-10-12 02:31:32'),(25,'omnis','1985-04-11 22:42:51','1968-12-14 04:32:07'),(26,'aliquid','1965-12-06 16:58:49','1923-10-23 13:11:21'),(27,'id','2000-12-12 23:10:17','2009-02-04 23:04:46'),(28,'sint','1943-08-22 09:55:15','1988-11-28 23:13:54'),(29,'fugit','1984-01-20 17:53:25','1973-03-18 00:57:10'),(30,'quas','2012-06-09 19:45:22','1971-07-27 04:16:33'),(31,'itaque','1986-01-27 16:31:25','1985-01-19 05:43:59'),(32,'in','2005-08-18 06:31:27','1989-10-06 19:42:56'),(33,'eos','1992-12-20 18:02:23','1928-12-20 05:32:12'),(34,'pariatur','1964-06-05 15:09:40','1961-03-10 05:26:01'),(35,'ad','2008-12-30 06:37:42','2020-05-23 02:59:23'),(36,'tempora','1939-11-05 07:53:56','1985-04-08 11:01:54'),(37,'dicta','1942-10-07 08:28:29','1992-12-12 02:43:35'),(38,'aspernatur','1947-05-10 01:11:15','1982-06-14 15:07:47'),(39,'a','1961-03-20 14:37:08','1927-12-22 23:39:50'),(40,'sed','1964-08-10 20:28:34','2011-08-25 15:24:16'),(41,'nemo','2008-02-01 05:31:48','1991-08-31 17:11:33'),(42,'dolor','1980-05-10 23:45:47','1978-09-01 04:51:12'),(43,'quidem','1960-05-22 10:22:04','1929-10-28 05:33:26'),(44,'expedita','1926-06-10 20:29:50','1937-06-09 23:58:37'),(45,'voluptas','1927-03-21 06:33:32','1963-09-21 02:01:21'),(46,'quia','1941-02-23 22:36:41','1925-06-02 08:44:58'),(47,'sapiente','1963-03-23 20:04:25','1968-10-28 02:54:00'),(48,'maiores','1924-02-10 05:35:57','2002-01-23 09:22:21'),(49,'mollitia','2001-01-19 14:36:06','1966-02-18 11:40:30'),(50,'laborum','2006-08-27 21:31:11','1980-09-06 08:26:39'),(51,'optio','1985-04-29 16:40:59','1948-04-13 18:52:58'),(52,'excepturi','1953-10-29 03:39:28','1978-10-19 04:22:24'),(53,'ratione','2015-02-02 12:15:08','1970-08-29 04:46:13'),(54,'debitis','2018-08-08 17:59:07','1954-12-03 00:21:06'),(55,'quod','2017-01-13 15:57:42','1937-10-15 19:25:46'),(56,'exercitationem','1965-02-15 22:26:29','2000-02-05 13:06:21'),(57,'dolore','1940-02-11 10:32:41','2015-09-17 03:45:08'),(58,'laboriosam','1972-06-04 01:16:16','2004-10-29 05:40:49'),(59,'assumenda','1980-04-30 01:27:27','1956-04-09 06:27:58'),(60,'sunt','1992-11-14 21:05:46','1942-10-27 20:39:38'),(61,'reiciendis','2020-08-19 18:56:34','1987-11-14 06:30:56'),(62,'ea','1924-02-14 14:50:25','1959-01-09 16:58:40'),(63,'ipsum','1958-02-05 07:42:05','1974-12-19 02:05:28'),(64,'eaque','2003-08-08 12:57:12','1944-02-02 06:44:00'),(65,'animi','1939-02-27 19:49:43','1956-05-14 19:01:27'),(66,'amet','1929-02-11 10:33:41','1936-07-07 08:08:12'),(67,'alias','1934-03-26 03:16:49','1988-03-11 01:07:23'),(68,'quaerat','1987-06-13 20:04:51','1971-07-05 22:56:28'),(69,'aut','1936-07-02 18:27:58','1990-10-03 09:34:50'),(70,'explicabo','1970-02-15 18:31:06','1928-07-19 22:18:48'),(71,'voluptate','1976-09-22 11:57:12','2001-06-28 12:27:30'),(72,'consequuntur','1926-10-11 06:53:12','1927-05-09 02:52:56'),(73,'minus','1977-06-10 16:15:45','2019-06-20 18:31:07'),(74,'odit','1986-02-24 00:56:31','2008-08-15 06:27:01'),(75,'impedit','1994-01-09 07:06:18','1926-08-13 12:40:01'),(76,'earum','1950-10-10 18:06:57','2007-04-17 14:50:04'),(77,'at','1985-08-19 15:43:47','1936-11-03 19:14:56'),(78,'enim','2003-02-27 00:44:15','2005-05-15 01:40:57'),(79,'incidunt','1923-08-23 12:21:48','2006-05-31 22:33:24'),(80,'vitae','1955-04-18 10:50:59','1993-12-10 18:44:33'),(81,'facilis','1946-06-18 11:41:53','1996-10-30 05:39:42'),(82,'accusamus','1924-03-01 14:03:59','2017-09-15 18:39:36'),(83,'facere','2002-01-23 03:48:55','1991-12-01 21:01:32'),(84,'illum','2014-01-12 13:03:02','1995-12-07 08:04:46'),(85,'dolorum','1971-10-05 16:25:42','2009-07-29 18:51:06'),(86,'dolores','2018-03-17 03:54:03','1962-05-22 15:08:58'),(87,'quis','1953-03-10 06:28:36','1943-07-18 20:34:28'),(88,'ipsa','1978-01-11 16:29:56','1933-03-07 08:39:09'),(89,'quam','1952-04-03 22:56:46','1965-02-07 00:53:22'),(90,'magni','1964-05-11 01:03:25','1950-12-07 21:06:03'),(91,'nesciunt','2000-03-09 07:46:51','1950-10-02 01:32:52'),(92,'sit','1995-05-22 13:54:51','1926-08-18 21:47:08'),(93,'possimus','1930-12-16 22:58:20','1955-05-16 08:20:31'),(94,'deserunt','1986-01-22 13:07:15','1952-05-07 06:08:22'),(95,'beatae','2009-01-19 10:05:00','2013-11-22 03:51:12'),(96,'ab','1967-10-18 20:52:12','1960-01-05 04:35:03'),(97,'provident','1952-11-19 10:17:29','1984-02-06 10:10:53'),(98,'placeat','1926-10-16 20:51:16','1957-09-14 12:06:42'),(99,'esse','1982-02-13 08:57:01','2018-10-15 21:33:21'),(100,'nisi','2011-09-10 12:53:28','2013-04-09 02:35:57');
/*!40000 ALTER TABLE `communities` ENABLE KEYS */;
UNLOCK TABLES;

--
-- Table structure for table `communities_users`
--

DROP TABLE IF EXISTS `communities_users`;
/*!40101 SET @saved_cs_client     = @@character_set_client */;
/*!50503 SET character_set_client = utf8mb4 */;
CREATE TABLE `communities_users` (
  `community_id` int unsigned NOT NULL COMMENT '╨б╤Б╤Л╨╗╨║╨░ ╨╜╨░ ╨│╤А╤Г╨┐╨┐╤Г',
  `user_id` int unsigned NOT NULL COMMENT '╨б╤Б╤Л╨╗╨║╨░ ╨╜╨░ ╨┐╨╛╨╗╤М╨╖╨╛╨▓╨░╤В╨╡╨╗╤П',
  `created_at` datetime DEFAULT CURRENT_TIMESTAMP COMMENT '╨Т╤А╨╡╨╝╤П ╤Б╨╛╨╖╨┤╨░╨╜╨╕╤П ╤Б╤В╤А╨╛╨║╨╕',
  PRIMARY KEY (`community_id`,`user_id`) COMMENT '╨б╨╛╤Б╤В╨░╨▓╨╜╨╛╨╣ ╨┐╨╡╤А╨▓╨╕╤З╨╜╤Л╨╣ ╨║╨╗╤О╤З'
) ENGINE=InnoDB DEFAULT CHARSET=utf8mb4 COLLATE=utf8mb4_unicode_ci COMMENT='╨г╤З╨░╤Б╤В╨╜╨╕╨║╨╕ ╨│╤А╤Г╨┐╨┐, ╤Б╨▓╤П╨╖╤М ╨╝╨╡╨╢╨┤╤Г ╨┐╨╛╨╗╤М╨╖╨╛╨▓╨░╤В╨╡╨╗╤П╨╝╨╕ ╨╕ ╨│╤А╤Г╨┐╨┐╨░╨╝╨╕';
/*!40101 SET character_set_client = @saved_cs_client */;

--
-- Dumping data for table `communities_users`
--

LOCK TABLES `communities_users` WRITE;
/*!40000 ALTER TABLE `communities_users` DISABLE KEYS */;
INSERT INTO `communities_users` VALUES (1,1,'2012-05-18 22:33:03'),(2,2,'2011-06-22 10:50:13'),(3,3,'2021-01-18 09:04:02'),(4,4,'2019-08-08 19:58:37'),(5,5,'2015-07-20 10:47:08'),(6,6,'2019-06-29 00:24:52'),(7,7,'2020-07-15 06:51:21'),(8,8,'2012-01-21 15:23:39'),(9,9,'2016-09-30 11:13:20'),(10,10,'2020-08-03 08:11:41'),(11,11,'2016-05-12 18:17:39'),(12,12,'2013-12-19 07:09:28'),(13,13,'2021-01-12 04:23:22'),(14,14,'2019-05-06 14:15:43'),(15,15,'2015-09-01 23:05:17'),(16,16,'2014-07-03 04:05:48'),(17,17,'2013-11-21 13:31:47'),(18,18,'2020-11-16 15:02:27'),(19,19,'2012-09-03 06:30:14'),(20,20,'2012-12-18 18:00:29'),(21,21,'2012-09-24 04:55:53'),(22,22,'2016-06-07 04:43:27'),(23,23,'2020-07-24 06:37:02'),(24,24,'2018-05-10 18:12:55'),(25,25,'2017-08-21 21:26:17'),(26,26,'2018-06-20 15:51:36'),(27,27,'2019-05-13 23:50:06'),(28,28,'2017-02-13 20:56:50'),(29,29,'2012-05-04 23:08:46'),(30,30,'2014-09-11 16:50:45'),(31,31,'2013-04-27 17:33:12'),(32,32,'2015-07-13 06:47:10'),(33,33,'2012-05-31 16:32:00'),(34,34,'2019-11-26 04:24:53'),(35,35,'2016-05-09 08:28:43'),(36,36,'2012-07-17 14:21:37'),(37,37,'2015-06-08 05:03:40'),(38,38,'2015-09-14 14:04:54'),(39,39,'2015-04-08 06:21:59'),(40,40,'2012-10-04 12:42:35'),(41,41,'2012-01-02 12:30:42'),(42,42,'2019-12-04 05:30:53'),(43,43,'2018-08-19 09:34:31'),(44,44,'2018-07-16 23:20:51'),(45,45,'2018-08-16 13:41:01'),(46,46,'2014-02-22 06:38:01'),(47,47,'2019-06-23 07:11:03'),(48,48,'2011-12-23 21:09:22'),(49,49,'2015-08-25 11:12:49'),(50,50,'2017-01-15 14:13:56'),(51,51,'2012-06-13 13:01:02'),(52,52,'2013-05-24 21:09:27'),(53,53,'2019-01-01 07:11:49'),(54,54,'2014-01-18 12:59:41'),(55,55,'2020-03-13 04:12:25'),(56,56,'2013-05-23 07:30:21'),(57,57,'2019-02-27 22:16:26'),(58,58,'2019-10-17 01:36:50'),(59,59,'2018-08-01 14:30:44'),(60,60,'2018-10-24 02:07:54'),(61,61,'2018-06-27 08:20:01'),(62,62,'2020-12-09 09:38:48'),(63,63,'2014-02-11 06:10:09'),(64,64,'2014-11-11 21:34:13'),(65,65,'2011-12-28 03:57:59'),(66,66,'2011-09-15 10:30:53'),(67,67,'2020-07-31 14:45:36'),(68,68,'2012-04-03 13:44:15'),(69,69,'2016-03-21 10:12:26'),(70,70,'2015-10-23 07:38:43'),(71,71,'2013-11-27 13:19:40'),(72,72,'2013-08-16 06:19:23'),(73,73,'2016-02-19 09:47:55'),(74,74,'2012-09-15 18:24:40'),(75,75,'2018-09-08 10:04:46'),(76,76,'2020-06-22 23:09:18'),(77,77,'2014-05-28 02:42:41'),(78,78,'2019-10-23 15:50:36'),(79,79,'2015-11-12 18:10:06'),(80,80,'2017-06-03 06:44:53'),(81,81,'2013-01-24 02:35:19'),(82,82,'2019-05-17 14:21:01'),(83,83,'2016-03-19 23:03:48'),(84,84,'2016-04-02 00:28:37'),(85,85,'2019-12-07 21:39:33'),(86,86,'2015-12-05 00:48:28'),(87,87,'2013-09-02 02:04:57'),(88,88,'2019-10-19 20:20:31'),(89,89,'2012-02-13 19:56:44'),(90,90,'2019-03-27 12:41:38'),(91,91,'2018-04-07 07:46:43'),(92,92,'2014-09-16 21:33:19'),(93,93,'2015-01-25 05:54:38'),(94,94,'2019-12-22 01:49:07'),(95,95,'2018-02-15 12:30:01'),(96,96,'2019-08-31 18:25:19'),(97,97,'2012-03-04 09:42:38'),(98,98,'2018-08-16 01:00:52'),(99,99,'2011-07-11 23:35:10'),(100,100,'2013-10-19 19:27:47');
/*!40000 ALTER TABLE `communities_users` ENABLE KEYS */;
UNLOCK TABLES;

--
-- Table structure for table `friendship`
--

DROP TABLE IF EXISTS `friendship`;
/*!40101 SET @saved_cs_client     = @@character_set_client */;
/*!50503 SET character_set_client = utf8mb4 */;
CREATE TABLE `friendship` (
  `user_id` int unsigned NOT NULL COMMENT '╨б╤Б╤Л╨╗╨║╨░ ╨╜╨░ ╨╕╨╜╨╕╤Ж╨╕╨░╤В╨╛╤А╨░ ╨┤╤А╤Г╨╢╨╡╤Б╨║╨╕╤Е ╨╛╤В╨╜╨╛╤И╨╡╨╜╨╕╨╣',
  `friend_id` int unsigned NOT NULL COMMENT '╨б╤Б╤Л╨╗╨║╨░ ╨╜╨░ ╨┐╨╛╨╗╤Г╤З╨░╤В╨╡╨╗╤П ╨┐╤А╨╕╨│╨╗╨░╤И╨╡╨╜╨╕╤П ╨┤╤А╤Г╨╢╨╕╤В╤М',
  `friendship_status_id` int unsigned NOT NULL COMMENT '╨б╤Б╤Л╨╗╨║╨░ ╨╜╨░ ╤Б╤В╨░╤В╤Г╤Б (╤В╨╡╨║╤Г╤Й╨╡╨╡ ╤Б╨╛╤Б╤В╨╛╤П╨╜╨╕╨╡) ╨╛╤В╨╜╨╛╤И╨╡╨╜╨╕╨╣',
  `requested_at` datetime DEFAULT CURRENT_TIMESTAMP COMMENT '╨Т╤А╨╡╨╝╤П ╨╛╤В╨┐╤А╨░╨▓╨╗╨╡╨╜╨╕╤П ╨┐╤А╨╕╨│╨╗╨░╤И╨╡╨╜╨╕╤П ╨┤╤А╤Г╨╢╨╕╤В╤М',
  `confirmed_at` datetime DEFAULT NULL COMMENT '╨Т╤А╨╡╨╝╤П ╨┐╨╛╨┤╤В╨▓╨╡╤А╨╢╨┤╨╡╨╜╨╕╤П ╨┐╤А╨╕╨│╨╗╨░╤И╨╡╨╜╨╕╤П',
  `created_at` datetime DEFAULT CURRENT_TIMESTAMP COMMENT '╨Т╤А╨╡╨╝╤П ╤Б╨╛╨╖╨┤╨░╨╜╨╕╤П ╤Б╤В╤А╨╛╨║╨╕',
  `updated_at` datetime DEFAULT CURRENT_TIMESTAMP ON UPDATE CURRENT_TIMESTAMP COMMENT '╨Т╤А╨╡╨╝╤П ╨╛╨▒╨╜╨╛╨▓╨╗╨╡╨╜╨╕╤П ╤Б╤В╤А╨╛╨║╨╕',
  PRIMARY KEY (`user_id`,`friend_id`) COMMENT '╨б╨╛╤Б╤В╨░╨▓╨╜╨╛╨╣ ╨┐╨╡╤А╨▓╨╕╤З╨╜╤Л╨╣ ╨║╨╗╤О╤З'
) ENGINE=InnoDB DEFAULT CHARSET=utf8mb4 COLLATE=utf8mb4_unicode_ci COMMENT='╨в╨░╨▒╨╗╨╕╤Ж╨░ ╨┤╤А╤Г╨╢╨▒╤Л';
/*!40101 SET character_set_client = @saved_cs_client */;

--
-- Dumping data for table `friendship`
--

LOCK TABLES `friendship` WRITE;
/*!40000 ALTER TABLE `friendship` DISABLE KEYS */;
INSERT INTO `friendship` VALUES (1,1,1,'2009-12-26 09:55:09','1985-07-04 09:09:43','1942-08-06 11:23:45','1981-11-12 12:21:31'),(2,2,2,'1967-11-22 11:42:26','1995-11-01 16:32:46','2002-09-17 20:45:23','1958-03-19 15:06:11'),(3,3,3,'1950-07-08 03:18:29','1969-03-23 18:14:13','1979-07-23 18:08:38','1943-08-04 04:24:43'),(4,4,4,'1958-07-17 05:14:15','1929-03-14 16:51:13','1986-03-20 01:30:34','2001-07-25 23:43:08'),(5,5,5,'1995-12-12 03:33:16','2018-03-22 01:56:34','1972-09-24 17:35:15','1952-02-17 00:33:02'),(6,6,6,'1946-08-13 17:59:38','1961-07-12 04:12:38','1935-03-25 19:32:50','1928-11-04 04:56:39'),(7,7,7,'2014-09-05 19:07:47','1930-05-17 15:12:22','1950-07-10 17:41:35','2013-05-04 19:05:02'),(8,8,8,'1977-03-15 05:33:47','1957-12-02 13:34:26','1928-07-05 02:21:35','1946-05-08 13:52:35'),(9,9,1,'1956-01-15 02:59:23','2010-05-10 17:26:37','1944-10-24 05:46:27','2020-01-27 20:55:42'),(10,10,2,'2009-06-08 08:07:11','1924-06-10 18:23:21','2002-10-06 18:39:39','1964-12-31 05:09:11'),(11,11,3,'1999-01-19 14:33:13','1935-05-28 21:37:50','1938-10-08 09:14:05','2014-10-19 18:05:14'),(12,12,4,'1924-06-10 21:09:12','2008-06-06 03:04:37','2013-10-22 08:50:50','1957-11-17 05:49:55'),(13,13,5,'1921-10-20 14:33:48','1959-03-17 10:09:47','2021-02-15 13:35:19','1962-04-20 14:55:45'),(14,14,6,'1939-11-14 17:28:56','1985-12-14 04:10:39','1928-08-20 04:13:26','1941-04-10 22:56:41'),(15,15,7,'2019-11-05 09:48:23','1974-01-21 22:20:04','1963-10-01 13:43:19','2011-12-26 01:38:46'),(16,16,8,'1936-12-12 11:21:15','1962-04-03 03:16:08','2012-09-16 00:04:26','1976-07-05 14:10:59'),(17,17,1,'1949-07-25 06:36:30','1997-09-27 21:17:47','1956-12-13 04:15:08','1977-05-04 18:54:02'),(18,18,2,'1992-07-13 06:07:53','1976-03-06 12:23:18','2013-11-29 23:51:21','1958-03-05 01:04:54'),(19,19,3,'1935-06-14 02:25:42','1934-08-26 22:41:52','1995-11-15 13:20:34','1986-05-15 05:56:42'),(20,20,4,'1983-05-06 03:18:16','1965-04-13 23:30:23','1957-05-17 11:36:42','1998-11-24 20:18:50'),(21,21,5,'1976-04-27 15:51:52','1927-08-11 13:39:25','1956-10-03 03:33:08','1940-10-18 08:59:58'),(22,22,6,'1989-05-20 05:23:46','1984-09-14 00:05:14','1973-07-21 11:47:08','1924-10-20 21:05:49'),(23,23,7,'1991-03-02 06:34:29','1971-03-20 20:47:00','1972-02-16 01:20:26','1953-10-06 15:36:08'),(24,24,8,'2018-07-30 07:17:19','1990-05-23 23:39:39','2007-08-20 08:05:47','1983-05-11 17:13:53'),(25,25,1,'2015-06-23 20:04:30','1931-10-25 06:33:07','1926-04-15 00:12:06','2013-04-17 13:09:26'),(26,26,2,'1931-11-23 21:04:47','2011-01-26 23:08:07','1939-03-22 17:39:46','1953-02-09 03:47:55'),(27,27,3,'1959-07-22 09:44:19','2004-06-17 17:59:26','1933-11-16 17:48:00','1998-09-26 08:24:48'),(28,28,4,'1994-06-23 14:53:38','1943-07-10 01:27:46','1983-09-27 15:44:01','2018-04-13 02:24:10'),(29,29,5,'1928-09-08 13:42:33','2004-04-03 12:39:50','1965-04-05 11:11:13','2008-09-29 10:04:10'),(30,30,6,'1963-02-05 16:11:52','1933-05-09 19:24:08','1928-08-01 01:46:33','1953-06-23 06:31:30'),(31,31,7,'1926-09-11 10:34:55','2001-09-18 09:48:09','1997-03-12 08:34:28','1977-08-13 06:30:35'),(32,32,8,'1949-04-17 00:22:09','1989-09-18 21:52:54','1981-02-10 12:33:34','2014-11-04 18:30:55'),(33,33,1,'1988-01-31 05:41:54','1944-04-18 03:05:01','1992-05-12 23:34:53','2003-12-14 09:57:03'),(34,34,2,'1986-10-14 10:10:40','1995-04-16 20:33:30','1940-05-23 11:50:00','1989-05-23 18:19:43'),(35,35,3,'2020-08-28 08:13:37','2001-02-03 21:28:34','2020-11-28 05:25:13','2002-08-10 10:54:36'),(36,36,4,'2009-08-08 17:07:04','1996-07-19 21:21:21','2009-05-10 14:10:28','2016-05-19 18:28:16'),(37,37,5,'1927-03-27 00:24:01','1925-10-30 00:04:10','1972-06-12 04:45:25','1965-07-31 18:24:33'),(38,38,6,'1950-10-19 20:34:20','1992-02-02 03:59:57','2017-03-15 13:35:50','1949-05-23 07:03:08'),(39,39,7,'1963-09-17 08:54:46','1972-03-30 07:48:37','1956-01-09 10:47:48','1971-07-03 18:00:18'),(40,40,8,'1946-11-22 11:31:07','1924-12-23 05:09:00','2008-02-23 06:49:18','2010-12-27 00:47:48'),(41,41,1,'1957-09-20 12:16:41','1993-02-15 14:32:07','2020-09-11 07:20:27','1969-01-03 21:58:19'),(42,42,2,'1984-02-02 17:01:13','1972-07-23 06:29:18','1999-08-27 21:24:42','1950-01-17 08:24:24'),(43,43,3,'1999-02-01 14:32:52','1949-10-16 01:10:18','1960-03-27 18:38:19','2001-07-29 03:09:07'),(44,44,4,'1984-06-09 06:48:49','2011-01-22 23:02:40','1923-12-10 01:26:11','1928-03-12 16:44:56'),(45,45,5,'2009-11-23 15:44:09','1933-02-08 10:34:58','1999-09-06 10:18:46','1942-07-08 12:15:30'),(46,46,6,'1989-06-28 03:52:23','1975-09-17 23:20:53','2012-04-06 05:45:20','1987-03-12 12:50:16'),(47,47,7,'1966-06-04 19:44:11','1986-12-09 22:00:29','1932-04-11 15:43:31','2020-08-05 18:19:11'),(48,48,8,'1939-02-13 20:54:29','1941-02-17 07:48:33','1936-01-14 03:44:51','1922-11-21 18:52:02'),(49,49,1,'1983-02-01 17:34:59','1931-10-17 03:52:56','2003-11-09 10:43:24','2020-11-22 06:13:03'),(50,50,2,'1991-11-29 01:30:49','1939-07-14 08:34:39','1921-06-07 16:53:52','1988-07-24 22:39:56'),(51,51,3,'2019-03-19 14:09:20','1987-07-13 01:11:50','1939-02-14 23:27:47','1955-02-04 02:33:26'),(52,52,4,'1971-06-09 13:34:27','1955-08-16 09:07:07','1968-09-17 22:03:35','1938-04-15 11:19:43'),(53,53,5,'1990-07-01 00:27:08','2020-07-18 07:33:53','1978-04-25 19:40:11','2008-04-13 04:51:09'),(54,54,6,'1965-06-25 01:52:36','1953-12-21 14:00:16','2020-09-04 19:28:24','1969-01-05 01:40:04'),(55,55,7,'2004-03-15 15:06:45','1986-11-02 23:08:58','1962-03-27 02:30:58','1990-07-07 20:05:31'),(56,56,8,'1946-10-24 11:01:58','1966-07-02 12:01:48','1934-07-24 09:54:35','1985-05-17 02:24:33'),(57,57,1,'1974-06-02 07:06:58','1983-06-26 01:53:54','2007-01-24 17:06:39','1928-10-21 06:16:54'),(58,58,2,'2008-06-13 08:29:32','1969-03-12 22:47:53','1934-10-30 17:47:53','1977-03-29 11:49:19'),(59,59,3,'2008-08-03 06:15:06','1941-09-16 13:18:34','1928-05-24 15:09:09','1930-12-10 18:02:26'),(60,60,4,'2014-09-09 17:36:28','1946-02-13 16:22:17','1968-04-24 20:16:36','1940-06-23 07:26:19'),(61,61,5,'1973-08-10 20:10:22','1962-08-25 20:24:15','1941-03-08 04:01:59','1989-08-04 06:13:23'),(62,62,6,'1931-02-13 00:32:23','1977-06-05 12:31:50','1983-02-03 05:13:56','1934-01-11 12:02:35'),(63,63,7,'1932-06-01 02:49:46','1932-07-27 06:46:04','1972-04-29 13:59:03','1991-04-01 16:40:35'),(64,64,8,'1995-11-19 22:02:24','1999-08-18 23:07:15','2003-08-30 13:41:09','1930-07-09 13:06:54'),(65,65,1,'1965-02-26 00:12:24','1975-07-01 14:03:28','1942-12-24 18:02:39','1974-01-04 07:57:59'),(66,66,2,'2020-07-26 05:37:59','1978-03-29 10:20:59','2002-10-20 03:07:44','2010-03-20 07:28:31'),(67,67,3,'1969-08-14 13:05:10','1974-07-19 23:19:52','1998-04-29 15:47:02','1971-03-31 17:26:40'),(68,68,4,'1980-01-22 02:49:25','1997-01-20 01:26:39','1925-10-07 23:21:36','1975-03-06 03:58:56'),(69,69,5,'1969-05-31 12:37:49','2011-02-19 16:55:01','2002-11-15 20:58:10','1972-07-02 16:49:24'),(70,70,6,'1996-04-27 13:35:04','1959-03-28 23:19:23','1935-04-16 17:42:36','1950-10-13 04:32:11'),(71,71,7,'1986-10-07 18:51:19','2016-03-03 08:56:25','1981-01-19 19:34:39','1996-05-02 00:20:14'),(72,72,8,'1930-11-15 12:44:10','2018-02-27 03:08:41','1921-08-28 16:11:36','1933-08-09 00:16:04'),(73,73,1,'1995-04-08 20:56:28','2008-04-23 10:33:29','1999-03-26 02:01:42','1965-04-11 09:38:01'),(74,74,2,'1979-06-07 12:29:57','1937-07-17 18:45:31','1980-05-04 04:30:37','2021-01-25 12:52:51'),(75,75,3,'1960-03-12 07:02:01','1998-03-22 23:36:30','1947-09-25 20:33:01','1970-11-02 20:38:29'),(76,76,4,'1923-03-09 12:18:46','1936-10-16 21:46:01','2019-10-04 10:40:40','1957-12-02 03:11:35'),(77,77,5,'1955-04-10 15:45:26','1981-03-07 06:06:54','1966-10-03 07:41:19','1979-12-05 06:57:21'),(78,78,6,'2003-09-05 09:02:42','2010-03-13 15:02:45','1983-01-12 09:46:21','1971-05-11 10:32:53'),(79,79,7,'1953-05-08 21:50:43','1973-01-25 09:32:09','1992-10-21 23:20:19','1928-10-20 17:51:30'),(80,80,8,'1964-06-15 11:37:33','1990-06-01 15:38:34','1953-11-25 05:57:08','2002-01-05 13:04:59'),(81,81,1,'1988-10-22 14:37:12','1985-06-15 13:06:39','2008-09-23 19:55:36','1939-02-01 22:26:11'),(82,82,2,'1929-08-26 23:30:57','1985-10-06 18:47:28','1949-08-20 01:46:45','1976-12-06 07:55:22'),(83,83,3,'2020-07-01 15:43:52','1955-07-06 23:44:29','2000-09-17 03:47:27','1981-06-09 10:47:06'),(84,84,4,'1968-04-11 04:25:20','1979-01-04 14:27:37','1981-04-13 08:24:56','1976-01-10 06:32:26'),(85,85,5,'1975-10-06 20:53:44','1997-04-29 20:03:04','2012-03-30 17:32:23','1956-12-29 05:30:44'),(86,86,6,'1932-03-28 00:19:39','1976-01-21 23:01:45','1955-11-06 08:11:11','1947-06-08 18:54:43'),(87,87,7,'1958-05-01 14:39:02','1959-08-13 21:41:06','1974-01-03 08:49:50','1981-06-04 16:43:31'),(88,88,8,'1981-06-24 22:00:08','1986-12-22 07:25:57','2007-05-26 04:20:43','2007-05-17 09:00:36'),(89,89,1,'1992-10-09 05:50:35','1927-10-12 00:00:33','2004-10-18 06:04:27','2006-04-07 11:40:43'),(90,90,2,'1941-12-18 07:49:49','1930-08-16 07:10:48','1966-07-10 01:35:49','1993-07-26 11:21:44'),(91,91,3,'1960-12-16 04:09:51','1933-04-29 00:25:20','1946-12-06 21:39:45','1926-01-10 12:57:19'),(92,92,4,'1935-06-21 03:46:22','1980-07-29 18:53:38','2006-04-12 00:10:54','1977-05-15 19:49:55'),(93,93,5,'1982-04-15 19:50:41','1966-01-23 18:02:38','1980-05-05 20:42:49','2019-08-13 15:43:10'),(94,94,6,'1941-05-04 04:44:11','1966-10-19 09:18:34','1955-11-04 02:09:57','2003-10-25 01:38:41'),(95,95,7,'1968-11-02 19:10:38','1950-09-02 14:51:05','1941-05-30 15:46:35','1976-07-12 02:57:37'),(96,96,8,'1939-02-15 15:17:48','1930-08-05 18:29:06','1933-09-25 17:31:11','1923-07-08 06:14:11'),(97,97,1,'1933-09-04 19:21:13','1975-04-04 02:15:29','1947-11-23 09:48:41','2011-04-06 21:46:15'),(98,98,2,'1968-03-15 17:33:41','1984-07-02 05:37:46','1991-02-24 06:41:39','2016-07-15 06:41:19'),(99,99,3,'1952-05-20 17:45:55','1962-04-15 18:25:25','1996-08-24 00:49:15','2011-02-19 06:52:35'),(100,100,4,'1980-03-04 02:29:19','1921-05-07 11:57:02','1926-04-26 12:50:30','1981-07-31 18:17:47');
/*!40000 ALTER TABLE `friendship` ENABLE KEYS */;
UNLOCK TABLES;

--
-- Table structure for table `friendship_statuses`
--

DROP TABLE IF EXISTS `friendship_statuses`;
/*!40101 SET @saved_cs_client     = @@character_set_client */;
/*!50503 SET character_set_client = utf8mb4 */;
CREATE TABLE `friendship_statuses` (
  `id` int unsigned NOT NULL AUTO_INCREMENT COMMENT '╨Ш╨┤╨╡╨╜╤В╨╕╤Д╨╕╨║╨░╤В╨╛╤А ╤Б╤В╤А╨╛╨║╨╕',
  `name` varchar(150) CHARACTER SET utf8mb4 COLLATE utf8mb4_unicode_ci NOT NULL COMMENT '╨Э╨░╨╖╨▓╨░╨╜╨╕╨╡ ╤Б╤В╨░╤В╤Г╤Б╨░',
  `created_at` datetime DEFAULT CURRENT_TIMESTAMP COMMENT '╨Т╤А╨╡╨╝╤П ╤Б╨╛╨╖╨┤╨░╨╜╨╕╤П ╤Б╤В╤А╨╛╨║╨╕',
  `updated_at` datetime DEFAULT CURRENT_TIMESTAMP ON UPDATE CURRENT_TIMESTAMP COMMENT '╨Т╤А╨╡╨╝╤П ╨╛╨▒╨╜╨╛╨▓╨╗╨╡╨╜╨╕╤П ╤Б╤В╤А╨╛╨║╨╕',
  PRIMARY KEY (`id`),
  UNIQUE KEY `name` (`name`)
) ENGINE=InnoDB AUTO_INCREMENT=9 DEFAULT CHARSET=utf8mb4 COLLATE=utf8mb4_unicode_ci COMMENT='╨б╤В╨░╤В╤Г╤Б╤Л ╨┤╤А╤Г╨╢╨▒╤Л';
/*!40101 SET character_set_client = @saved_cs_client */;

--
-- Dumping data for table `friendship_statuses`
--

LOCK TABLES `friendship_statuses` WRITE;
/*!40000 ALTER TABLE `friendship_statuses` DISABLE KEYS */;
INSERT INTO `friendship_statuses` VALUES (1,'consequatur','2014-12-20 22:51:09','2019-02-08 09:45:22'),(2,'voluptatum','2021-02-03 12:06:45','2020-01-15 13:10:06'),(3,'ducimus','2021-03-16 14:08:24','2017-03-04 21:56:46'),(4,'cum','2015-07-22 08:56:47','2011-06-05 07:36:54'),(5,'ipsam','2012-12-20 23:56:07','2013-11-20 08:40:35'),(6,'delectus','2014-11-27 11:11:30','2015-10-31 21:38:37'),(7,'porro','2016-02-07 08:46:50','2014-06-21 18:35:57'),(8,'repellendus','2012-12-03 12:36:03','2012-03-18 23:41:05');
/*!40000 ALTER TABLE `friendship_statuses` ENABLE KEYS */;
UNLOCK TABLES;

--
-- Table structure for table `media`
--

DROP TABLE IF EXISTS `media`;
/*!40101 SET @saved_cs_client     = @@character_set_client */;
/*!50503 SET character_set_client = utf8mb4 */;
CREATE TABLE `media` (
  `id` int unsigned NOT NULL AUTO_INCREMENT COMMENT '╨Ш╨┤╨╡╨╜╤В╨╕╤Д╨╕╨║╨░╤В╨╛╤А ╤Б╤В╤А╨╛╨║╨╕',
  `user_id` int unsigned NOT NULL COMMENT '╨б╤Б╤Л╨╗╨║╨░ ╨╜╨░ ╨┐╨╛╨╗╤М╨╖╨╛╨▓╨░╤В╨╡╨╗╤П, ╨║╨╛╤В╨╛╤А╤Л╨╣ ╨╖╨░╨│╤А╤Г╨╖╨╕╨╗ ╤Д╨░╨╣╨╗',
  `filename` varchar(255) CHARACTER SET utf8mb4 COLLATE utf8mb4_unicode_ci NOT NULL COMMENT '╨Я╤Г╤В╤М ╨║ ╤Д╨░╨╣╨╗╤Г',
  `size` int NOT NULL COMMENT '╨а╨░╨╖╨╝╨╡╤А ╤Д╨░╨╣╨╗╨░',
  `metadata` longtext CHARACTER SET utf8mb4 COLLATE utf8mb4_bin COMMENT '╨Ь╨╡╤В╨░╨┤╨░╨╜╨╜╤Л╨╡ ╤Д╨░╨╣╨╗╨░',
  `media_type_id` int unsigned NOT NULL COMMENT '╨б╤Б╤Л╨╗╨║╨░ ╨╜╨░ ╤В╨╕╨┐ ╨║╨╛╨╜╤В╨╡╨╜╤В╨░',
  `created_at` datetime DEFAULT CURRENT_TIMESTAMP COMMENT '╨Т╤А╨╡╨╝╤П ╤Б╨╛╨╖╨┤╨░╨╜╨╕╤П ╤Б╤В╤А╨╛╨║╨╕',
  `updated_at` datetime DEFAULT CURRENT_TIMESTAMP ON UPDATE CURRENT_TIMESTAMP COMMENT '╨Т╤А╨╡╨╝╤П ╨╛╨▒╨╜╨╛╨▓╨╗╨╡╨╜╨╕╤П ╤Б╤В╤А╨╛╨║╨╕',
  PRIMARY KEY (`id`),
  CONSTRAINT `media_chk_1` CHECK (json_valid(`metadata`))
) ENGINE=InnoDB AUTO_INCREMENT=101 DEFAULT CHARSET=utf8mb4 COLLATE=utf8mb4_unicode_ci COMMENT='╨Ь╨╡╨┤╨╕╨░╤Д╨░╨╣╨╗╤Л';
/*!40101 SET character_set_client = @saved_cs_client */;

--
-- Dumping data for table `media`
--

LOCK TABLES `media` WRITE;
/*!40000 ALTER TABLE `media` DISABLE KEYS */;
INSERT INTO `media` VALUES (1,1,'sed',25869252,NULL,1,'2011-10-30 11:56:14','2015-07-11 12:44:34'),(2,2,'est',5568,NULL,2,'2019-10-28 18:32:24','2020-08-14 22:12:54'),(3,3,'nisi',551995366,NULL,3,'2014-01-21 23:26:09','2019-08-12 14:28:45'),(4,4,'qui',5968,NULL,4,'2013-11-09 05:53:58','2020-08-16 20:31:05'),(5,5,'quia',20,NULL,5,'2013-09-04 22:50:21','2013-11-07 10:33:19'),(6,6,'natus',0,NULL,6,'2011-04-09 04:04:43','2016-05-07 09:23:47'),(7,7,'error',27,NULL,7,'2017-04-01 00:33:47','2020-10-14 04:17:51'),(8,8,'quidem',2247,NULL,8,'2012-11-26 22:59:27','2012-05-13 14:45:06'),(9,9,'repellendus',74128849,NULL,9,'2019-04-29 02:15:20','2018-04-28 03:08:06'),(10,10,'quae',69165,NULL,10,'2012-09-06 07:55:34','2016-10-05 16:07:05'),(11,11,'ut',87,NULL,11,'2017-07-24 20:04:57','2013-04-22 02:22:35'),(12,12,'eos',0,NULL,12,'2015-03-18 16:13:52','2012-06-14 21:43:19'),(13,13,'odit',0,NULL,13,'2015-09-28 01:15:06','2019-08-16 09:31:46'),(14,14,'sequi',810548,NULL,14,'2011-06-26 20:20:53','2019-02-16 17:32:07'),(15,15,'unde',2958,NULL,15,'2015-06-04 04:23:42','2018-09-27 15:19:16'),(16,16,'voluptatum',768301,NULL,1,'2016-12-09 17:24:21','2017-08-09 22:13:11'),(17,17,'repudiandae',749491946,NULL,2,'2014-01-27 19:09:10','2019-09-19 04:03:16'),(18,18,'adipisci',461025,NULL,3,'2017-03-15 21:30:46','2011-12-25 13:37:59'),(19,19,'est',88801474,NULL,4,'2012-04-10 01:09:27','2011-06-26 22:19:39'),(20,20,'enim',2625,NULL,5,'2017-01-11 00:37:26','2019-03-29 11:50:01'),(21,21,'corrupti',8,NULL,6,'2020-05-04 19:55:00','2017-09-30 07:57:44'),(22,22,'quisquam',938514301,NULL,7,'2017-01-03 05:11:53','2013-09-28 04:50:21'),(23,23,'quis',364724419,NULL,8,'2012-12-30 09:09:43','2013-11-11 09:54:44'),(24,24,'esse',66,NULL,9,'2017-12-21 21:28:09','2014-01-02 08:09:55'),(25,25,'ut',56897184,NULL,10,'2021-03-20 07:52:03','2011-12-02 22:32:57'),(26,26,'blanditiis',83194,NULL,11,'2016-08-11 12:02:54','2019-08-09 14:58:07'),(27,27,'qui',127245948,NULL,12,'2019-04-16 15:23:31','2019-11-10 09:01:35'),(28,28,'deserunt',94310,NULL,13,'2014-03-06 14:22:00','2018-06-21 11:12:00'),(29,29,'atque',444891,NULL,14,'2012-01-30 13:53:56','2014-07-11 19:30:02'),(30,30,'deserunt',69,NULL,15,'2012-01-26 21:00:01','2012-06-13 22:18:30'),(31,31,'et',670460763,NULL,1,'2019-08-20 08:42:07','2011-11-11 12:05:42'),(32,32,'molestiae',265208686,NULL,2,'2020-02-28 14:24:44','2014-04-03 06:09:53'),(33,33,'officia',448373859,NULL,3,'2013-05-28 10:35:00','2020-10-01 22:46:49'),(34,34,'optio',0,NULL,4,'2015-03-01 18:16:35','2011-11-27 19:00:20'),(35,35,'et',679522,NULL,5,'2017-08-07 12:54:41','2018-08-11 00:36:20'),(36,36,'saepe',8815715,NULL,6,'2020-06-26 15:07:17','2019-10-08 19:01:35'),(37,37,'harum',7783,NULL,7,'2014-12-09 14:02:47','2020-06-29 10:34:33'),(38,38,'consequatur',9086739,NULL,8,'2012-07-12 04:30:40','2020-05-06 16:16:28'),(39,39,'asperiores',8715479,NULL,9,'2012-12-27 15:57:07','2014-01-20 11:51:42'),(40,40,'labore',996602595,NULL,10,'2015-03-03 00:51:16','2012-03-25 03:55:20'),(41,41,'iste',0,NULL,11,'2019-09-30 11:08:44','2011-08-05 23:55:14'),(42,42,'exercitationem',58,NULL,12,'2019-01-06 20:43:20','2020-06-18 00:02:02'),(43,43,'quia',436,NULL,13,'2017-12-04 07:48:37','2012-07-24 00:28:59'),(44,44,'magnam',119305,NULL,14,'2015-08-29 09:55:31','2012-10-27 04:59:32'),(45,45,'totam',0,NULL,15,'2017-06-14 20:22:25','2014-01-28 14:44:17'),(46,46,'distinctio',574579090,NULL,1,'2017-07-28 05:10:52','2011-10-16 20:40:08'),(47,47,'itaque',18996568,NULL,2,'2016-09-29 23:26:13','2016-09-01 06:09:37'),(48,48,'aliquam',179775993,NULL,3,'2015-01-21 21:33:25','2019-08-11 01:01:48'),(49,49,'eaque',85168624,NULL,4,'2013-03-29 22:14:05','2012-06-28 13:08:22'),(50,50,'optio',79473,NULL,5,'2018-06-01 13:10:41','2013-05-03 17:19:05'),(51,51,'delectus',0,NULL,6,'2018-12-13 17:42:26','2011-08-28 08:44:10'),(52,52,'aut',519176,NULL,7,'2014-02-15 11:52:34','2013-05-17 04:46:04'),(53,53,'vel',26583,NULL,8,'2017-04-05 19:47:59','2015-05-07 07:44:49'),(54,54,'qui',54,NULL,9,'2020-10-13 17:53:51','2021-03-14 18:55:35'),(55,55,'non',26768,NULL,10,'2013-03-04 07:43:28','2016-12-11 11:33:36'),(56,56,'molestiae',4045,NULL,11,'2013-08-13 21:53:48','2016-11-15 11:58:00'),(57,57,'quis',351,NULL,12,'2018-07-20 16:49:38','2018-06-07 10:36:08'),(58,58,'minima',2735,NULL,13,'2016-05-11 20:49:30','2012-11-25 02:01:29'),(59,59,'delectus',8846,NULL,14,'2011-07-26 13:01:56','2014-11-05 14:10:47'),(60,60,'cumque',0,NULL,15,'2018-10-15 18:29:38','2019-06-15 18:46:03'),(61,61,'maxime',33198501,NULL,1,'2011-11-05 13:25:55','2015-01-14 20:07:04'),(62,62,'earum',751299696,NULL,2,'2016-05-01 18:28:31','2012-08-24 11:39:27'),(63,63,'cupiditate',8,NULL,3,'2019-12-14 02:24:02','2014-03-14 12:54:23'),(64,64,'quas',4953014,NULL,4,'2013-08-09 12:53:03','2020-12-30 09:23:46'),(65,65,'corporis',15500,NULL,5,'2012-05-23 04:24:50','2018-03-29 13:33:30'),(66,66,'beatae',1015,NULL,6,'2018-03-16 04:05:43','2016-02-20 08:00:49'),(67,67,'vel',9,NULL,7,'2018-08-06 17:39:32','2011-05-10 22:52:51'),(68,68,'nihil',361,NULL,8,'2016-12-07 21:51:52','2014-03-06 05:58:26'),(69,69,'et',5339,NULL,9,'2020-08-16 19:37:20','2012-11-28 00:30:23'),(70,70,'iusto',1583808,NULL,10,'2020-12-02 23:39:49','2018-01-22 06:43:39'),(71,71,'non',80790854,NULL,11,'2014-06-17 23:01:09','2020-08-05 04:40:07'),(72,72,'delectus',402,NULL,12,'2019-11-13 01:25:23','2012-06-23 05:44:47'),(73,73,'itaque',215657,NULL,13,'2020-06-25 15:44:49','2019-10-30 14:35:23'),(74,74,'aut',2,NULL,14,'2018-05-07 18:31:48','2011-04-06 06:35:09'),(75,75,'aut',774466815,NULL,15,'2019-05-11 20:35:46','2019-02-08 11:22:02'),(76,76,'aut',973,NULL,1,'2018-09-20 22:45:43','2014-02-11 14:22:08'),(77,77,'praesentium',4,NULL,2,'2015-03-29 12:45:01','2013-01-05 03:39:36'),(78,78,'voluptatibus',72743,NULL,3,'2012-03-14 21:23:32','2016-08-24 04:25:58'),(79,79,'provident',5759,NULL,4,'2014-07-09 00:58:58','2011-06-06 12:14:25'),(80,80,'deleniti',455887125,NULL,5,'2016-08-17 19:26:40','2019-01-14 10:17:12'),(81,81,'veniam',4833640,NULL,6,'2020-12-08 02:41:24','2017-02-04 18:45:54'),(82,82,'non',680226,NULL,7,'2015-05-15 21:36:29','2019-07-21 19:34:55'),(83,83,'et',0,NULL,8,'2014-09-26 11:26:01','2011-09-04 07:37:36'),(84,84,'ab',370350080,NULL,9,'2013-02-05 10:08:22','2018-09-14 11:24:42'),(85,85,'et',923,NULL,10,'2011-11-16 14:35:56','2017-04-24 19:47:08'),(86,86,'qui',977258,NULL,11,'2020-10-29 21:49:56','2018-07-01 16:37:10'),(87,87,'aspernatur',6228,NULL,12,'2015-03-11 06:25:30','2019-03-12 23:05:06'),(88,88,'et',11913,NULL,13,'2015-10-05 02:23:57','2012-02-01 02:34:08'),(89,89,'corrupti',1128160,NULL,14,'2018-11-02 15:06:28','2014-09-04 19:23:50'),(90,90,'sit',6804553,NULL,15,'2018-03-14 13:09:13','2019-07-28 18:56:35'),(91,91,'quod',84525898,NULL,1,'2013-09-18 12:58:19','2012-06-13 13:41:11'),(92,92,'quaerat',0,NULL,2,'2018-09-14 03:37:00','2019-11-15 06:02:37'),(93,93,'ab',3555,NULL,3,'2015-12-05 10:22:54','2015-11-10 01:26:28'),(94,94,'iusto',9,NULL,4,'2015-11-27 04:58:01','2018-04-02 00:13:15'),(95,95,'aut',2,NULL,5,'2020-05-16 09:50:27','2013-03-14 17:14:43'),(96,96,'nesciunt',0,NULL,6,'2018-10-22 09:50:40','2012-08-20 08:40:33'),(97,97,'et',40291997,NULL,7,'2011-05-23 12:32:20','2019-07-02 03:43:13'),(98,98,'repellendus',28555,NULL,8,'2014-12-05 15:54:57','2020-10-16 00:11:23'),(99,99,'porro',8178,NULL,9,'2013-03-31 03:07:47','2015-11-03 18:29:20'),(100,100,'quae',4969,NULL,10,'2016-08-12 16:00:06','2012-10-01 05:59:24');
/*!40000 ALTER TABLE `media` ENABLE KEYS */;
UNLOCK TABLES;

--
-- Table structure for table `media_types`
--

DROP TABLE IF EXISTS `media_types`;
/*!40101 SET @saved_cs_client     = @@character_set_client */;
/*!50503 SET character_set_client = utf8mb4 */;
CREATE TABLE `media_types` (
  `id` int unsigned NOT NULL AUTO_INCREMENT COMMENT '╨Ш╨┤╨╡╨╜╤В╨╕╤Д╨╕╨║╨░╤В╨╛╤А ╤Б╤В╤А╨╛╨║╨╕',
  `name` varchar(255) CHARACTER SET utf8mb4 COLLATE utf8mb4_unicode_ci NOT NULL COMMENT '╨Э╨░╨╖╨▓╨░╨╜╨╕╨╡ ╤В╨╕╨┐╨░',
  `created_at` datetime DEFAULT CURRENT_TIMESTAMP COMMENT '╨Т╤А╨╡╨╝╤П ╤Б╨╛╨╖╨┤╨░╨╜╨╕╤П ╤Б╤В╤А╨╛╨║╨╕',
  `updated_at` datetime DEFAULT CURRENT_TIMESTAMP ON UPDATE CURRENT_TIMESTAMP COMMENT '╨Т╤А╨╡╨╝╤П ╨╛╨▒╨╜╨╛╨▓╨╗╨╡╨╜╨╕╤П ╤Б╤В╤А╨╛╨║╨╕',
  PRIMARY KEY (`id`),
  UNIQUE KEY `name` (`name`)
) ENGINE=InnoDB AUTO_INCREMENT=16 DEFAULT CHARSET=utf8mb4 COLLATE=utf8mb4_unicode_ci COMMENT='╨в╨╕╨┐╤Л ╨╝╨╡╨┤╨╕╨░╤Д╨░╨╣╨╗╨╛╨▓';
/*!40101 SET character_set_client = @saved_cs_client */;

--
-- Dumping data for table `media_types`
--

LOCK TABLES `media_types` WRITE;
/*!40000 ALTER TABLE `media_types` DISABLE KEYS */;
INSERT INTO `media_types` VALUES (1,'architecto','1944-08-31 08:05:43','1964-10-23 06:53:01'),(2,'tenetur','2014-10-31 19:05:09','2012-12-19 07:14:01'),(3,'eum','1991-04-05 16:51:57','1995-10-08 06:23:44'),(4,'quam','1939-07-01 20:14:23','2013-01-07 18:08:09'),(5,'ratione','2017-11-16 18:21:57','1963-05-23 03:39:22'),(6,'ea','1931-05-16 18:45:45','1969-02-10 20:12:31'),(7,'quisquam','1948-01-27 01:32:44','2008-02-06 01:27:15'),(8,'officia','1991-10-02 00:38:25','1950-11-19 17:22:00'),(9,'voluptatum','1939-06-07 23:07:08','2003-10-26 23:58:06'),(10,'illo','2013-03-11 14:15:17','1943-08-12 05:33:16'),(11,'et','1980-08-23 09:23:44','1997-03-08 18:03:11'),(12,'enim','2003-05-15 20:17:00','1957-05-19 15:28:42'),(13,'repudiandae','2003-04-11 05:12:33','2012-07-05 01:07:38'),(14,'totam','1992-03-01 02:24:31','2018-09-21 23:56:16'),(15,'corrupti','2005-06-13 18:59:27','1967-01-02 03:17:19');
/*!40000 ALTER TABLE `media_types` ENABLE KEYS */;
UNLOCK TABLES;

--
-- Table structure for table `messages`
--

DROP TABLE IF EXISTS `messages`;
/*!40101 SET @saved_cs_client     = @@character_set_client */;
/*!50503 SET character_set_client = utf8mb4 */;
CREATE TABLE `messages` (
  `id` int unsigned NOT NULL AUTO_INCREMENT COMMENT '╨Ш╨┤╨╡╨╜╤В╨╕╤Д╨╕╨║╨░╤В╨╛╤А ╤Б╤В╤А╨╛╨║╨╕',
  `from_user_id` int unsigned NOT NULL COMMENT '╨б╤Б╤Л╨╗╨║╨░ ╨╜╨░ ╨╛╤В╨┐╤А╨░╨▓╨╕╤В╨╡╨╗╤П ╤Б╨╛╨╛╨▒╤Й╨╡╨╜╨╕╤П',
  `to_user_id` int unsigned NOT NULL COMMENT '╨б╤Б╤Л╨╗╨║╨░ ╨╜╨░ ╨┐╨╛╨╗╤Г╤З╨░╤В╨╡╨╗╤П ╤Б╨╛╨╛╨▒╤Й╨╡╨╜╨╕╤П',
  `body` text CHARACTER SET utf8mb4 COLLATE utf8mb4_unicode_ci NOT NULL COMMENT '╨в╨╡╨║╤Б╤В ╤Б╨╛╨╛╨▒╤Й╨╡╨╜╨╕╤П',
  `is_important` tinyint(1) DEFAULT NULL COMMENT '╨Я╤А╨╕╨╖╨╜╨░╨║ ╨▓╨░╨╢╨╜╨╛╤Б╤В╨╕',
  `is_delivered` tinyint(1) DEFAULT NULL COMMENT '╨Я╤А╨╕╨╖╨╜╨░╨║ ╨┤╨╛╤Б╤В╨░╨▓╨║╨╕',
  `created_at` datetime DEFAULT CURRENT_TIMESTAMP COMMENT '╨Т╤А╨╡╨╝╤П ╤Б╨╛╨╖╨┤╨░╨╜╨╕╤П ╤Б╤В╤А╨╛╨║╨╕',
  PRIMARY KEY (`id`)
) ENGINE=InnoDB AUTO_INCREMENT=101 DEFAULT CHARSET=utf8mb4 COLLATE=utf8mb4_unicode_ci COMMENT='╨б╨╛╨╛╨▒╤Й╨╡╨╜╨╕╤П';
/*!40101 SET character_set_client = @saved_cs_client */;

--
-- Dumping data for table `messages`
--

LOCK TABLES `messages` WRITE;
/*!40000 ALTER TABLE `messages` DISABLE KEYS */;
INSERT INTO `messages` VALUES (1,1,1,'Queen. \'Their heads are gone, if it had entirely disappeared; so the King said to Alice, that she began thinking over other children she knew that it was the BEST butter,\' the March Hare. The Hatter.',0,0,'2012-07-21 00:51:35'),(2,2,2,'Soo--oop! Soo--oop of the house!\' (Which was very glad to do this, so that her shoulders were nowhere to be almost out of the room. The cook threw a frying-pan after her as hard as he said in a.',1,1,'2016-02-25 05:21:49'),(3,3,3,'How neatly spread his claws, And welcome little fishes in With gently smiling jaws!\' \'I\'m sure I\'m not used to it in with the game,\' the Queen in a very hopeful tone though), \'I won\'t indeed!\' said.',0,1,'2017-09-19 06:16:52'),(4,4,4,'Alice, \'it would be four thousand miles down, I think--\' (for, you see, Miss, this here ought to be two people. \'But it\'s no use going back to the jury. They were just beginning to see what would.',1,1,'2015-05-25 09:52:17'),(5,5,5,'Five! Don\'t go splashing paint over me like that!\' But she did not wish to offend the Dormouse into the loveliest garden you ever eat a bat?\' when suddenly, thump! thump! down she came upon a little.',0,0,'2019-09-20 04:40:23'),(6,6,6,'March Hare. \'It was the BEST butter, you know.\' \'Not at all,\' said the Hatter, who turned pale and fidgeted. \'Give your evidence,\' the King and the words don\'t FIT you,\' said Alice, who was gently.',1,0,'2017-05-25 05:26:11'),(7,7,7,'I should understand that better,\' Alice said to herself, being rather proud of it: for she was considering in her life, and had been to her, \'if we had the best thing to get hold of this rope--Will.',0,1,'2012-10-09 22:15:32'),(8,8,8,'And the muscular strength, which it gave to my boy, I beat him when he finds out who was a large one, but the cook tulip-roots instead of the shelves as she could, for her to speak with. Alice.',0,1,'2013-04-04 13:16:25'),(9,9,9,'I wish you would seem to come yet, please your Majesty?\' he asked. \'Begin at the bottom of a water-well,\' said the March Hare. Alice sighed wearily. \'I think I can go back and see after some.',0,1,'2017-06-27 14:21:32'),(10,10,10,'March Hare. \'He denies it,\' said the Hatter. \'You MUST remember,\' remarked the King, and the executioner went off like an honest man.\' There was nothing else to do, so Alice ventured to remark..',1,1,'2012-12-02 04:54:24'),(11,11,11,'Mock Turtle. \'Certainly not!\' said Alice in a thick wood. \'The first thing she heard one of the trees upon her knee, and looking at them with the tarts, you know--\' \'But, it goes on \"THEY ALL.',1,1,'2011-11-20 17:35:08'),(12,12,12,'Hatter: \'let\'s all move one place on.\' He moved on as he spoke. \'A cat may look at all like the right size, that it signifies much,\' she said to herself; \'his eyes are so VERY remarkable in that;.',0,0,'2014-04-16 14:42:56'),(13,13,13,'Duchess: \'and the moral of THAT is--\"Take care of the hall; but, alas! either the locks were too large, or the key was too small, but at last turned sulky, and would only say, \'I am older than you,.',1,1,'2017-08-17 16:23:17'),(14,14,14,'After a time there were TWO little shrieks, and more puzzled, but she stopped hastily, for the baby, the shriek of the goldfish kept running in her life; it was an old woman--but then--always to.',1,1,'2016-03-02 18:49:17'),(15,15,15,'Alice like the largest telescope that ever was! Good-bye, feet!\' (for when she heard something splashing about in all directions, tumbling up against each other; however, they got their tails in.',0,1,'2014-04-15 23:51:32'),(16,16,16,'Who ever saw in another minute there was no time to hear it say, as it went, \'One side of the tale was something like it,\' said the Dormouse shook its head down, and nobody spoke for some minutes..',1,1,'2011-07-12 23:01:33'),(17,17,17,'Forty-two. ALL PERSONS MORE THAN A MILE HIGH TO LEAVE THE COURT.\' Everybody looked at each other for some way, and the other side of the bread-and-butter. Just at this corner--No, tie \'em together.',1,0,'2013-03-11 16:30:40'),(18,18,18,'Said the mouse to the other, saying, in a tone of great relief. \'Call the next thing is, to get hold of anything, but she felt that she did not like the right word) \'--but I shall have to whisper a.',0,0,'2020-01-09 14:49:39'),(19,19,19,'YOUR temper!\' \'Hold your tongue!\' added the Hatter, and here the Mock Turtle said with a table in the distance, sitting sad and lonely on a summer day: The Knave shook his grey locks, \'I kept all my.',0,1,'2014-01-04 07:26:44'),(20,20,20,'Dormouse denied nothing, being fast asleep. \'After that,\' continued the Gryphon. \'It all came different!\' Alice replied thoughtfully. \'They have their tails in their proper places--ALL,\' he repeated.',1,0,'2011-06-25 21:20:02'),(21,21,21,'This time there were no tears. \'If you\'re going to give the prizes?\' quite a large mustard-mine near here. And the muscular strength, which it gave to my right size: the next witness was the first.',0,0,'2014-11-06 13:24:17'),(22,22,22,'I\'m better now--but I\'m a hatter.\' Here the Queen said to herself; \'I should like to see that queer little toss of her sharp little chin into Alice\'s head. \'Is that the cause of this elegant.',1,0,'2020-09-24 14:38:30'),(23,23,23,'Dodo in an offended tone, \'was, that the Mouse had changed his mind, and was delighted to find her way into that beautiful garden--how IS that to be sure! However, everything is to-day! And.',0,0,'2016-01-26 19:14:06'),(24,24,24,'For some minutes the whole head appeared, and then treading on her face like the tone of great dismay, and began singing in its sleep \'Twinkle, twinkle, twinkle, twinkle--\' and went down on their.',1,0,'2017-08-29 16:21:34'),(25,25,25,'Dormouse say?\' one of these cakes,\' she thought, \'it\'s sure to happen,\' she said to herself; \'his eyes are so VERY tired of being all alone here!\' As she said this, she came upon a Gryphon, lying.',1,0,'2016-06-19 01:45:38'),(26,26,26,'An obstacle that came between Him, and ourselves, and it. Don\'t let him know she liked them best, For this must be a comfort, one way--never to be afraid of interrupting him,) \'I\'ll give him.',0,1,'2014-04-05 08:20:16'),(27,27,27,'White Rabbit blew three blasts on the second verse of the legs of the way--\' \'THAT generally takes some time,\' interrupted the Gryphon. \'It\'s all his fancy, that: he hasn\'t got no sorrow, you know..',0,0,'2012-12-23 04:42:10'),(28,28,28,'He looked at them with large round eyes, and feebly stretching out one paw, trying to fix on one, the cook till his eyes very wide on hearing this; but all he SAID was, \'Why is a raven like a tunnel.',0,0,'2020-06-03 08:31:37'),(29,29,29,'ME\' were beautifully marked in currants. \'Well, I\'ll eat it,\' said Alice in a very short time the Queen of Hearts were seated on their slates, and then treading on my tail. See how eagerly the.',1,0,'2018-01-23 13:37:32'),(30,30,30,'And beat him when he finds out who was passing at the beginning,\' the King said to a snail. \"There\'s a porpoise close behind us, and he\'s treading on her spectacles, and began whistling. \'Oh,.',0,0,'2012-09-23 02:00:33'),(31,31,31,'I\'ll get into the book her sister sat still just as the Dormouse denied nothing, being fast asleep. \'After that,\' continued the Gryphon. \'I mean, what makes them so often, you know.\' \'I don\'t know.',1,1,'2013-07-13 22:29:49'),(32,32,32,'Queen was silent. The King looked anxiously over his shoulder with some surprise that the Queen to play croquet.\' Then they both bowed low, and their slates and pencils had been jumping about like.',1,1,'2015-11-03 20:11:50'),(33,33,33,'I will tell you how the game was in livery: otherwise, judging by his garden.\"\' Alice did not dare to disobey, though she knew the name \'Alice!\' CHAPTER XII. Alice\'s Evidence \'Here!\' cried Alice,.',1,1,'2017-06-16 18:13:54'),(34,34,34,'Who ever saw in another moment that it would be offended again. \'Mine is a raven like a wild beast, screamed \'Off with her friend. When she got to the Mock Turtle. \'Seals, turtles, salmon, and so.',0,1,'2018-05-16 02:47:03'),(35,35,35,'King exclaimed, turning to the other: he came trotting along in a confused way, \'Prizes! Prizes!\' Alice had never before seen a rabbit with either a waistcoat-pocket, or a serpent?\' \'It matters a.',1,0,'2019-09-23 11:19:01'),(36,36,36,'First, she dreamed of little cartwheels, and the whole window!\' \'Sure, it does, yer honour: but it\'s an arm for all that.\' \'Well, it\'s got no sorrow, you know. Please, Ma\'am, is this New Zealand or.',1,0,'2012-09-05 13:11:10'),(37,37,37,'King said, with a large cat which was the first to speak. \'What size do you want to see some meaning in it, \'and what is the capital of Paris, and Paris is the capital of Rome, and Rome--no, THAT\'S.',0,1,'2015-10-30 03:08:34'),(38,38,38,'Queen said--\' \'Get to your little boy, And beat him when he pleases!\' CHORUS. \'Wow! wow! wow!\' \'Here! you may stand down,\' continued the King. \'When did you do lessons?\' said Alice, in a tone of.',1,1,'2012-02-25 04:52:20'),(39,39,39,'Heads below!\' (a loud crash)--\'Now, who did that?--It was Bill, the Lizard) could not even get her head made her feel very sleepy and stupid), whether the blows hurt it or not. \'Oh, PLEASE mind what.',0,0,'2011-04-08 04:12:47'),(40,40,40,'Alice thought she might find another key on it, (\'which certainly was not here before,\' said the Duck. \'Found IT,\' the Mouse only shook its head impatiently, and said, very gravely, \'I think, you.',1,0,'2011-10-10 21:40:37'),(41,41,41,'Five, \'and I\'ll tell him--it was for bringing the cook and the fan, and skurried away into the darkness as hard as he found it very nice, (it had, in fact, a sort of life! I do hope it\'ll make me.',0,0,'2020-08-30 04:17:39'),(42,42,42,'THEIR eyes bright and eager with many a strange tale, perhaps even with the time,\' she said, as politely as she could. \'The Dormouse is asleep again,\' said the Caterpillar. \'Not QUITE right, I\'m.',0,1,'2015-04-08 11:42:21'),(43,43,43,'At this moment Five, who had been jumping about like that!\' But she did it at all. However, \'jury-men\' would have this cat removed!\' The Queen had never left off when they saw Alice coming. \'There\'s.',1,1,'2020-03-21 10:39:51'),(44,44,44,'Dormouse. \'Fourteenth of March, I think I must have imitated somebody else\'s hand,\' said the King. The White Rabbit cried out, \'Silence in the common way. So she tucked it away under her arm, with.',1,0,'2011-05-18 12:59:48'),(45,45,45,'I should say \"With what porpoise?\"\' \'Don\'t you mean by that?\' said the Mock Turtle Soup is made from,\' said the Queen, who had meanwhile been examining the roses. \'Off with her head!\' the Queen in.',0,0,'2015-08-18 01:09:37'),(46,46,46,'Alice. \'I\'m glad they\'ve begun asking riddles.--I believe I can do without lobsters, you know. Please, Ma\'am, is this New Zealand or Australia?\' (and she tried to beat time when she was as long as I.',0,0,'2013-10-21 19:28:12'),(47,47,47,'I can do without lobsters, you know. But do cats eat bats?\' and sometimes, \'Do bats eat cats?\' for, you see, Alice had not a regular rule: you invented it just grazed his nose, and broke off a bit.',0,1,'2019-08-16 14:51:04'),(48,48,48,'The Queen turned crimson with fury, and, after waiting till she was beginning to get through the door, and tried to say \"HOW DOTH THE LITTLE BUSY BEE,\" but it had come to the Dormouse, and repeated.',1,1,'2013-04-07 18:33:52'),(49,49,49,'Queen in a piteous tone. And she tried to get out of sight: \'but it doesn\'t mind.\' The table was a large cauldron which seemed to be listening, so she waited. The Gryphon sat up and leave the court;.',0,1,'2016-05-07 04:39:39'),(50,50,50,'Please, Ma\'am, is this New Zealand or Australia?\' (and she tried the roots of trees, and I\'ve tried to beat them off, and she grew no larger: still it had gone. \'Well! I\'ve often seen them at.',0,0,'2015-02-11 21:50:25'),(51,51,51,'Alice. \'I\'m glad I\'ve seen that done,\' thought Alice. \'I\'m a--I\'m a--\' \'Well! WHAT are you?\' And then a voice sometimes choked with sobs, to sing you a present of everything I\'ve said as yet.\' \'A.',1,0,'2013-02-07 00:58:11'),(52,52,52,'Alice said; but was dreadfully puzzled by the hedge!\' then silence, and then Alice put down her anger as well as she leant against a buttercup to rest her chin in salt water. Her first idea was that.',0,0,'2014-12-30 22:00:53'),(53,53,53,'Queen said to herself \'That\'s quite enough--I hope I shan\'t grow any more--As it is, I suppose?\' said Alice. \'Anything you like,\' said the March Hare took the place of the ground, Alice soon came to.',1,0,'2018-05-11 11:17:23'),(54,54,54,'Just at this moment the King, \'that saves a world of trouble, you know, as we were. My notion was that she ought to be a LITTLE larger, sir, if you were INSIDE, you might like to try the effect: the.',1,0,'2017-07-27 23:59:23'),(55,55,55,'Duchess: \'flamingoes and mustard both bite. And the Gryphon only answered \'Come on!\' and ran till she got into it), and sometimes shorter, until she made it out to be rude, so she tried the roots of.',1,1,'2020-04-23 11:42:23'),(56,56,56,'YOUR table,\' said Alice; \'but a grin without a cat! It\'s the most important piece of rudeness was more than Alice could see this, as she could not join the dance. Would not, could not, would not,.',0,0,'2017-08-01 07:08:55'),(57,57,57,'After a time there were no arches left, and all dripping wet, cross, and uncomfortable. The moment Alice appeared, she was holding, and she soon found an opportunity of adding, \'You\'re looking for.',1,1,'2017-01-14 20:34:59'),(58,58,58,'I\'d only been the right way to change the subject of conversation. \'Are you--are you fond--of--of dogs?\' The Mouse only growled in reply. \'Idiot!\' said the Queen, \'and take this young lady to see.',0,0,'2018-04-27 01:12:53'),(59,59,59,'Alice, who always took a great hurry to change them--\' when she had made the whole pack of cards!\' At this the whole head appeared, and then she had not attended to this last remark that had made.',0,1,'2018-05-12 23:10:56'),(60,60,60,'Gryphon, lying fast asleep in the pool rippling to the other: he came trotting along in a twinkling! Half-past one, time for dinner!\' (\'I only wish they WOULD put their heads off?\' shouted the.',1,1,'2016-03-29 21:27:38'),(61,61,61,'Alice, that she wasn\'t a bit of the tea--\' \'The twinkling of the Shark, But, when the White Rabbit read out, at the place of the tea--\' \'The twinkling of the room again, no wonder she felt sure she.',1,1,'2011-11-03 07:53:42'),(62,62,62,'White Rabbit read out, at the door-- Pray, what is the same size for ten minutes together!\' \'Can\'t remember WHAT things?\' said the last few minutes, and began picking them up again as quickly as she.',1,0,'2020-05-27 11:55:30'),(63,63,63,'I do,\' said the Duchess. \'Everything\'s got a moral, if only you can find it.\' And she opened it, and then she had never forgotten that, if you please! \"William the Conqueror, whose cause was.',1,0,'2011-12-03 20:37:07'),(64,64,64,'His voice has a timid and tremulous sound.] \'That\'s different from what I could say if I like being that person, I\'ll come up: if not, I\'ll stay down here with me! There are no mice in the distance..',0,0,'2018-03-13 16:15:54'),(65,65,65,'Trims his belt and his buttons, and turns out his toes.\' [later editions continued as follows The Panther took pie-crust, and gravy, and meat, While the Duchess replied, in a large piece out of the.',0,1,'2016-06-10 01:07:38'),(66,66,66,'Be off, or I\'ll kick you down stairs!\' \'That is not said right,\' said the Duchess; \'and the moral of that is--\"Birds of a book,\' thought Alice to find that she was now about two feet high: even then.',1,0,'2020-02-23 09:40:44'),(67,67,67,'The three soldiers wandered about for some way, and then at the window, she suddenly spread out her hand, and made believe to worry it; then Alice, thinking it was an uncomfortably sharp chin..',1,0,'2014-12-03 04:40:38'),(68,68,68,'Alice, \'we learned French and music.\' \'And washing?\' said the Duchess, digging her sharp little chin into Alice\'s head. \'Is that the Queen had never done such a nice soft thing to eat the comfits:.',0,0,'2020-01-27 22:01:45'),(69,69,69,'D,\' she added in an agony of terror. \'Oh, there goes his PRECIOUS nose\'; as an explanation. \'Oh, you\'re sure to make the arches. The chief difficulty Alice found at first she thought it would,\' said.',1,1,'2013-05-17 03:23:48'),(70,70,70,'Never heard of one,\' said Alice. \'Why, there they are!\' said the Hatter. He had been running half an hour or so there were any tears. No, there were any tears. No, there were no arches left, and all.',0,1,'2020-01-12 20:32:26'),(71,71,71,'Duchess; \'and the moral of that dark hall, and close to her usual height. It was the BEST butter,\' the March Hare interrupted, yawning. \'I\'m getting tired of swimming about here, O Mouse!\' (Alice.',0,0,'2019-07-28 08:50:23'),(72,72,72,'The Duchess took no notice of her hedgehog. The hedgehog was engaged in a moment. \'Let\'s go on with the Duchess, the Duchess! Oh! won\'t she be savage if I\'ve kept her eyes filled with tears running.',0,1,'2016-08-20 18:09:55'),(73,73,73,'KNOW IT TO BE TRUE--\" that\'s the jury-box,\' thought Alice, and she jumped up in such long curly brown hair! And it\'ll fetch things when you have just been picked up.\' \'What\'s in it?\' said the Mock.',1,1,'2012-11-15 17:54:41'),(74,74,74,'Queen: so she helped herself to about two feet high, and she could remember about ravens and writing-desks, which wasn\'t much. The Hatter opened his eyes very wide on hearing this; but all he SAID.',1,0,'2017-12-20 02:17:21'),(75,75,75,'This speech caused a remarkable sensation among the trees as well say this), \'to go on with the Queen, who was beginning to write with one finger pressed upon its nose. The Dormouse again took a.',1,1,'2018-11-10 04:13:55'),(76,76,76,'Duck. \'Found IT,\' the Mouse only growled in reply. \'Idiot!\' said the Duchess, the Duchess! Oh! won\'t she be savage if I\'ve kept her waiting!\' Alice felt so desperate that she did not get hold of it;.',0,0,'2017-09-25 02:41:14'),(77,77,77,'I used to read fairy-tales, I fancied that kind of rule, \'and vinegar that makes you forget to talk. I can\'t take LESS,\' said the March Hare went on. \'We had the best thing to nurse--and she\'s such.',1,1,'2017-03-05 17:27:02'),(78,78,78,'Alice, \'how am I to do?\' said Alice. \'Then it doesn\'t understand English,\' thought Alice; \'I must be off, then!\' said the White Rabbit read out, at the end of every line: \'Speak roughly to your.',1,0,'2016-06-25 12:40:16'),(79,79,79,'Dormouse indignantly. However, he consented to go through next walking about at the window, and on it were white, but there were ten of them, and it\'ll sit up and leave the court; but on second.',1,0,'2014-11-29 12:28:37'),(80,80,80,'Alice. \'I don\'t know what to do, so Alice ventured to remark. \'Tut, tut, child!\' said the King, and the three gardeners who were all turning into little cakes as they would die. \'The trial cannot.',1,1,'2018-12-29 09:30:56'),(81,81,81,'Suddenly she came upon a low voice. \'Not at first, but, after watching it a violent blow underneath her chin: it had some kind of authority over Alice. \'Stand up and say \"How doth the little golden.',0,0,'2012-11-13 17:27:48'),(82,82,82,'Alice. \'Reeling and Writhing, of course, I meant,\' the King exclaimed, turning to Alice again. \'No, I give it up,\' Alice replied: \'what\'s the answer?\' \'I haven\'t opened it yet,\' said the Gryphon,.',1,0,'2013-07-22 18:15:14'),(83,83,83,'VI. Pig and Pepper For a minute or two sobs choked his voice. \'Same as if she did so, very carefully, remarking, \'I really must be off, and she told her sister, as well say,\' added the Gryphon,.',1,0,'2014-04-16 08:31:36'),(84,84,84,'MORE than nothing.\' \'Nobody asked YOUR opinion,\' said Alice. \'Nothing WHATEVER?\' persisted the King. \'Nearly two miles high,\' added the Dormouse. \'Don\'t talk nonsense,\' said Alice indignantly. \'Ah!.',0,0,'2018-04-15 00:05:59'),(85,85,85,'Bill! the master says you\'re to go with Edgar Atheling to meet William and offer him the crown. William\'s conduct at first she would get up and walking off to other parts of the court, she said to.',0,0,'2014-11-25 01:40:40'),(86,86,86,'How puzzling all these strange Adventures of hers that you have just been reading about; and when she heard was a little anxiously. \'Yes,\' said Alice, \'how am I then? Tell me that first, and then.',0,1,'2018-05-25 01:05:03'),(87,87,87,'MUST be more to come, so she went on saying to herself \'Suppose it should be like then?\' And she went to work very carefully, nibbling first at one corner of it: \'No room! No room!\' they cried out.',0,0,'2019-05-28 11:14:47'),(88,88,88,'YOU, and no more to be no chance of this, so she felt a violent blow underneath her chin: it had grown to her chin in salt water. Her first idea was that you never had fits, my dear, and that in.',0,1,'2013-11-22 14:45:44'),(89,89,89,'WOULD always get into the air. She did it at all. \'But perhaps it was over at last, they must be growing small again.\' She got up in her pocket) till she had found her head through the wood. \'It\'s.',1,1,'2018-05-11 16:14:27'),(90,90,90,'Shall I try the whole cause, and condemn you to get in?\' \'There might be some sense in your pocket?\' he went on, turning to Alice, very much of a well?\' \'Take some more tea,\' the March Hare: she.',0,1,'2017-06-17 15:23:04'),(91,91,91,'Alice, looking down with wonder at the corners: next the ten courtiers; these were ornamented all over with William the Conqueror.\' (For, with all her wonderful Adventures, till she got used to.',1,1,'2017-09-10 08:20:39'),(92,92,92,'Alice; but she did not like to try the thing Mock Turtle a little irritated at the Footman\'s head: it just missed her. Alice caught the baby was howling so much surprised, that for the hedgehogs;.',1,0,'2020-06-02 01:59:29'),(93,93,93,'Queen?\' said the Duchess, \'as pigs have to beat time when I sleep\" is the same thing, you know.\' It was, no doubt: only Alice did not like to be managed? I suppose it were nine o\'clock in the.',1,0,'2016-08-21 01:15:22'),(94,94,94,'Alice, in a thick wood. \'The first thing I\'ve got to see what was going on shrinking rapidly: she soon made out the verses to himself: \'\"WE KNOW IT TO BE TRUE--\" that\'s the jury-box,\' thought Alice,.',0,0,'2016-06-19 15:44:51'),(95,95,95,'Mystery,\' the Mock Turtle went on. \'I do,\' Alice hastily replied; \'only one doesn\'t like changing so often, of course had to stoop to save her neck from being run over; and the baby was howling so.',1,0,'2012-07-26 20:19:27'),(96,96,96,'Queen to-day?\' \'I should like to be seen: she found herself in a low voice, \'Your Majesty must cross-examine THIS witness.\' \'Well, if I might venture to go from here?\' \'That depends a good deal.',1,0,'2015-08-12 10:01:22'),(97,97,97,'There seemed to be managed? I suppose you\'ll be asleep again before it\'s done.\' \'Once upon a low voice. \'Not at first, perhaps,\' said the King. \'I can\'t go no lower,\' said the Queen, stamping on the.',0,1,'2014-01-29 23:38:04'),(98,98,98,'Lizard as she was losing her temper. \'Are you content now?\' said the Gryphon. \'How the creatures order one about, and called out to sea!\" But the insolence of his tail. \'As if it likes.\' \'I\'d rather.',0,0,'2015-05-16 05:24:29'),(99,99,99,'Alice. \'Did you speak?\' \'Not I!\' said the Duck: \'it\'s generally a ridge or furrow in the world am I? Ah, THAT\'S the great question certainly was, what? Alice looked up, and began an account of the.',0,1,'2017-10-05 13:34:43'),(100,100,100,'It quite makes my forehead ache!\' Alice watched the Queen had ordered. They very soon came upon a neat little house, on the trumpet, and then unrolled the parchment scroll, and read as follows:--.',0,1,'2019-10-22 15:17:48');
/*!40000 ALTER TABLE `messages` ENABLE KEYS */;
UNLOCK TABLES;

--
-- Table structure for table `profiles`
--

DROP TABLE IF EXISTS `profiles`;
/*!40101 SET @saved_cs_client     = @@character_set_client */;
/*!50503 SET character_set_client = utf8mb4 */;
CREATE TABLE `profiles` (
  `user_id` int unsigned NOT NULL COMMENT '╨б╤Б╤Л╨╗╨║╨░ ╨╜╨░ ╨┐╨╛╨╗╤М╨╖╨╛╨▓╨░╤В╨╡╨╗╤П',
  `gender` char(1) CHARACTER SET utf8mb4 COLLATE utf8mb4_unicode_ci NOT NULL COMMENT '╨Я╨╛╨╗',
  `birthday` date DEFAULT NULL COMMENT '╨Ф╨░╤В╨░ ╤А╨╛╨╢╨┤╨╡╨╜╨╕╤П',
  `city` varchar(130) CHARACTER SET utf8mb4 COLLATE utf8mb4_unicode_ci DEFAULT NULL COMMENT '╨У╨╛╤А╨╛╨┤ ╨┐╤А╨╛╨╢╨╕╨▓╨░╨╜╨╕╤П',
  `country` varchar(130) CHARACTER SET utf8mb4 COLLATE utf8mb4_unicode_ci DEFAULT NULL COMMENT '╨б╤В╤А╨░╨╜╨░ ╨┐╤А╨╛╨╢╨╕╨▓╨░╨╜╨╕╤П',
  `last_login` datetime DEFAULT NULL COMMENT '╨Я╨╛╤Б╨╗╨╡╨┤╨╜╨╕╨╣ ╨▓╤Е╨╛╨┤ ╨▓ ╤Б╨╕╤Б╤В╨╡╨╝╤Г',
  `created_at` datetime DEFAULT CURRENT_TIMESTAMP COMMENT '╨Т╤А╨╡╨╝╤П ╤Б╨╛╨╖╨┤╨░╨╜╨╕╤П ╤Б╤В╤А╨╛╨║╨╕',
  `updated_at` datetime DEFAULT CURRENT_TIMESTAMP ON UPDATE CURRENT_TIMESTAMP COMMENT '╨Т╤А╨╡╨╝╤П ╨╛╨▒╨╜╨╛╨▓╨╗╨╡╨╜╨╕╤П ╤Б╤В╤А╨╛╨║╨╕',
  PRIMARY KEY (`user_id`)
) ENGINE=InnoDB DEFAULT CHARSET=utf8mb4 COLLATE=utf8mb4_unicode_ci COMMENT='╨Я╤А╨╛╤Д╨╕╨╗╨╕';
/*!40101 SET character_set_client = @saved_cs_client */;

--
-- Dumping data for table `profiles`
--

LOCK TABLES `profiles` WRITE;
/*!40000 ALTER TABLE `profiles` DISABLE KEYS */;
INSERT INTO `profiles` VALUES (1,'m','2019-06-29','Alexanneberg','Cambodia','2015-11-20 13:04:50','2013-09-02 12:09:50','2012-07-08 00:43:11'),(2,'m','1971-12-23','Hahnland','Israel','2014-06-21 22:23:34','2017-03-19 17:49:50','2016-09-07 23:02:04'),(3,'f','1977-12-28','Chesterfurt','Guernsey','2016-09-27 17:12:40','2011-08-21 21:08:00','2016-09-17 20:16:51'),(4,'m','1981-01-14','Lake Francescoside','Malawi','2019-12-03 08:44:38','2012-09-20 19:58:03','2019-03-12 23:23:20'),(5,'m','1974-11-19','East Gageview','Kuwait','2019-05-27 23:46:30','2012-05-22 19:30:25','2014-01-14 12:38:58'),(6,'m','2005-04-29','South Ianshire','Grenada','2011-11-07 09:49:17','2015-06-28 12:13:50','2018-02-24 07:05:44'),(7,'f','2020-10-23','Schroederburgh','Tunisia','2011-10-07 00:40:46','2020-02-28 00:56:29','2017-03-17 13:58:58'),(8,'m','1989-02-17','East Zoeshire','Uzbekistan','2017-09-08 23:23:44','2013-01-02 07:11:26','2017-03-01 14:30:24'),(9,'m','1995-11-15','Betteview','Moldova','2020-09-28 22:41:43','2016-03-17 06:15:09','2019-12-16 07:55:52'),(10,'m','2016-11-02','Sammieport','Dominica','2012-08-02 06:03:03','2013-02-25 14:15:25','2017-08-11 14:17:40'),(11,'f','1972-11-24','Minaside','Andorra','2014-09-12 23:58:20','2015-09-28 16:55:43','2015-05-03 13:10:53'),(12,'m','1999-07-27','Francoberg','Slovenia','2012-05-09 02:58:07','2011-09-03 12:04:39','2020-11-08 06:11:28'),(13,'f','1978-03-18','Winstonside','El Salvador','2012-09-12 16:22:24','2018-06-10 13:02:57','2013-05-14 16:13:16'),(14,'f','1993-06-15','East Ashtyntown','Tunisia','2011-07-30 13:20:47','2016-07-23 02:34:53','2014-01-12 18:19:53'),(15,'f','2009-08-21','Jacehaven','Timor-Leste','2013-04-06 10:28:37','2019-05-04 02:52:34','2016-11-02 17:49:05'),(16,'f','1988-07-11','Gottliebton','Canada','2018-09-24 18:22:15','2019-10-24 18:29:59','2020-11-20 06:36:13'),(17,'m','1980-12-09','Lake Franciscaborough','Tunisia','2019-01-08 23:17:43','2016-12-03 00:45:40','2019-02-10 10:16:05'),(18,'f','2004-02-28','East Sibyl','Guernsey','2020-07-04 02:34:34','2011-09-02 06:01:25','2013-05-31 11:53:50'),(19,'m','2019-03-10','Lake Bethelfort','United States of America','2012-12-16 17:40:32','2021-02-25 18:56:01','2013-11-08 20:27:25'),(20,'f','1999-06-22','Port Columbus','South Africa','2013-07-07 09:14:16','2013-04-15 02:55:19','2013-08-16 11:41:52'),(21,'m','1999-06-08','East Akeem','Croatia','2021-01-25 16:59:57','2014-12-14 18:14:21','2011-03-28 19:08:00'),(22,'m','2020-02-26','Port Zelda','Madagascar','2018-10-08 19:13:27','2012-06-10 02:57:17','2016-09-01 07:01:23'),(23,'m','2008-06-08','Trycialand','Switzerland','2019-06-21 22:19:14','2013-01-20 14:50:07','2013-02-14 15:05:26'),(24,'f','2013-09-23','East Issacshire','Jordan','2021-03-25 04:10:24','2016-12-14 09:59:01','2016-07-13 07:27:50'),(25,'f','2003-02-01','Princessbury','Bouvet Island (Bouvetoya)','2016-10-16 19:20:19','2012-09-17 23:00:52','2016-05-03 13:51:26'),(26,'m','1989-02-28','Botsfordland','Heard Island and McDonald Islands','2012-08-10 16:59:00','2017-05-02 22:48:13','2014-09-23 04:38:39'),(27,'m','2000-07-22','North Preston','Holy See (Vatican City State)','2015-10-06 00:05:37','2018-04-17 05:39:31','2016-04-12 13:21:45'),(28,'m','1981-11-22','North Carolyn','Guadeloupe','2018-02-19 12:02:30','2013-08-26 09:44:10','2011-04-04 16:16:43'),(29,'m','1980-06-12','Murraychester','Mozambique','2013-11-12 22:50:39','2015-09-03 10:19:17','2014-09-14 08:14:29'),(30,'m','1995-04-01','New Brenda','Mauritania','2021-03-11 18:15:02','2013-07-05 16:58:11','2019-03-16 11:26:22'),(31,'f','2008-02-18','Smithfort','Luxembourg','2020-10-06 20:52:58','2015-05-21 20:55:23','2013-10-20 19:02:10'),(32,'f','2009-04-15','Wilberberg','Wallis and Futuna','2020-10-25 07:16:26','2016-12-29 05:57:19','2020-10-11 22:33:19'),(33,'f','1991-06-26','New Hoyt','Tokelau','2011-09-10 04:37:03','2018-09-14 05:30:21','2017-11-15 03:52:51'),(34,'f','1977-08-30','Rodolfoside','Cambodia','2021-02-21 14:58:35','2013-10-22 19:11:07','2018-09-27 22:15:01'),(35,'m','1991-11-15','South Kip','Philippines','2015-11-19 12:16:31','2020-10-18 01:45:05','2020-11-03 13:28:17'),(36,'m','2003-11-01','West Sammieport','Western Sahara','2018-05-14 01:22:53','2019-05-04 10:56:25','2011-05-03 12:29:57'),(37,'m','1980-09-23','Gileschester','Niger','2011-06-19 05:57:23','2017-12-22 09:07:51','2017-03-21 05:35:18'),(38,'f','1977-04-14','Port Lempishire','French Polynesia','2018-12-19 11:08:21','2012-03-01 01:26:09','2012-10-01 08:28:56'),(39,'f','1995-12-20','New Santafurt','Liberia','2019-01-18 16:27:34','2019-11-10 03:20:15','2019-07-19 14:17:46'),(40,'m','2003-04-04','Odaville','Falkland Islands (Malvinas)','2014-11-27 21:38:40','2017-02-21 10:21:29','2017-12-15 01:41:35'),(41,'m','1970-11-09','Hodkiewiczborough','Madagascar','2020-06-07 11:27:13','2017-03-20 01:56:07','2018-08-11 03:14:10'),(42,'m','1982-03-18','Lake Everett','Saint Barthelemy','2017-01-24 13:23:39','2015-10-14 07:25:55','2012-09-25 18:59:17'),(43,'f','1976-02-13','Taniaville','Palau','2012-09-23 06:05:01','2018-09-08 13:14:50','2014-08-27 04:44:46'),(44,'f','1988-01-11','Grahamborough','Saint Barthelemy','2020-11-30 04:48:21','2013-05-14 03:30:03','2016-08-03 18:14:42'),(45,'m','1976-08-29','Ziemetown','Papua New Guinea','2012-09-29 01:07:00','2014-08-05 06:31:27','2012-02-08 03:08:14'),(46,'f','1991-10-05','East Rosella','Jordan','2017-12-26 07:54:40','2016-06-05 10:57:10','2019-01-15 16:37:10'),(47,'m','2001-09-12','Port Brainbury','Norfolk Island','2016-12-03 05:47:54','2015-03-23 07:49:47','2018-04-04 06:06:53'),(48,'f','1993-07-11','Schoenborough','Brunei Darussalam','2020-06-07 18:56:08','2020-03-02 15:05:31','2013-12-05 04:21:19'),(49,'m','1975-02-16','Bernhardport','Guyana','2020-04-16 22:25:21','2015-09-01 12:27:18','2020-01-10 09:20:07'),(50,'f','2020-03-08','Stokesfort','Madagascar','2011-05-21 22:45:23','2019-10-27 02:24:16','2018-10-07 12:38:18'),(51,'m','2015-09-04','Kossburgh','Iceland','2012-06-10 06:28:58','2020-08-03 05:32:46','2021-03-23 21:00:14'),(52,'f','2006-08-21','Nealfurt','Antarctica (the territory South of 60 deg S)','2015-08-25 13:10:47','2016-11-22 02:36:09','2013-02-28 16:56:27'),(53,'f','2014-01-01','Shaneburgh','Cayman Islands','2019-06-08 17:53:28','2021-02-20 00:42:30','2019-02-28 19:44:02'),(54,'m','2018-07-05','Sheldonmouth','Northern Mariana Islands','2018-01-14 19:22:25','2012-01-31 02:18:18','2019-05-12 09:29:03'),(55,'f','2010-06-08','Kiehnmouth','United Kingdom','2017-12-19 23:38:40','2011-08-09 14:05:52','2011-09-13 19:11:33'),(56,'m','1998-06-07','Kunzefort','Saint Lucia','2016-01-16 04:25:12','2020-08-03 04:46:04','2020-02-24 07:02:57'),(57,'m','2007-01-06','West Hilario','Poland','2013-11-26 02:29:42','2013-12-04 13:53:03','2019-06-20 15:42:05'),(58,'m','1986-08-20','Garrisonmouth','Mongolia','2013-12-21 06:11:41','2017-08-31 12:14:37','2015-08-04 21:57:17'),(59,'f','1982-06-14','New Anyahaven','Nigeria','2018-11-16 01:11:16','2016-08-20 18:38:25','2018-03-07 09:36:10'),(60,'m','2017-08-09','Aufderhartown','Jordan','2013-04-19 00:18:47','2017-05-14 13:03:46','2017-01-06 04:42:58'),(61,'m','1998-10-20','East Enosstad','Cyprus','2019-02-23 20:11:58','2018-07-02 19:08:19','2017-08-23 09:03:59'),(62,'m','2002-01-17','North Alan','Ukraine','2019-02-03 11:28:00','2017-03-09 12:00:00','2020-04-25 16:13:05'),(63,'m','1976-11-08','New Meaghan','Bangladesh','2019-10-07 17:33:58','2019-01-16 21:24:48','2020-01-30 06:02:14'),(64,'f','2014-10-19','South Adamport','India','2019-06-24 01:39:40','2014-04-29 04:36:46','2012-04-01 15:05:05'),(65,'f','1996-09-05','Lindbury','Argentina','2013-12-20 17:17:29','2016-08-19 08:50:57','2014-03-05 03:46:11'),(66,'f','2009-12-23','Windlerview','Tajikistan','2019-07-01 02:49:15','2019-11-01 12:59:31','2020-03-23 13:37:52'),(67,'f','2000-10-27','North Michelhaven','American Samoa','2014-07-22 06:03:21','2013-11-09 13:56:28','2017-07-15 16:49:54'),(68,'m','1987-05-15','Port Alexie','Haiti','2011-10-14 06:21:21','2015-03-18 19:26:27','2019-09-24 02:53:15'),(69,'f','1996-03-09','Rennerborough','San Marino','2018-04-28 16:38:29','2018-05-12 15:54:49','2020-09-21 07:30:14'),(70,'m','1993-02-27','Fredside','Venezuela','2014-01-19 04:06:29','2013-11-20 20:12:41','2019-02-08 23:18:53'),(71,'f','2005-01-18','Brantchester','Guernsey','2014-12-03 02:55:52','2016-11-18 09:46:12','2013-11-12 20:16:13'),(72,'m','2021-02-15','Cormierfort','Czech Republic','2020-11-27 06:32:14','2020-02-24 00:56:27','2013-02-22 12:05:08'),(73,'m','1985-08-26','New Yolanda','Costa Rica','2020-04-16 01:01:06','2021-03-02 19:01:47','2019-02-11 07:22:36'),(74,'m','1991-07-24','Port Moisesfurt','Cyprus','2011-12-11 23:16:40','2017-03-26 22:24:09','2018-02-17 11:08:18'),(75,'f','2003-02-11','West Beverlystad','Malaysia','2017-05-28 19:23:50','2012-12-14 00:20:33','2014-09-27 16:19:27'),(76,'f','1988-08-24','Port Ines','Nicaragua','2012-11-29 14:07:35','2016-04-11 10:55:02','2013-01-26 13:04:40'),(77,'m','2017-05-21','North Parkerbury','Antarctica (the territory South of 60 deg S)','2016-06-27 02:27:55','2020-10-14 23:11:55','2017-05-09 08:22:38'),(78,'m','2013-02-05','Deonport','Micronesia','2019-01-24 00:49:43','2019-03-21 22:56:22','2014-04-23 17:19:48'),(79,'m','1983-10-11','Port Zacharyborough','Barbados','2013-06-05 19:42:40','2015-08-02 01:51:36','2017-10-06 03:48:57'),(80,'m','2013-05-11','Gusikowskiland','Bangladesh','2018-09-21 13:50:05','2016-03-14 04:23:53','2014-02-13 02:05:00'),(81,'f','1976-07-08','Colliershire','Marshall Islands','2019-01-25 15:35:25','2011-06-01 15:49:21','2011-06-23 00:00:03'),(82,'f','2016-04-10','Jalynport','Turkey','2011-04-30 10:16:53','2020-09-18 01:14:49','2011-12-02 17:39:27'),(83,'f','1998-09-19','Adamsland','American Samoa','2020-05-14 16:36:33','2012-04-06 17:01:10','2016-10-20 15:58:35'),(84,'f','1986-10-06','North Kielland','United States Virgin Islands','2019-07-01 00:24:40','2013-11-17 22:56:42','2014-10-03 22:18:56'),(85,'m','1975-02-19','Hermanborough','Nigeria','2020-08-01 06:37:40','2013-06-12 14:00:40','2019-11-19 07:01:36'),(86,'m','1989-07-24','Ullrichburgh','Kazakhstan','2016-12-21 00:38:18','2013-08-20 13:26:00','2018-01-19 20:41:14'),(87,'m','1977-04-20','Binsstad','Trinidad and Tobago','2014-11-19 00:38:50','2018-10-07 22:43:41','2019-04-30 02:56:21'),(88,'f','1975-10-15','Benmouth','Central African Republic','2021-03-08 15:16:53','2012-07-21 20:10:34','2012-04-16 17:11:17'),(89,'m','2015-12-27','Port Myrlville','Lebanon','2012-09-29 18:50:12','2017-05-09 02:58:45','2021-02-01 10:09:02'),(90,'m','2006-12-02','Caseyport','Italy','2018-03-03 23:38:35','2011-12-30 11:40:20','2012-04-03 14:18:11'),(91,'f','2009-05-21','Lake Dariomouth','Solomon Islands','2021-01-19 19:46:06','2016-02-11 00:21:29','2012-01-18 08:07:03'),(92,'f','2007-09-04','Daishaside','Martinique','2018-06-28 10:42:54','2013-11-20 02:59:04','2019-10-14 06:00:13'),(93,'f','2000-08-31','Eleonoreport','Saint Lucia','2016-04-26 00:09:03','2019-08-26 18:36:56','2017-09-25 10:51:41'),(94,'m','1987-12-19','Juanitahaven','Palau','2012-06-30 11:11:06','2019-03-23 16:17:46','2016-01-20 14:25:27'),(95,'f','1978-10-04','Dakotatown','Micronesia','2014-02-10 07:54:21','2013-03-06 08:47:49','2012-04-16 20:12:08'),(96,'m','1980-03-15','Doyleburgh','Saint Vincent and the Grenadines','2018-08-30 00:22:21','2013-04-15 08:01:46','2017-07-28 01:08:05'),(97,'f','2013-07-20','New Carolinamouth','Bangladesh','2016-07-22 08:39:42','2012-12-21 19:14:00','2016-01-31 19:05:55'),(98,'m','1978-08-14','Jenkinsmouth','Guyana','2017-04-20 21:39:36','2013-12-03 06:36:57','2015-11-24 15:13:44'),(99,'m','1981-05-06','Koelpinchester','Palau','2013-11-28 19:43:31','2014-08-05 13:30:58','2015-08-09 04:53:56'),(100,'m','2004-01-20','Kelsiechester','Austria','2020-06-20 19:03:23','2011-07-16 16:54:21','2011-07-20 22:08:13');
/*!40000 ALTER TABLE `profiles` ENABLE KEYS */;
UNLOCK TABLES;

--
-- Table structure for table `users`
--

DROP TABLE IF EXISTS `users`;
/*!40101 SET @saved_cs_client     = @@character_set_client */;
/*!50503 SET character_set_client = utf8mb4 */;
CREATE TABLE `users` (
  `id` int unsigned NOT NULL AUTO_INCREMENT COMMENT '╨Ш╨┤╨╡╨╜╤В╨╕╤Д╨╕╨║╨░╤В╨╛╤А ╤Б╤В╤А╨╛╨║╨╕',
  `first_name` varchar(100) CHARACTER SET utf8mb4 COLLATE utf8mb4_unicode_ci NOT NULL COMMENT '╨Ш╨╝╤П ╨┐╨╛╨╗╤М╨╖╨╛╨▓╨░╤В╨╡╨╗╤П',
  `last_name` varchar(100) CHARACTER SET utf8mb4 COLLATE utf8mb4_unicode_ci NOT NULL COMMENT '╨д╨░╨╝╨╕╨╗╨╕╤П ╨┐╨╛╨╗╤М╨╖╨╛╨▓╨░╤В╨╡╨╗╤П',
  `email` varchar(100) CHARACTER SET utf8mb4 COLLATE utf8mb4_unicode_ci NOT NULL COMMENT '╨Я╨╛╤З╤В╨░',
  `phone` varchar(100) CHARACTER SET utf8mb4 COLLATE utf8mb4_unicode_ci NOT NULL COMMENT '╨в╨╡╨╗╨╡╤Д╨╛╨╜',
  `created_at` datetime DEFAULT CURRENT_TIMESTAMP COMMENT '╨Т╤А╨╡╨╝╤П ╤Б╨╛╨╖╨┤╨░╨╜╨╕╤П ╤Б╤В╤А╨╛╨║╨╕',
  `updated_at` datetime DEFAULT CURRENT_TIMESTAMP ON UPDATE CURRENT_TIMESTAMP COMMENT '╨Т╤А╨╡╨╝╤П ╨╛╨▒╨╜╨╛╨▓╨╗╨╡╨╜╨╕╤П ╤Б╤В╤А╨╛╨║╨╕',
  PRIMARY KEY (`id`),
  UNIQUE KEY `email` (`email`),
  UNIQUE KEY `phone` (`phone`)
) ENGINE=InnoDB AUTO_INCREMENT=101 DEFAULT CHARSET=utf8mb4 COLLATE=utf8mb4_unicode_ci COMMENT='╨Я╨╛╨╗╤М╨╖╨╛╨▓╨░╤В╨╡╨╗╨╕';
/*!40101 SET character_set_client = @saved_cs_client */;

--
-- Dumping data for table `users`
--

LOCK TABLES `users` WRITE;
/*!40000 ALTER TABLE `users` DISABLE KEYS */;
INSERT INTO `users` VALUES (1,'Maximilian','Flatley','cody46@example.org','1-246-519-7648x77262','2012-10-09 12:46:47','2019-01-27 23:30:57'),(2,'Melba','Streich','pfeffer.fatima@example.com','+09(9)8221760047','2013-01-02 02:16:03','2019-10-08 13:05:57'),(3,'Efren','Ebert','ernser.granville@example.com','396.575.7572x30180','2012-12-23 10:51:54','2019-05-10 04:58:55'),(4,'Blanca','Considine','kenton41@example.net','(014)350-3498x006','2018-08-31 08:45:12','2014-12-24 21:08:25'),(5,'Savanna','Hirthe','gladys.keeling@example.org','686-928-2332','2014-10-30 01:35:01','2018-11-29 02:51:23'),(6,'Bessie','Schaefer','jennie.dare@example.org','(127)271-0377','2012-06-11 05:52:57','2020-01-02 20:09:02'),(7,'Giovani','Durgan','vernon.satterfield@example.com','01879294911','2019-12-03 02:00:13','2011-06-15 00:46:20'),(8,'Elias','Rolfson','ucrooks@example.com','393-083-9770x453','2019-06-24 21:43:11','2017-10-28 05:33:55'),(9,'Federico','Beier','antonia93@example.org','118.424.9811x9710','2020-06-11 09:06:02','2013-10-08 16:15:31'),(10,'Maryam','Skiles','lilyan.weber@example.com','984.425.7003x6425','2019-03-23 12:31:49','2016-03-29 12:16:58'),(11,'Danika','Fay','ygoodwin@example.net','(571)345-2246x48689','2017-02-20 21:44:12','2018-05-21 19:44:05'),(12,'Madisen','Anderson','moen.fermin@example.com','(349)279-4152x569','2015-07-25 05:03:16','2019-10-29 08:03:37'),(13,'Marilyne','Schultz','parker.monte@example.net','1-021-808-3025x1290','2019-02-26 19:46:53','2016-01-07 17:39:38'),(14,'Mariano','Goyette','ptowne@example.net','001.942.0475x533','2012-10-22 02:34:38','2017-08-01 21:28:48'),(15,'Augustine','Keebler','nova53@example.com','(031)508-7228','2015-03-24 01:43:14','2018-10-07 19:03:47'),(16,'Michale','Baumbach','ywintheiser@example.org','1-572-168-2953x9564','2014-08-12 13:53:01','2012-07-05 04:01:27'),(17,'Clemmie','Brekke','klein.frances@example.com','+66(3)9518141904','2021-01-15 07:28:51','2012-01-02 00:36:58'),(18,'Natalie','O\'Hara','bertram.hane@example.com','1-610-113-5442','2012-05-20 12:56:03','2013-05-10 23:31:39'),(19,'Aaliyah','Windler','efahey@example.com','1-042-478-1865x1571','2012-06-12 22:23:56','2021-03-26 01:03:15'),(20,'Emmalee','Orn','russel.alan@example.net','953-276-4148','2020-10-14 15:44:23','2013-08-18 23:41:07'),(21,'Pierce','Hintz','cummings.odie@example.org','00904410670','2015-11-26 20:24:59','2013-09-08 17:39:48'),(22,'Elmo','Wilkinson','dooley.nikko@example.org','(579)941-8876x62083','2015-07-14 08:43:58','2011-07-26 12:58:16'),(23,'Jerrell','Schultz','weissnat.rocio@example.org','562-581-9190','2013-04-08 22:07:05','2019-05-19 19:45:16'),(24,'Berta','Johns','aron.marquardt@example.net','09334104014','2015-05-19 02:41:59','2013-04-22 18:29:45'),(25,'Lulu','Huels','brandy.crooks@example.net','190.639.2122x0999','2011-10-14 05:44:48','2019-11-24 06:41:21'),(26,'Eloisa','Larson','gabriel.nienow@example.net','1-711-638-9159x55339','2018-10-21 07:35:25','2016-02-02 09:16:15'),(27,'Rosalind','Roob','bayer.brandi@example.com','526.113.7297x26242','2014-01-17 19:28:52','2011-04-17 15:12:47'),(28,'Christa','Weber','lauryn81@example.com','+41(1)9049908289','2021-03-21 05:32:58','2018-10-14 01:09:29'),(29,'Jana','Thiel','letitia.predovic@example.net','097.109.5724x93801','2011-05-29 12:28:35','2011-08-27 04:20:56'),(30,'Samara','Williamson','dameon.schimmel@example.net','1-172-505-6257x311','2017-12-08 21:31:46','2011-07-10 01:27:22'),(31,'Keegan','Pouros','raina.okuneva@example.org','(733)210-0483','2011-10-12 16:09:00','2013-02-21 09:14:31'),(32,'Josh','Grant','xlueilwitz@example.com','474-521-4485x828','2020-08-09 11:40:27','2013-03-12 03:09:39'),(33,'Britney','McClure','tzemlak@example.com','(836)757-5482x90897','2017-05-03 03:49:21','2012-04-20 12:46:03'),(34,'Afton','Hodkiewicz','osvaldo55@example.com','+50(8)7974993000','2016-03-07 08:56:23','2018-06-08 07:21:11'),(35,'Isabel','Trantow','braeden41@example.org','310.666.8512','2016-09-14 12:49:13','2020-10-31 11:28:17'),(36,'Reymundo','Welch','scarter@example.org','05248206947','2013-05-10 19:18:06','2018-02-01 12:34:18'),(37,'Minnie','Bruen','raphael.predovic@example.net','642-149-2558','2017-04-27 03:12:36','2016-02-10 20:34:05'),(38,'Brice','Denesik','lyla07@example.net','573-328-0389x9356','2020-05-29 14:21:06','2017-03-17 03:03:50'),(39,'Mellie','Swift','ratke.tianna@example.org','1-991-929-9588x56329','2016-06-06 06:21:01','2020-11-15 18:44:55'),(40,'Alexandrea','Denesik','balistreri.graciela@example.org','497-130-0030','2016-01-23 01:13:56','2012-02-21 20:46:50'),(41,'Morton','Stanton','adrienne.cormier@example.net','+62(3)5937717877','2019-09-13 07:00:17','2015-07-11 20:20:47'),(42,'Rudy','Block','anabel.walter@example.org','1-306-008-1643x51745','2012-05-01 19:54:18','2020-10-28 17:04:46'),(43,'Oswaldo','Gleason','nlebsack@example.com','1-383-820-7279','2013-03-06 13:29:14','2013-10-04 17:50:58'),(44,'Shanon','Okuneva','hudson.micaela@example.net','09863072488','2013-02-08 05:40:06','2012-03-18 04:57:11'),(45,'Julianne','Lubowitz','pboyle@example.org','1-581-858-4509','2019-06-06 20:04:23','2014-01-16 03:29:09'),(46,'Rogelio','Kovacek','dhuels@example.com','(646)533-3246','2011-08-18 10:07:27','2018-04-27 16:12:00'),(47,'Joshua','Wiegand','cassin.dudley@example.org','1-376-688-8017x36118','2011-05-03 22:04:19','2020-03-20 12:58:28'),(48,'Jacklyn','Koss','friesen.andres@example.com','(642)008-4308x5832','2019-10-27 01:23:58','2013-10-18 15:54:16'),(49,'Cyril','Reichert','yjerde@example.com','1-843-224-4486x47800','2015-04-18 11:09:01','2013-08-17 17:16:19'),(50,'Estella','Swaniawski','phoeger@example.com','938-621-6755','2015-07-30 12:46:56','2014-04-06 02:27:00'),(51,'Spencer','Osinski','vfisher@example.com','+21(3)8557972813','2015-12-19 06:52:54','2015-04-02 21:00:02'),(52,'Harley','Bogan','smclaughlin@example.com','+93(8)3416447266','2012-08-28 12:56:29','2019-10-19 17:55:36'),(53,'Marquise','Rath','asa.leuschke@example.com','1-680-543-1144x98682','2014-12-24 20:34:36','2012-02-03 04:46:12'),(54,'Kacie','Stanton','reta44@example.org','1-372-202-2381x401','2013-05-04 06:29:43','2018-11-08 14:03:11'),(55,'Lexi','Steuber','becker.rachelle@example.org','1-177-480-2919x8361','2016-11-05 16:07:32','2016-11-29 22:32:21'),(56,'Treva','Brown','emohr@example.com','+56(9)4397870556','2017-12-18 18:23:12','2015-03-27 05:59:39'),(57,'Valentin','Durgan','ivah02@example.net','02345937520','2012-05-27 05:42:55','2019-08-25 20:08:32'),(58,'Hailie','Mosciski','violette.stark@example.net','366.817.1118x34092','2018-12-16 11:17:54','2015-07-24 21:00:35'),(59,'Leonel','Waters','ofelia.abbott@example.com','425.007.4422x731','2016-06-11 15:36:59','2015-06-07 23:21:28'),(60,'Bud','Langworth','makayla.crona@example.org','00683534038','2018-06-27 12:32:36','2017-05-26 11:15:37'),(61,'Chandler','Kshlerin','eldon.moen@example.com','559-615-3773x4776','2014-07-19 22:10:10','2017-08-31 12:55:24'),(62,'Rico','Schuppe','alva.feeney@example.org','(366)315-7254x12695','2015-08-08 18:50:37','2012-08-18 16:03:56'),(63,'Norbert','Lubowitz','osbaldo.heathcote@example.org','557-299-8228x114','2015-09-02 22:13:57','2017-04-04 18:42:28'),(64,'Eusebio','Kerluke','daufderhar@example.com','1-977-965-4652','2017-02-17 17:02:04','2012-04-09 08:51:24'),(65,'Grayson','Roob','pstreich@example.com','116.281.2507','2014-05-03 21:16:52','2015-03-27 05:55:01'),(66,'Lucius','Pouros','heaney.gordon@example.com','936-380-0844','2020-11-04 01:23:05','2012-06-19 17:25:55'),(67,'Lillie','Zulauf','lorine.gleason@example.org','257.637.0319x084','2012-02-25 06:21:21','2015-10-24 03:15:57'),(68,'Darion','Balistreri','zrunte@example.com','135.272.0056x09645','2013-03-08 06:06:05','2014-06-02 18:09:34'),(69,'Marguerite','Jast','cheyanne.kuphal@example.net','+44(1)0084479705','2013-05-14 15:00:49','2013-08-16 19:59:51'),(70,'Christopher','Mraz','damaris.witting@example.net','01060953751','2017-02-09 09:58:52','2016-07-13 22:48:28'),(71,'Jazmin','Ferry','dubuque.savion@example.org','324-438-6318','2014-05-17 21:21:24','2011-09-15 19:06:02'),(72,'Nyah','Zieme','clotilde.durgan@example.org','830.949.0109x428','2014-04-14 00:17:21','2015-08-12 00:24:32'),(73,'Clotilde','Blick','misty.williamson@example.net','050-452-9483x67746','2012-10-06 02:01:27','2019-03-28 21:54:52'),(74,'Preston','Cruickshank','isabell.runolfsson@example.com','09806674297','2013-10-05 11:18:41','2018-03-30 02:27:14'),(75,'Tyson','Bergnaum','alexys.conroy@example.org','700.103.0109x4507','2014-10-07 19:58:50','2013-09-14 12:20:39'),(76,'Shannon','Blanda','umcclure@example.org','720-967-0276x8086','2014-04-05 00:50:01','2016-05-22 09:51:39'),(77,'Taylor','Graham','giovanna.pfeffer@example.com','(392)477-9444','2019-02-21 16:23:27','2015-12-20 19:47:01'),(78,'Dillan','Jakubowski','wtorp@example.net','817.891.4919x7785','2015-05-27 13:20:04','2015-04-03 18:00:56'),(79,'Elizabeth','Heaney','lilyan35@example.com','554-170-9254x999','2018-03-17 09:31:02','2012-01-12 12:41:31'),(80,'Anibal','Block','niko.kuphal@example.com','094-568-6565','2017-07-12 09:44:25','2021-03-20 16:58:55'),(81,'Priscilla','Dicki','lafayette.lueilwitz@example.com','175.001.0099x81608','2020-03-14 01:37:33','2021-03-07 19:13:15'),(82,'Kim','Hills','ana.stiedemann@example.net','524-189-9333x539','2016-03-28 04:21:09','2011-07-08 17:43:09'),(83,'Madisyn','Hane','berenice10@example.org','(198)225-0237x327','2011-07-14 23:35:48','2014-10-15 00:52:58'),(84,'Nettie','Farrell','amya68@example.org','+84(5)2688103717','2011-08-18 14:40:50','2015-12-23 08:44:30'),(85,'Mozell','Cummerata','edickinson@example.net','1-743-685-4370','2013-10-30 15:31:33','2013-06-22 00:42:31'),(86,'Bethel','Hammes','jany.gutmann@example.net','156-293-6399x414','2021-03-08 17:01:47','2020-08-25 16:39:47'),(87,'Jessica','Dickinson','sam.vandervort@example.net','216.932.4489x953','2013-11-14 09:32:13','2018-02-26 06:48:28'),(88,'Jordane','Schulist','wlarkin@example.com','1-882-614-9038','2020-04-24 11:34:31','2012-07-29 14:34:26'),(89,'Marisa','Nader','pcarroll@example.com','467.377.5402x4298','2012-03-18 11:36:34','2018-11-25 17:17:09'),(90,'Bailee','Kovacek','jameson76@example.org','1-480-244-7161x20882','2014-02-23 15:28:30','2018-06-29 04:32:34'),(91,'Vilma','Schmitt','rubie28@example.com','1-531-923-2591x10233','2017-05-08 08:24:29','2013-03-28 05:03:10'),(92,'Sheila','Gleason','gschumm@example.org','478-467-3048x98639','2018-12-12 09:41:06','2018-06-03 13:48:24'),(93,'Salvatore','Boyer','kbotsford@example.com','1-112-036-8872x74608','2014-12-04 02:44:25','2014-06-26 03:22:41'),(94,'Don','Bahringer','lo\'kon@example.net','1-256-017-1751x623','2016-05-31 12:49:49','2018-03-07 19:04:51'),(95,'Kennedy','Cole','stanley75@example.net','1-553-660-3274','2015-12-27 12:33:44','2016-11-25 18:20:52'),(96,'Akeem','Konopelski','carole.haag@example.com','(595)584-8167','2019-07-29 07:03:52','2020-01-12 05:26:22'),(97,'Sheldon','Stoltenberg','lenna57@example.com','121.622.2744x5749','2013-09-21 03:32:55','2020-08-07 08:11:56'),(98,'Omari','Weissnat','ronaldo.schmidt@example.org','(064)631-6362','2012-05-19 23:46:12','2013-08-01 04:04:03'),(99,'Nolan','Pacocha','ureilly@example.com','03710336608','2016-05-23 00:33:20','2012-08-28 22:34:20'),(100,'Imani','Osinski','emmerich.fredy@example.org','1-596-414-6808','2018-10-30 03:42:01','2019-05-01 18:23:16');
/*!40000 ALTER TABLE `users` ENABLE KEYS */;
UNLOCK TABLES;
/*!40103 SET TIME_ZONE=@OLD_TIME_ZONE */;

/*!40101 SET SQL_MODE=@OLD_SQL_MODE */;
/*!40014 SET FOREIGN_KEY_CHECKS=@OLD_FOREIGN_KEY_CHECKS */;
/*!40014 SET UNIQUE_CHECKS=@OLD_UNIQUE_CHECKS */;
/*!40101 SET CHARACTER_SET_CLIENT=@OLD_CHARACTER_SET_CLIENT */;
/*!40101 SET CHARACTER_SET_RESULTS=@OLD_CHARACTER_SET_RESULTS */;
/*!40101 SET COLLATION_CONNECTION=@OLD_COLLATION_CONNECTION */;
/*!40111 SET SQL_NOTES=@OLD_SQL_NOTES */;

-- Dump completed on 2021-03-28 12:46:37
