-- MySQL dump 10.13  Distrib 8.0.23, for Win64 (x86_64)
--
-- Host: localhost    Database: vk
-- ------------------------------------------------------
-- Server version	8.0.23

/*!40101 SET @OLD_CHARACTER_SET_CLIENT=@@CHARACTER_SET_CLIENT */;
/*!40101 SET @OLD_CHARACTER_SET_RESULTS=@@CHARACTER_SET_RESULTS */;
/*!40101 SET @OLD_COLLATION_CONNECTION=@@COLLATION_CONNECTION */;
/*!50503 SET NAMES utf8mb4 */;
/*!40103 SET @OLD_TIME_ZONE=@@TIME_ZONE */;
/*!40103 SET TIME_ZONE='+00:00' */;
/*!40014 SET @OLD_UNIQUE_CHECKS=@@UNIQUE_CHECKS, UNIQUE_CHECKS=0 */;
/*!40014 SET @OLD_FOREIGN_KEY_CHECKS=@@FOREIGN_KEY_CHECKS, FOREIGN_KEY_CHECKS=0 */;
/*!40101 SET @OLD_SQL_MODE=@@SQL_MODE, SQL_MODE='NO_AUTO_VALUE_ON_ZERO' */;
/*!40111 SET @OLD_SQL_NOTES=@@SQL_NOTES, SQL_NOTES=0 */;

--
-- Table structure for table `communities`
--

DROP TABLE IF EXISTS `communities`;
/*!40101 SET @saved_cs_client     = @@character_set_client */;
/*!50503 SET character_set_client = utf8mb4 */;
CREATE TABLE `communities` (
  `id` int unsigned NOT NULL AUTO_INCREMENT COMMENT '╨Ш╨┤╨╡╨╜╤В╨╕╤Д╨╕╨║╨░╤В╨╛╤А ╤Б╤А╨╛╨║╨╕',
  `name` varchar(150) CHARACTER SET utf8mb4 COLLATE utf8mb4_unicode_ci NOT NULL COMMENT '╨Э╨░╨╖╨▓╨░╨╜╨╕╨╡ ╨│╤А╤Г╨┐╨┐╤Л',
  `created_at` datetime DEFAULT CURRENT_TIMESTAMP COMMENT '╨Т╤А╨╡╨╝╤П ╤Б╨╛╨╖╨┤╨░╨╜╨╕╤П ╤Б╤В╤А╨╛╨║╨╕',
  `updated_at` datetime DEFAULT CURRENT_TIMESTAMP ON UPDATE CURRENT_TIMESTAMP COMMENT '╨Т╤А╨╡╨╝╤П ╨╛╨▒╨╜╨╛╨▓╨╗╨╡╨╜╨╕╤П ╤Б╤В╤А╨╛╨║╨╕',
  PRIMARY KEY (`id`),
  UNIQUE KEY `name` (`name`)
) ENGINE=InnoDB AUTO_INCREMENT=101 DEFAULT CHARSET=utf8mb4 COLLATE=utf8mb4_unicode_ci COMMENT='╨У╤А╤Г╨┐╨┐╤Л';
/*!40101 SET character_set_client = @saved_cs_client */;

--
-- Dumping data for table `communities`
--

LOCK TABLES `communities` WRITE;
/*!40000 ALTER TABLE `communities` DISABLE KEYS */;
INSERT INTO `communities` VALUES (1,'accusamus','1982-02-07 11:56:05','1990-04-21 17:29:53'),(2,'ut','1998-02-24 22:14:30','2007-10-10 06:24:26'),(3,'eum','1998-03-12 17:17:41','1972-12-22 20:12:44'),(4,'et','1988-11-12 04:35:49','2011-04-28 00:44:37'),(5,'facere','1979-05-09 02:07:00','1987-06-27 19:08:23'),(6,'sit','1996-04-11 04:13:20','1991-11-26 01:03:15'),(7,'deleniti','2012-01-14 00:21:27','1997-05-12 05:05:54'),(8,'aperiam','1990-04-12 22:15:24','1970-04-03 04:50:34'),(9,'a','1996-07-02 19:31:40','1972-05-26 14:46:18'),(10,'quae','1976-08-01 20:15:28','1995-09-05 03:54:44'),(11,'sed','2004-10-09 11:52:56','1994-05-12 11:51:27'),(12,'molestiae','2004-04-18 23:30:28','1995-10-14 00:53:04'),(13,'eos','1971-04-03 18:49:00','1997-09-12 22:56:00'),(14,'minus','1974-11-14 17:25:42','1996-10-05 00:26:05'),(15,'quod','2006-01-06 14:51:45','1987-03-23 00:53:00'),(16,'doloremque','1982-09-29 23:51:58','2004-11-15 18:00:35'),(17,'nihil','1980-02-27 00:24:30','2015-06-05 07:28:57'),(18,'eveniet','1994-04-27 10:37:37','2006-08-07 16:36:33'),(19,'voluptatem','2006-11-15 17:47:50','1982-10-24 15:44:38'),(20,'tenetur','1974-05-28 23:26:18','1982-07-22 12:26:51'),(21,'dolor','1981-10-12 13:46:36','2005-03-04 16:34:11'),(22,'molestias','1995-05-10 21:14:49','1991-05-22 20:54:13'),(23,'aut','1970-06-16 01:24:48','2018-12-08 16:31:07'),(24,'omnis','2015-11-23 14:35:46','2015-04-12 05:31:50'),(25,'nisi','1984-12-11 17:08:24','2002-01-16 04:05:51'),(26,'quisquam','2013-12-16 18:46:32','2010-10-18 17:49:03'),(27,'nesciunt','2001-08-24 09:17:42','2006-11-25 12:24:50'),(28,'debitis','1997-01-31 13:44:28','1986-02-12 02:40:22'),(29,'asperiores','1992-04-09 13:25:35','2004-08-11 08:21:01'),(30,'corrupti','2010-04-26 20:11:39','2018-03-13 15:13:54');
/*!40000 ALTER TABLE `communities` ENABLE KEYS */;
UNLOCK TABLES;

--
-- Table structure for table `communities_users`
--

DROP TABLE IF EXISTS `communities_users`;
/*!40101 SET @saved_cs_client     = @@character_set_client */;
/*!50503 SET character_set_client = utf8mb4 */;
CREATE TABLE `communities_users` (
  `community_id` int unsigned NOT NULL COMMENT '╨б╤Б╤Л╨╗╨║╨░ ╨╜╨░ ╨│╤А╤Г╨┐╨┐╤Г',
  `user_id` int unsigned NOT NULL COMMENT '╨б╤Б╤Л╨╗╨║╨░ ╨╜╨░ ╨┐╨╛╨╗╤М╨╖╨╛╨▓╨░╤В╨╡╨╗╤П',
  `created_at` datetime DEFAULT CURRENT_TIMESTAMP COMMENT '╨Т╤А╨╡╨╝╤П ╤Б╨╛╨╖╨┤╨░╨╜╨╕╤П ╤Б╤В╤А╨╛╨║╨╕',
  PRIMARY KEY (`community_id`,`user_id`) COMMENT '╨б╨╛╤Б╤В╨░╨▓╨╜╨╛╨╣ ╨┐╨╡╤А╨▓╨╕╤З╨╜╤Л╨╣ ╨║╨╗╤О╤З',
  KEY `communities_users_user_id_fk` (`user_id`),
  CONSTRAINT `communities_users_community_id_fk` FOREIGN KEY (`community_id`) REFERENCES `communities` (`id`) ON DELETE CASCADE,
  CONSTRAINT `communities_users_user_id_fk` FOREIGN KEY (`user_id`) REFERENCES `users` (`id`) ON DELETE CASCADE
) ENGINE=InnoDB DEFAULT CHARSET=utf8mb4 COLLATE=utf8mb4_unicode_ci COMMENT='╨г╤З╨░╤Б╤В╨╜╨╕╨║╨╕ ╨│╤А╤Г╨┐╨┐, ╤Б╨▓╤П╨╖╤М ╨╝╨╡╨╢╨┤╤Г ╨┐╨╛╨╗╤М╨╖╨╛╨▓╨░╤В╨╡╨╗╤П╨╝╨╕ ╨╕ ╨│╤А╤Г╨┐╨┐╨░╨╝╨╕';
/*!40101 SET character_set_client = @saved_cs_client */;

--
-- Dumping data for table `communities_users`
--

LOCK TABLES `communities_users` WRITE;
/*!40000 ALTER TABLE `communities_users` DISABLE KEYS */;
INSERT INTO `communities_users` VALUES (1,70,'2004-05-29 06:52:50'),(1,75,'1999-06-07 10:07:01'),(2,14,'2005-02-02 15:59:04'),(2,84,'1973-10-25 09:03:00'),(2,95,'2003-11-04 10:21:14'),(2,97,'1994-04-06 09:03:09'),(3,3,'1974-03-25 08:02:06'),(3,6,'2002-02-01 11:07:50'),(3,77,'1973-11-19 18:15:51'),(4,26,'2017-03-08 22:41:05'),(5,36,'2000-12-03 08:03:55'),(6,65,'2006-10-25 05:27:21'),(6,79,'1999-10-02 22:35:03'),(7,39,'1983-06-19 13:23:20'),(7,60,'1978-01-12 11:09:46'),(7,92,'2000-10-01 05:37:15'),(8,44,'2009-06-12 17:40:08'),(8,99,'1996-09-28 06:19:58'),(9,8,'1988-03-05 12:33:49'),(9,16,'2006-10-04 03:33:31'),(9,56,'2020-04-27 01:48:01'),(10,17,'2017-08-09 21:06:43'),(10,57,'1987-12-20 14:27:41'),(10,61,'1981-10-30 08:40:48'),(10,67,'1976-07-19 18:08:20'),(11,9,'1976-02-18 16:56:43'),(11,29,'2021-02-20 19:29:26'),(11,53,'1989-08-05 08:00:31'),(12,38,'2018-06-11 23:07:07'),(12,86,'1989-05-06 08:28:07'),(12,87,'2020-05-19 05:51:28'),(13,11,'1982-10-29 17:06:35'),(13,12,'1976-04-14 22:48:43'),(13,69,'1994-08-13 04:10:47'),(13,90,'2013-04-11 06:02:14'),(14,22,'2006-03-25 06:11:34'),(14,96,'1984-08-18 17:06:59'),(15,34,'2007-07-17 03:10:14'),(15,73,'1988-09-03 04:09:38'),(15,74,'1976-02-07 00:52:38'),(15,78,'1989-08-06 10:19:19'),(15,80,'1979-06-11 13:51:06'),(15,85,'1990-03-10 21:34:25'),(15,91,'1998-02-21 14:53:40'),(16,89,'2021-02-24 10:17:05'),(17,5,'2018-12-21 00:56:30'),(17,25,'2001-03-14 11:28:49'),(17,83,'2006-08-08 03:00:41'),(18,4,'1997-12-02 19:26:37'),(18,33,'2016-05-15 19:55:47'),(18,37,'2012-09-30 15:24:17'),(18,49,'2017-02-14 20:25:22'),(18,82,'1977-10-07 14:17:26'),(19,76,'1979-05-02 01:17:51'),(19,94,'1980-11-20 04:02:34'),(20,20,'1977-09-17 11:54:55'),(20,23,'2020-03-05 12:11:57'),(20,52,'2016-12-15 23:33:44'),(20,64,'1973-02-05 14:38:28'),(20,93,'1976-05-14 17:34:08'),(21,15,'1974-02-27 19:45:48'),(21,63,'2013-10-11 21:57:29'),(21,68,'1981-04-27 16:35:24'),(21,100,'1998-03-25 00:26:41'),(22,7,'1975-05-20 11:30:05'),(22,35,'2004-03-11 17:25:18'),(22,48,'1979-06-14 16:32:04'),(22,55,'2014-07-02 08:13:02'),(22,88,'1989-10-24 11:10:58'),(23,18,'1980-03-15 02:40:08'),(23,46,'1983-06-28 00:07:47'),(23,50,'1991-12-03 16:29:26'),(23,54,'1997-11-08 05:41:37'),(24,19,'1986-08-14 07:05:22'),(24,30,'1974-02-15 03:27:51'),(24,58,'2006-09-24 15:41:26'),(24,71,'2003-04-29 01:34:28'),(24,81,'1977-09-21 11:33:16'),(25,31,'2017-09-05 23:25:18'),(25,32,'2018-02-08 23:33:50'),(25,43,'2014-01-26 06:19:41'),(26,27,'1990-03-06 19:59:21'),(27,10,'1981-04-11 13:13:11'),(27,13,'2010-09-07 23:54:03'),(27,21,'2002-09-14 03:51:50'),(27,98,'2000-05-05 02:26:40'),(28,1,'2006-10-02 04:10:52'),(28,24,'1983-11-10 13:50:54'),(28,40,'2001-06-18 03:11:28'),(28,41,'1990-11-28 04:44:49'),(28,42,'1983-03-14 12:40:32'),(28,45,'2007-01-27 13:02:43'),(28,59,'1977-10-24 16:31:03'),(28,62,'1974-04-08 00:37:32'),(30,2,'2009-08-21 10:14:40'),(30,28,'1996-02-10 18:40:50'),(30,47,'2011-04-30 12:19:43'),(30,51,'2021-03-13 18:11:35'),(30,66,'1994-01-12 10:44:14'),(30,72,'1990-10-08 07:18:16');
/*!40000 ALTER TABLE `communities_users` ENABLE KEYS */;
UNLOCK TABLES;

--
-- Table structure for table `friendship`
--

DROP TABLE IF EXISTS `friendship`;
/*!40101 SET @saved_cs_client     = @@character_set_client */;
/*!50503 SET character_set_client = utf8mb4 */;
CREATE TABLE `friendship` (
  `user_id` int unsigned NOT NULL COMMENT '╨б╤Б╤Л╨╗╨║╨░ ╨╜╨░ ╨╕╨╜╨╕╤Ж╨╕╨░╤В╨╛╤А╨░ ╨┤╤А╤Г╨╢╨╡╤Б╨║╨╕╤Е ╨╛╤В╨╜╨╛╤И╨╡╨╜╨╕╨╣',
  `friend_id` int unsigned NOT NULL COMMENT '╨б╤Б╤Л╨╗╨║╨░ ╨╜╨░ ╨┐╨╛╨╗╤Г╤З╨░╤В╨╡╨╗╤П ╨┐╤А╨╕╨│╨╗╨░╤И╨╡╨╜╨╕╤П ╨┤╤А╤Г╨╢╨╕╤В╤М',
  `friendship_status_id` int unsigned NOT NULL COMMENT '╨б╤Б╤Л╨╗╨║╨░ ╨╜╨░ ╤Б╤В╨░╤В╤Г╤Б (╤В╨╡╨║╤Г╤Й╨╡╨╡ ╤Б╨╛╤Б╤В╨╛╤П╨╜╨╕╨╡) ╨╛╤В╨╜╨╛╤И╨╡╨╜╨╕╨╣',
  `requested_at` datetime DEFAULT CURRENT_TIMESTAMP COMMENT '╨Т╤А╨╡╨╝╤П ╨╛╤В╨┐╤А╨░╨▓╨╗╨╡╨╜╨╕╤П ╨┐╤А╨╕╨│╨╗╨░╤И╨╡╨╜╨╕╤П ╨┤╤А╤Г╨╢╨╕╤В╤М',
  `confirmed_at` datetime DEFAULT NULL COMMENT '╨Т╤А╨╡╨╝╤П ╨┐╨╛╨┤╤В╨▓╨╡╤А╨╢╨┤╨╡╨╜╨╕╤П ╨┐╤А╨╕╨│╨╗╨░╤И╨╡╨╜╨╕╤П',
  `created_at` datetime DEFAULT CURRENT_TIMESTAMP COMMENT '╨Т╤А╨╡╨╝╤П ╤Б╨╛╨╖╨┤╨░╨╜╨╕╤П ╤Б╤В╤А╨╛╨║╨╕',
  `updated_at` datetime DEFAULT CURRENT_TIMESTAMP ON UPDATE CURRENT_TIMESTAMP COMMENT '╨Т╤А╨╡╨╝╤П ╨╛╨▒╨╜╨╛╨▓╨╗╨╡╨╜╨╕╤П ╤Б╤В╤А╨╛╨║╨╕',
  PRIMARY KEY (`user_id`,`friend_id`) COMMENT '╨б╨╛╤Б╤В╨░╨▓╨╜╨╛╨╣ ╨┐╨╡╤А╨▓╨╕╤З╨╜╤Л╨╣ ╨║╨╗╤О╤З',
  KEY `friendship_friend_id_fk` (`friend_id`),
  KEY `friendship_friendship_status_id_fk` (`friendship_status_id`),
  CONSTRAINT `friendship_friend_id_fk` FOREIGN KEY (`friend_id`) REFERENCES `users` (`id`) ON DELETE CASCADE,
  CONSTRAINT `friendship_friendship_status_id_fk` FOREIGN KEY (`friendship_status_id`) REFERENCES `friendship_statuses` (`id`) ON DELETE CASCADE,
  CONSTRAINT `friendship_user_id_fk` FOREIGN KEY (`user_id`) REFERENCES `users` (`id`) ON DELETE CASCADE
) ENGINE=InnoDB DEFAULT CHARSET=utf8mb4 COLLATE=utf8mb4_unicode_ci COMMENT='╨в╨░╨▒╨╗╨╕╤Ж╨░ ╨┤╤А╤Г╨╢╨▒╤Л';
/*!40101 SET character_set_client = @saved_cs_client */;

--
-- Dumping data for table `friendship`
--

LOCK TABLES `friendship` WRITE;
/*!40000 ALTER TABLE `friendship` DISABLE KEYS */;
INSERT INTO `friendship` VALUES (2,22,1,'2017-06-13 15:33:11','2021-04-15 09:59:19','1972-11-17 10:28:12','2021-04-15 09:59:19'),(3,27,2,'1977-03-20 12:42:51','1997-02-14 06:00:28','1975-01-01 05:26:16','2021-04-15 09:59:18'),(4,48,2,'1977-08-04 10:36:18','2017-09-09 07:38:23','1979-05-10 10:42:59','2021-04-15 09:59:18'),(5,15,2,'1981-12-13 19:55:41','2015-10-10 08:08:52','1975-06-29 17:52:05','2021-04-15 09:59:18'),(5,33,2,'2012-12-27 07:53:59','2021-04-15 09:59:19','2001-04-10 10:34:04','2021-04-15 09:59:19'),(6,17,3,'1991-01-28 09:36:49','2004-08-21 02:33:43','1985-04-18 18:11:11','2021-04-15 09:59:18'),(6,35,3,'2010-09-13 15:27:33','2014-04-16 11:19:25','1971-04-23 09:41:00','2021-04-15 09:59:18'),(9,2,3,'1992-01-05 22:54:38','2021-04-15 09:59:19','2010-01-21 17:40:49','2021-04-15 09:59:19'),(9,51,2,'1977-12-16 19:47:20','2010-10-22 03:40:35','1980-08-13 01:21:18','2021-04-15 09:59:18'),(10,52,3,'1985-05-24 06:20:36','2010-09-06 10:02:42','2012-08-23 16:37:34','2021-04-15 09:59:18'),(13,32,1,'1999-04-29 03:45:26','2008-03-26 10:46:13','1978-12-04 08:17:31','2021-04-15 09:59:18'),(13,92,2,'1987-02-19 15:48:24','2007-06-20 07:16:56','2016-07-01 01:22:49','2021-04-15 09:59:16'),(15,46,1,'1988-09-10 17:58:48','2021-04-15 09:59:19','2014-02-12 09:22:53','2021-04-15 09:59:19'),(15,80,3,'1996-04-01 19:20:45','2021-04-15 09:59:19','2004-12-10 06:36:05','2021-04-15 09:59:19'),(15,85,3,'1973-12-14 00:50:31','2017-03-09 15:53:58','2014-05-29 01:44:23','2021-04-15 09:59:18'),(17,89,3,'2009-04-02 11:15:36','2021-04-15 09:59:19','2002-01-07 17:17:14','2021-04-15 09:59:19'),(17,90,2,'1976-06-19 20:21:01','2016-12-25 11:11:22','2012-09-06 23:57:55','2021-04-15 09:59:18'),(18,70,3,'1995-09-06 12:28:12','2007-12-24 00:17:50','2000-07-29 16:54:12','2021-04-15 09:59:18'),(20,44,3,'2017-03-20 22:53:24','2021-04-15 09:59:19','1994-04-06 03:47:44','2021-04-15 09:59:19'),(20,59,2,'1983-07-18 05:00:56','2021-04-15 09:59:19','2007-10-09 15:18:45','2021-04-15 09:59:19'),(21,24,1,'2008-03-02 02:04:06','2021-04-15 09:59:19','2019-06-21 03:51:52','2021-04-15 09:59:19'),(22,60,3,'2000-04-06 10:38:06','2021-04-15 09:59:19','1971-02-18 09:13:50','2021-04-15 09:59:19'),(22,88,2,'2002-03-21 23:29:21','2017-06-18 13:47:29','2004-06-21 01:12:47','2021-04-15 09:59:18'),(23,73,1,'1970-03-16 00:33:47','2004-11-29 18:45:23','2020-04-18 15:08:01','2021-04-15 09:59:18'),(24,53,1,'2001-01-06 22:23:04','2021-04-15 09:59:19','2017-02-03 09:09:43','2021-04-15 09:59:19'),(24,57,2,'1989-10-17 15:43:26','2021-04-15 09:59:19','2005-06-09 03:26:40','2021-04-15 09:59:19'),(25,39,1,'2009-07-14 00:00:35','2021-04-15 09:59:19','1984-04-15 10:53:26','2021-04-15 09:59:19'),(26,23,3,'2000-03-07 10:57:12','2021-04-15 09:59:19','1988-04-21 10:12:42','2021-04-15 09:59:19'),(27,71,1,'2004-01-31 03:04:43','2015-02-18 12:22:36','2004-06-23 18:48:54','2021-04-15 09:59:16'),(28,25,1,'1997-10-13 11:55:36','1999-04-03 17:30:34','2020-02-26 07:10:20','2021-04-15 09:59:18'),(28,42,2,'2000-12-26 05:57:10','2007-06-05 17:44:19','2014-12-03 17:49:51','2021-04-15 09:59:16'),(28,78,1,'1996-10-21 00:50:17','1998-08-26 04:16:30','2004-02-27 05:22:48','2021-04-15 09:59:18'),(29,21,1,'2016-07-06 09:56:15','2021-04-15 09:59:19','1971-11-21 06:30:12','2021-04-15 09:59:19'),(32,7,2,'1975-11-18 20:51:08','1994-09-23 16:36:22','1989-08-28 12:56:01','2021-04-15 09:59:18'),(32,82,3,'2009-06-29 23:59:47','2021-04-15 09:59:19','2002-09-22 11:45:30','2021-04-15 09:59:19'),(32,83,3,'1991-04-22 05:03:16','2021-04-15 09:59:19','2009-11-17 20:37:55','2021-04-15 09:59:19'),(33,91,1,'2002-04-27 12:36:31','2016-10-19 19:02:29','1976-01-19 07:31:17','2021-04-15 09:59:16'),(35,18,2,'1979-09-05 10:18:35','2011-09-12 04:58:28','2007-04-06 23:44:19','2021-04-15 09:59:18'),(36,67,1,'2009-04-13 11:47:06','2017-08-23 23:05:15','2011-02-25 01:21:13','2021-04-15 09:59:18'),(39,10,2,'2007-08-15 23:25:11','2021-04-15 09:59:19','1993-02-03 06:40:18','2021-04-15 09:59:19'),(39,68,2,'2006-06-29 22:59:14','2021-04-15 09:59:19','1994-03-30 14:03:02','2021-04-15 09:59:19'),(41,43,3,'2005-03-29 00:27:13','2021-04-15 09:59:19','2012-11-14 20:14:00','2021-04-15 09:59:19'),(43,13,3,'1972-12-31 10:10:44','1992-09-01 04:53:49','2004-02-29 09:07:06','2021-04-15 09:59:16'),(45,50,1,'1998-11-10 07:04:24','2021-04-15 09:59:19','1970-06-15 06:53:51','2021-04-15 09:59:19'),(47,66,3,'2009-12-24 22:31:31','2021-04-15 09:59:19','2005-02-08 14:39:09','2021-04-15 09:59:19'),(47,77,2,'2015-03-27 23:41:37','2021-04-15 09:59:19','2020-09-19 16:34:24','2021-04-15 09:59:19'),(49,64,2,'2015-10-12 16:17:52','2021-04-15 09:59:19','2012-02-02 14:24:08','2021-04-15 09:59:19'),(50,30,1,'2015-01-10 18:08:55','2015-12-08 04:10:19','2017-01-22 22:16:11','2021-04-15 09:59:18'),(50,47,3,'2005-12-13 15:26:42','2021-04-15 09:59:19','1973-11-13 05:20:00','2021-04-15 09:59:19'),(51,61,2,'1990-09-17 19:53:41','2021-04-15 09:59:19','2015-05-13 08:53:10','2021-04-15 09:59:19'),(51,99,2,'2015-08-22 10:03:29','2021-04-15 09:59:19','1991-05-16 02:55:29','2021-04-15 09:59:19'),(52,38,1,'2014-03-31 16:56:56','2021-04-15 09:59:19','1975-07-04 01:30:53','2021-04-15 09:59:19'),(53,31,1,'1972-08-13 06:23:41','1987-01-06 05:44:58','1970-06-13 08:39:17','2021-04-15 09:59:16'),(55,1,3,'2018-07-23 19:29:45','2021-04-15 09:59:19','1981-09-01 12:15:37','2021-04-15 09:59:19'),(55,98,3,'1979-10-20 12:42:50','1991-09-01 03:47:11','1990-05-27 14:28:01','2021-04-15 09:59:18'),(57,19,2,'2006-08-12 09:45:55','2021-04-15 09:59:19','2010-08-14 07:53:35','2021-04-15 09:59:19'),(59,58,1,'2004-04-08 10:44:10','2021-04-15 09:59:19','2020-07-21 17:50:42','2021-04-15 09:59:19'),(61,6,3,'1993-09-06 12:19:15','1994-03-26 03:30:37','1983-01-22 15:44:29','2021-04-15 09:59:18'),(62,84,2,'1992-06-14 16:54:11','2021-04-15 09:59:19','1980-02-28 16:53:45','2021-04-15 09:59:19'),(64,16,3,'1989-03-13 20:50:54','2017-08-07 18:47:11','2006-09-12 08:06:20','2021-04-15 09:59:18'),(65,4,3,'2007-09-06 03:12:54','2021-04-15 09:59:19','2018-11-04 09:25:04','2021-04-15 09:59:19'),(67,41,3,'1994-12-02 18:15:30','2020-08-31 23:21:56','1979-01-22 18:37:31','2021-04-15 09:59:18'),(68,76,2,'2004-02-24 09:00:04','2018-09-30 10:41:44','1975-06-11 03:39:37','2021-04-15 09:59:18'),(68,93,1,'2009-05-11 08:57:01','2021-04-15 09:59:19','1977-09-20 15:28:25','2021-04-15 09:59:19'),(69,40,1,'1981-01-23 01:46:53','1994-08-03 18:30:51','2017-01-18 21:15:17','2021-04-15 09:59:18'),(71,55,1,'1984-04-21 09:51:28','1995-12-01 17:46:06','2018-11-21 02:25:13','2021-04-15 09:59:18'),(71,96,2,'2008-07-27 18:23:33','2021-04-15 09:59:19','2019-07-15 14:50:31','2021-04-15 09:59:19'),(72,9,3,'2019-04-18 23:31:21','2021-04-15 09:59:19','1972-11-15 12:46:01','2021-04-15 09:59:19'),(72,49,3,'1972-01-31 08:28:24','1982-06-12 06:43:34','2014-08-06 13:24:10','2021-04-15 09:59:18'),(73,8,1,'1999-06-08 20:53:39','2019-12-06 03:22:41','1984-06-17 03:35:38','2021-04-15 09:59:18'),(74,74,3,'1999-11-25 06:53:49','2021-04-15 09:59:19','2008-05-19 10:20:38','2021-04-15 09:59:19'),(74,97,2,'2004-01-14 09:57:10','2021-04-15 09:59:19','2001-09-15 05:42:15','2021-04-15 09:59:19'),(75,45,1,'1989-03-08 20:52:12','2021-04-15 09:59:19','1992-09-19 03:55:20','2021-04-15 09:59:19'),(76,12,3,'1989-07-05 04:23:03','2021-04-15 09:59:19','1986-09-16 01:42:49','2021-04-15 09:59:19'),(76,81,2,'2021-04-04 14:56:09','2021-04-15 09:59:19','2007-01-20 18:47:02','2021-04-15 09:59:19'),(78,3,3,'1993-03-06 10:47:04','2007-07-18 00:48:36','2009-02-05 18:15:51','2021-04-15 09:59:16'),(78,26,2,'1988-09-29 21:20:06','2017-04-29 09:45:40','2014-01-04 19:11:25','2021-04-15 09:59:18'),(78,37,2,'2011-07-11 21:49:08','2021-04-15 09:59:19','1976-05-14 08:29:53','2021-04-15 09:59:19'),(79,11,2,'1981-03-03 21:17:10','1982-04-23 03:11:08','1990-09-21 07:35:01','2021-04-15 09:59:18'),(80,20,2,'2016-07-17 23:34:15','2021-04-15 09:59:19','2005-03-30 06:02:29','2021-04-15 09:59:19'),(80,36,1,'1994-06-17 07:09:10','2011-12-01 22:30:10','1971-12-26 11:24:48','2021-04-15 09:59:18'),(81,72,1,'2012-10-11 17:54:14','2021-04-15 09:59:19','2018-02-20 13:25:24','2021-04-15 09:59:19'),(82,28,2,'1976-03-22 22:49:00','1977-03-18 23:49:23','2002-05-21 04:00:48','2021-04-15 09:59:18'),(82,63,2,'2008-07-31 07:18:09','2021-04-15 09:59:19','2016-11-27 11:06:24','2021-04-15 09:59:19'),(84,34,3,'2017-01-26 04:42:43','2021-04-15 09:59:19','2000-02-28 23:33:34','2021-04-15 09:59:19'),(87,14,2,'2005-11-26 03:06:16','2020-12-13 12:37:18','1992-09-04 23:26:05','2021-04-15 09:59:18'),(87,56,1,'2001-04-19 22:49:04','2021-02-13 13:04:30','1990-06-09 15:15:19','2021-04-15 09:59:18'),(87,62,1,'1980-09-10 11:37:04','1997-07-05 04:41:22','2000-10-16 12:04:07','2021-04-15 09:59:18'),(87,69,3,'2013-12-16 01:42:54','2021-04-15 09:59:19','2018-03-15 12:31:23','2021-04-15 09:59:19'),(89,54,3,'1988-07-24 01:54:03','2011-02-17 21:07:46','2010-09-01 13:59:44','2021-04-15 09:59:18'),(89,86,3,'2020-10-18 03:20:40','2021-04-15 09:59:19','2005-01-03 19:45:31','2021-04-15 09:59:19'),(91,100,2,'2005-10-02 04:18:33','2019-07-31 01:31:46','2017-09-06 07:15:32','2021-04-15 09:59:18'),(92,5,1,'2016-05-30 08:21:14','2021-04-15 09:59:19','2000-08-09 20:50:13','2021-04-15 09:59:19'),(94,95,1,'1981-03-14 22:14:37','2015-10-02 21:31:37','2014-02-16 10:48:00','2021-04-15 09:59:18'),(98,75,3,'2011-10-01 00:47:27','2012-01-25 17:42:31','1988-10-18 19:00:57','2021-04-15 09:59:18'),(98,87,3,'2000-10-05 08:42:41','2001-10-25 20:34:10','1970-03-24 23:12:57','2021-04-15 09:59:18'),(99,29,3,'2003-01-20 23:02:31','2021-04-15 09:59:19','1982-09-12 07:55:29','2021-04-15 09:59:19'),(99,65,2,'2000-03-14 10:43:45','2018-04-25 19:46:53','1975-08-08 03:03:12','2021-04-15 09:59:18'),(100,79,2,'2002-11-23 19:26:56','2021-04-15 09:59:19','1988-05-03 11:39:56','2021-04-15 09:59:19'),(100,94,2,'1974-03-13 10:20:59','2021-04-15 09:59:19','1995-06-01 23:00:41','2021-04-15 09:59:19');
/*!40000 ALTER TABLE `friendship` ENABLE KEYS */;
UNLOCK TABLES;

--
-- Table structure for table `friendship_statuses`
--

DROP TABLE IF EXISTS `friendship_statuses`;
/*!40101 SET @saved_cs_client     = @@character_set_client */;
/*!50503 SET character_set_client = utf8mb4 */;
CREATE TABLE `friendship_statuses` (
  `id` int unsigned NOT NULL AUTO_INCREMENT COMMENT '╨Ш╨┤╨╡╨╜╤В╨╕╤Д╨╕╨║╨░╤В╨╛╤А ╤Б╤В╤А╨╛╨║╨╕',
  `name` varchar(150) CHARACTER SET utf8mb4 COLLATE utf8mb4_unicode_ci NOT NULL COMMENT '╨Э╨░╨╖╨▓╨░╨╜╨╕╨╡ ╤Б╤В╨░╤В╤Г╤Б╨░',
  `created_at` datetime DEFAULT CURRENT_TIMESTAMP COMMENT '╨Т╤А╨╡╨╝╤П ╤Б╨╛╨╖╨┤╨░╨╜╨╕╤П ╤Б╤В╤А╨╛╨║╨╕',
  `updated_at` datetime DEFAULT CURRENT_TIMESTAMP ON UPDATE CURRENT_TIMESTAMP COMMENT '╨Т╤А╨╡╨╝╤П ╨╛╨▒╨╜╨╛╨▓╨╗╨╡╨╜╨╕╤П ╤Б╤В╤А╨╛╨║╨╕',
  PRIMARY KEY (`id`),
  UNIQUE KEY `name` (`name`)
) ENGINE=InnoDB AUTO_INCREMENT=4 DEFAULT CHARSET=utf8mb4 COLLATE=utf8mb4_unicode_ci COMMENT='╨б╤В╨░╤В╤Г╤Б╤Л ╨┤╤А╤Г╨╢╨▒╤Л';
/*!40101 SET character_set_client = @saved_cs_client */;

--
-- Dumping data for table `friendship_statuses`
--

LOCK TABLES `friendship_statuses` WRITE;
/*!40000 ALTER TABLE `friendship_statuses` DISABLE KEYS */;
INSERT INTO `friendship_statuses` VALUES (1,'Requested','2021-04-15 09:59:23','2021-04-15 09:59:23'),(2,'Confirmed','2021-04-15 09:59:23','2021-04-15 09:59:23'),(3,'Rejected','2021-04-15 09:59:23','2021-04-15 09:59:23');
/*!40000 ALTER TABLE `friendship_statuses` ENABLE KEYS */;
UNLOCK TABLES;

--
-- Table structure for table `likes`
--

DROP TABLE IF EXISTS `likes`;
/*!40101 SET @saved_cs_client     = @@character_set_client */;
/*!50503 SET character_set_client = utf8mb4 */;
CREATE TABLE `likes` (
  `id` int unsigned NOT NULL AUTO_INCREMENT,
  `user_id` int unsigned NOT NULL,
  `target_id` int unsigned NOT NULL,
  `target_type_id` int unsigned NOT NULL,
  `created_at` datetime DEFAULT CURRENT_TIMESTAMP,
  PRIMARY KEY (`id`),
  KEY `likes_user_id_fk` (`user_id`),
  KEY `likes_target_type_id_fk` (`target_type_id`),
  CONSTRAINT `likes_target_type_id_fk` FOREIGN KEY (`target_type_id`) REFERENCES `target_types` (`id`) ON DELETE CASCADE,
  CONSTRAINT `likes_user_id_fk` FOREIGN KEY (`user_id`) REFERENCES `users` (`id`) ON DELETE CASCADE
) ENGINE=InnoDB AUTO_INCREMENT=101 DEFAULT CHARSET=utf8mb4 COLLATE=utf8mb4_0900_ai_ci;
/*!40101 SET character_set_client = @saved_cs_client */;

--
-- Dumping data for table `likes`
--

LOCK TABLES `likes` WRITE;
/*!40000 ALTER TABLE `likes` DISABLE KEYS */;
INSERT INTO `likes` VALUES (1,65,18,4,'2021-04-15 10:00:49'),(2,17,2,3,'2021-04-15 10:00:49'),(3,87,59,2,'2021-04-15 10:00:49'),(4,94,64,2,'2021-04-15 10:00:49'),(5,99,79,4,'2021-04-15 10:00:49'),(6,58,93,4,'2021-04-15 10:00:49'),(7,78,13,2,'2021-04-15 10:00:49'),(8,10,61,4,'2021-04-15 10:00:49'),(9,93,39,1,'2021-04-15 10:00:49'),(10,63,66,2,'2021-04-15 10:00:49'),(11,98,73,3,'2021-04-15 10:00:49'),(12,36,65,1,'2021-04-15 10:00:49'),(13,94,17,1,'2021-04-15 10:00:49'),(14,54,67,3,'2021-04-15 10:00:49'),(15,54,58,2,'2021-04-15 10:00:49'),(16,67,48,2,'2021-04-15 10:00:49'),(17,42,98,3,'2021-04-15 10:00:49'),(18,18,4,3,'2021-04-15 10:00:49'),(19,11,62,4,'2021-04-15 10:00:49'),(20,95,43,2,'2021-04-15 10:00:49'),(21,28,45,2,'2021-04-15 10:00:49'),(22,60,84,2,'2021-04-15 10:00:49'),(23,39,78,3,'2021-04-15 10:00:49'),(24,29,26,2,'2021-04-15 10:00:49'),(25,42,75,2,'2021-04-15 10:00:49'),(26,24,70,4,'2021-04-15 10:00:49'),(27,84,84,3,'2021-04-15 10:00:49'),(28,78,93,2,'2021-04-15 10:00:49'),(29,61,20,1,'2021-04-15 10:00:49'),(30,31,99,4,'2021-04-15 10:00:49'),(31,4,20,4,'2021-04-15 10:00:49'),(32,80,37,2,'2021-04-15 10:00:49'),(33,97,62,1,'2021-04-15 10:00:49'),(34,94,22,2,'2021-04-15 10:00:49'),(35,71,73,3,'2021-04-15 10:00:49'),(36,39,41,4,'2021-04-15 10:00:49'),(37,5,68,1,'2021-04-15 10:00:49'),(38,18,14,1,'2021-04-15 10:00:49'),(39,45,71,1,'2021-04-15 10:00:49'),(40,94,4,2,'2021-04-15 10:00:49'),(41,77,72,2,'2021-04-15 10:00:49'),(42,14,94,2,'2021-04-15 10:00:49'),(43,49,65,4,'2021-04-15 10:00:49'),(44,87,6,3,'2021-04-15 10:00:49'),(45,20,98,2,'2021-04-15 10:00:49'),(46,45,42,3,'2021-04-15 10:00:49'),(47,48,13,1,'2021-04-15 10:00:49'),(48,64,56,4,'2021-04-15 10:00:49'),(49,79,25,4,'2021-04-15 10:00:49'),(50,61,42,2,'2021-04-15 10:00:49'),(51,6,49,2,'2021-04-15 10:00:49'),(52,97,95,4,'2021-04-15 10:00:49'),(53,43,57,3,'2021-04-15 10:00:49'),(54,6,62,4,'2021-04-15 10:00:49'),(55,76,4,4,'2021-04-15 10:00:49'),(56,29,79,1,'2021-04-15 10:00:49'),(57,99,73,3,'2021-04-15 10:00:49'),(58,13,65,4,'2021-04-15 10:00:49'),(59,25,73,4,'2021-04-15 10:00:49'),(60,33,91,3,'2021-04-15 10:00:49'),(61,4,52,2,'2021-04-15 10:00:49'),(62,89,96,1,'2021-04-15 10:00:49'),(63,72,22,4,'2021-04-15 10:00:49'),(64,8,53,2,'2021-04-15 10:00:49'),(65,55,46,3,'2021-04-15 10:00:49'),(66,75,86,1,'2021-04-15 10:00:49'),(67,76,57,3,'2021-04-15 10:00:49'),(68,10,81,4,'2021-04-15 10:00:49'),(69,36,53,3,'2021-04-15 10:00:49'),(70,18,24,3,'2021-04-15 10:00:49'),(71,50,56,2,'2021-04-15 10:00:49'),(72,73,80,4,'2021-04-15 10:00:49'),(73,69,98,4,'2021-04-15 10:00:49'),(74,17,40,2,'2021-04-15 10:00:49'),(75,11,18,3,'2021-04-15 10:00:49'),(76,15,15,2,'2021-04-15 10:00:49'),(77,1,16,3,'2021-04-15 10:00:49'),(78,28,16,4,'2021-04-15 10:00:49'),(79,18,8,4,'2021-04-15 10:00:49'),(80,10,89,1,'2021-04-15 10:00:49'),(81,3,73,3,'2021-04-15 10:00:49'),(82,60,33,4,'2021-04-15 10:00:49'),(83,16,28,4,'2021-04-15 10:00:49'),(84,88,53,1,'2021-04-15 10:00:49'),(85,57,72,4,'2021-04-15 10:00:49'),(86,39,19,4,'2021-04-15 10:00:49'),(87,36,42,1,'2021-04-15 10:00:49'),(88,93,52,4,'2021-04-15 10:00:49'),(89,40,63,4,'2021-04-15 10:00:49'),(90,74,92,2,'2021-04-15 10:00:49'),(91,8,30,1,'2021-04-15 10:00:49'),(92,32,84,2,'2021-04-15 10:00:49'),(93,76,3,4,'2021-04-15 10:00:49'),(94,12,7,1,'2021-04-15 10:00:49'),(95,81,2,3,'2021-04-15 10:00:49'),(96,25,27,3,'2021-04-15 10:00:49'),(97,13,87,4,'2021-04-15 10:00:49'),(98,22,20,2,'2021-04-15 10:00:49'),(99,97,89,3,'2021-04-15 10:00:49'),(100,3,54,3,'2021-04-15 10:00:49');
/*!40000 ALTER TABLE `likes` ENABLE KEYS */;
UNLOCK TABLES;

--
-- Table structure for table `media`
--

DROP TABLE IF EXISTS `media`;
/*!40101 SET @saved_cs_client     = @@character_set_client */;
/*!50503 SET character_set_client = utf8mb4 */;
CREATE TABLE `media` (
  `id` int unsigned NOT NULL AUTO_INCREMENT COMMENT '╨Ш╨┤╨╡╨╜╤В╨╕╤Д╨╕╨║╨░╤В╨╛╤А ╤Б╤В╤А╨╛╨║╨╕',
  `user_id` int unsigned DEFAULT NULL,
  `filename` varchar(255) CHARACTER SET utf8mb4 COLLATE utf8mb4_unicode_ci NOT NULL COMMENT '╨Я╤Г╤В╤М ╨║ ╤Д╨░╨╣╨╗╤Г',
  `size` int NOT NULL COMMENT '╨а╨░╨╖╨╝╨╡╤А ╤Д╨░╨╣╨╗╨░',
  `metadata` longtext CHARACTER SET utf8mb4 COLLATE utf8mb4_bin COMMENT '╨Ь╨╡╤В╨░╨┤╨░╨╜╨╜╤Л╨╡ ╤Д╨░╨╣╨╗╨░',
  `media_type_id` int unsigned NOT NULL COMMENT '╨б╤Б╤Л╨╗╨║╨░ ╨╜╨░ ╤В╨╕╨┐ ╨║╨╛╨╜╤В╨╡╨╜╤В╨░',
  `created_at` datetime DEFAULT CURRENT_TIMESTAMP COMMENT '╨Т╤А╨╡╨╝╤П ╤Б╨╛╨╖╨┤╨░╨╜╨╕╤П ╤Б╤В╤А╨╛╨║╨╕',
  `updated_at` datetime DEFAULT CURRENT_TIMESTAMP ON UPDATE CURRENT_TIMESTAMP COMMENT '╨Т╤А╨╡╨╝╤П ╨╛╨▒╨╜╨╛╨▓╨╗╨╡╨╜╨╕╤П ╤Б╤В╤А╨╛╨║╨╕',
  PRIMARY KEY (`id`),
  KEY `media_user_id_fk` (`user_id`),
  KEY `media_media_type_id_fk` (`media_type_id`),
  CONSTRAINT `media_media_type_id_fk` FOREIGN KEY (`media_type_id`) REFERENCES `media_types` (`id`) ON DELETE CASCADE,
  CONSTRAINT `media_user_id_fk` FOREIGN KEY (`user_id`) REFERENCES `users` (`id`) ON DELETE SET NULL,
  CONSTRAINT `media_chk_1` CHECK (json_valid(`metadata`))
) ENGINE=InnoDB AUTO_INCREMENT=101 DEFAULT CHARSET=utf8mb4 COLLATE=utf8mb4_unicode_ci COMMENT='╨Ь╨╡╨┤╨╕╨░╤Д╨░╨╣╨╗╤Л';
/*!40101 SET character_set_client = @saved_cs_client */;

--
-- Dumping data for table `media`
--

LOCK TABLES `media` WRITE;
/*!40000 ALTER TABLE `media` DISABLE KEYS */;
INSERT INTO `media` VALUES (1,40,'https://onedrive.live.com/vk/beatae.jpeg',237245765,'{\"owner\":\"Hope Emard\"}',3,'1978-03-07 01:36:12','2021-04-15 09:59:07'),(2,29,'https://onedrive.live.com/vk/asperiores.mp4',73481314,'{\"owner\":\"Cristina Nader\"}',1,'1982-06-09 01:39:42','2021-04-15 09:59:07'),(3,22,'https://onedrive.live.com/vk/aspernatur.mp3',87157584,'{\"owner\":\"Garret Abernathy\"}',1,'2006-09-11 14:34:07','2021-04-15 09:59:07'),(4,26,'https://onedrive.live.com/vk/qui.avi',816879,'{\"owner\":\"Vita Dickinson\"}',3,'2016-12-04 13:47:47','2021-04-15 09:59:07'),(5,62,'https://onedrive.live.com/vk/impedit.mp3',996559,'{\"owner\":\"Susana Haley\"}',2,'1993-09-17 05:17:03','2021-04-15 09:59:07'),(6,31,'https://onedrive.live.com/vk/asperiores.pdf',532158,'{\"owner\":\"Fannie Klocko\"}',2,'2000-02-16 02:07:40','2021-04-15 09:59:07'),(7,68,'https://onedrive.live.com/vk/quis.mp4',671111,'{\"owner\":\"Ronny Leffler\"}',1,'2011-04-28 18:29:50','2021-04-15 09:59:07'),(8,47,'https://onedrive.live.com/vk/quisquam.jpeg',759079,'{\"owner\":\"Opal Blick\"}',1,'1975-07-31 19:17:32','2021-04-15 09:59:07'),(9,29,'https://onedrive.live.com/vk/ipsum.mp3',782064,'{\"owner\":\"Cristina Nader\"}',2,'1975-08-19 16:32:37','2021-04-15 09:59:07'),(10,3,'https://onedrive.live.com/vk/dolorem.jpeg',471361612,'{\"owner\":\"Brenda Wisozk\"}',2,'2017-10-29 08:56:02','2021-04-15 09:59:07'),(11,27,'https://onedrive.live.com/vk/tempore.avi',601320447,'{\"owner\":\"Icie Dickens\"}',2,'1972-09-06 09:28:54','2021-04-15 09:59:07'),(12,26,'https://onedrive.live.com/vk/sint.mp4',633081,'{\"owner\":\"Vita Dickinson\"}',2,'1998-06-05 06:01:00','2021-04-15 09:59:03'),(13,51,'https://onedrive.live.com/vk/tenetur.jpeg',16051168,'{\"owner\":\"Xzavier McGlynn\"}',2,'2010-11-18 21:09:15','2021-04-15 09:59:07'),(14,75,'https://onedrive.live.com/vk/cum.avi',2007921,'{\"owner\":\"Durward Kub\"}',1,'1988-05-12 23:18:34','2021-04-15 09:59:07'),(15,20,'https://onedrive.live.com/vk/ullam.mp3',37600364,'{\"owner\":\"Yolanda Lesch\"}',1,'2002-03-25 19:23:45','2021-04-15 09:59:07'),(16,77,'https://onedrive.live.com/vk/culpa.pdf',819214,'{\"owner\":\"Monserrat Kerluke\"}',2,'2014-08-31 13:44:03','2021-04-15 09:59:07'),(17,22,'https://onedrive.live.com/vk/sit.mp4',196827,'{\"owner\":\"Garret Abernathy\"}',3,'1990-07-05 08:49:21','2021-04-15 09:59:07'),(18,81,'https://onedrive.live.com/vk/reprehenderit.mp4',526492,'{\"owner\":\"Geovanny Abernathy\"}',3,'1974-11-12 23:11:34','2021-04-15 09:59:07'),(19,37,'https://onedrive.live.com/vk/fugit.jpeg',41980,'{\"owner\":\"Darron Sipes\"}',2,'1973-06-28 13:54:54','2021-04-15 09:59:07'),(20,41,'https://onedrive.live.com/vk/molestiae.mp4',630423,'{\"owner\":\"Delmer Windler\"}',1,'2019-03-24 20:30:42','2021-04-15 09:59:07'),(21,94,'https://onedrive.live.com/vk/et.mp4',26173,'{\"owner\":\"Max Dicki\"}',3,'2000-08-20 13:50:04','2021-04-15 09:59:07'),(22,48,'https://onedrive.live.com/vk/minus.jpeg',239596,'{\"owner\":\"Rod Hane\"}',2,'1987-11-18 01:41:01','2021-04-15 09:59:03'),(23,56,'https://onedrive.live.com/vk/quo.avi',119461,'{\"owner\":\"Laron Wyman\"}',2,'2013-09-26 06:09:34','2021-04-15 09:59:07'),(24,36,'https://onedrive.live.com/vk/facere.pdf',610442170,'{\"owner\":\"Ramiro Price\"}',2,'1976-10-18 02:06:38','2021-04-15 09:59:07'),(25,13,'https://onedrive.live.com/vk/rerum.pdf',878515,'{\"owner\":\"Ian Metz\"}',3,'2014-01-06 17:16:26','2021-04-15 09:59:07'),(26,57,'https://onedrive.live.com/vk/hic.jpeg',558475279,'{\"owner\":\"Jarred Beer\"}',2,'2008-08-11 03:01:42','2021-04-15 09:59:07'),(27,44,'https://onedrive.live.com/vk/veniam.mp4',94009237,'{\"owner\":\"Delbert Mayer\"}',3,'1986-05-09 08:19:46','2021-04-15 09:59:07'),(28,50,'https://onedrive.live.com/vk/quo.mp4',822072,'{\"owner\":\"Golden Gutmann\"}',1,'2011-07-06 08:05:29','2021-04-15 09:59:07'),(29,16,'https://onedrive.live.com/vk/doloribus.mp3',45157871,'{\"owner\":\"Elinor Murazik\"}',2,'1999-09-12 11:35:51','2021-04-15 09:59:07'),(30,31,'https://onedrive.live.com/vk/consequatur.mp3',34191,'{\"owner\":\"Fannie Klocko\"}',2,'2005-01-26 17:14:59','2021-04-15 09:59:07'),(31,4,'https://onedrive.live.com/vk/magnam.pdf',8804090,'{\"owner\":\"Jaime Kozey\"}',3,'1990-08-29 11:22:12','2021-04-15 09:59:07'),(32,26,'https://onedrive.live.com/vk/assumenda.pdf',90589924,'{\"owner\":\"Vita Dickinson\"}',1,'2004-04-10 13:52:33','2021-04-15 09:59:07'),(33,21,'https://onedrive.live.com/vk/exercitationem.mp3',535411,'{\"owner\":\"Elvis Fay\"}',3,'2005-05-03 20:27:09','2021-04-15 09:59:03'),(34,24,'https://onedrive.live.com/vk/ducimus.pdf',574482,'{\"owner\":\"Albertha Sipes\"}',1,'1999-04-26 11:57:48','2021-04-15 09:59:07'),(35,56,'https://onedrive.live.com/vk/alias.mp4',14755,'{\"owner\":\"Laron Wyman\"}',1,'2011-03-24 08:08:43','2021-04-15 09:59:07'),(36,7,'https://onedrive.live.com/vk/ducimus.avi',3023003,'{\"owner\":\"Jerrod Hauck\"}',3,'1975-02-23 09:58:45','2021-04-15 09:59:07'),(37,68,'https://onedrive.live.com/vk/aut.avi',345624,'{\"owner\":\"Ronny Leffler\"}',2,'2018-03-12 11:00:06','2021-04-15 09:59:07'),(38,18,'https://onedrive.live.com/vk/quis.pdf',266175,'{\"owner\":\"Viola Romaguera\"}',3,'2017-06-18 04:42:04','2021-04-15 09:59:07'),(39,87,'https://onedrive.live.com/vk/commodi.mp3',607427,'{\"owner\":\"Delilah Balistreri\"}',3,'2013-07-12 19:01:15','2021-04-15 09:59:07'),(40,79,'https://onedrive.live.com/vk/nihil.pdf',238612,'{\"owner\":\"Flo Streich\"}',3,'1975-01-10 19:56:14','2021-04-15 09:59:07'),(41,34,'https://onedrive.live.com/vk/corrupti.pdf',1174231,'{\"owner\":\"Sharon Osinski\"}',2,'1970-08-21 07:51:51','2021-04-15 09:59:07'),(42,33,'https://onedrive.live.com/vk/ipsa.mp4',370779,'{\"owner\":\"Demarcus Rogahn\"}',3,'2019-01-21 10:01:43','2021-04-15 09:59:07'),(43,60,'https://onedrive.live.com/vk/maiores.mp3',138058,'{\"owner\":\"Amely Russel\"}',2,'2001-08-02 07:42:23','2021-04-15 09:59:07'),(44,3,'https://onedrive.live.com/vk/pariatur.avi',577954,'{\"owner\":\"Brenda Wisozk\"}',2,'1981-12-19 07:53:30','2021-04-15 09:59:07'),(45,35,'https://onedrive.live.com/vk/ut.mp4',475593,'{\"owner\":\"Tracy Hane\"}',1,'1993-07-27 06:11:39','2021-04-15 09:59:07'),(46,64,'https://onedrive.live.com/vk/ullam.avi',644102,'{\"owner\":\"Katheryn Parker\"}',1,'2014-04-18 10:42:53','2021-04-15 09:59:07'),(47,13,'https://onedrive.live.com/vk/impedit.jpeg',96412907,'{\"owner\":\"Ian Metz\"}',3,'2008-08-12 18:56:09','2021-04-15 09:59:07'),(48,74,'https://onedrive.live.com/vk/saepe.jpeg',793730,'{\"owner\":\"Pearlie Kirlin\"}',2,'1997-12-03 12:19:32','2021-04-15 09:59:07'),(49,31,'https://onedrive.live.com/vk/qui.jpeg',221896594,'{\"owner\":\"Fannie Klocko\"}',3,'1982-01-12 19:21:48','2021-04-15 09:59:07'),(50,32,'https://onedrive.live.com/vk/dicta.jpeg',36344,'{\"owner\":\"Brook Bechtelar\"}',2,'2008-10-14 23:33:54','2021-04-15 09:59:07'),(51,68,'https://onedrive.live.com/vk/dolorum.pdf',800531,'{\"owner\":\"Ronny Leffler\"}',2,'2015-03-20 03:03:44','2021-04-15 09:59:07'),(52,41,'https://onedrive.live.com/vk/nesciunt.mp4',893621,'{\"owner\":\"Delmer Windler\"}',2,'2006-04-22 07:06:38','2021-04-15 09:59:03'),(53,100,'https://onedrive.live.com/vk/fugit.mp4',7165163,'{\"owner\":\"Joe Blick\"}',3,'2004-08-14 03:13:52','2021-04-15 09:59:03'),(54,78,'https://onedrive.live.com/vk/aperiam.avi',616646653,'{\"owner\":\"Kayla Schuster\"}',1,'2021-02-04 11:43:53','2021-04-15 09:59:07'),(55,89,'https://onedrive.live.com/vk/et.pdf',243037003,'{\"owner\":\"Marty Runte\"}',3,'2014-02-09 02:44:50','2021-04-15 09:59:07'),(56,11,'https://onedrive.live.com/vk/ea.avi',66513,'{\"owner\":\"Ruthe Koelpin\"}',3,'1998-04-18 10:55:51','2021-04-15 09:59:07'),(57,87,'https://onedrive.live.com/vk/nihil.jpeg',651700,'{\"owner\":\"Delilah Balistreri\"}',2,'1992-10-31 00:28:31','2021-04-15 09:59:07'),(58,3,'https://onedrive.live.com/vk/vel.jpeg',969922934,'{\"owner\":\"Brenda Wisozk\"}',3,'1978-10-06 08:23:22','2021-04-15 09:59:07'),(59,52,'https://onedrive.live.com/vk/laborum.mp3',58959,'{\"owner\":\"Leonor Waters\"}',1,'1986-02-08 05:40:10','2021-04-15 09:59:07'),(60,53,'https://onedrive.live.com/vk/autem.avi',7585383,'{\"owner\":\"Orrin Schneider\"}',1,'1984-01-29 22:28:42','2021-04-15 09:59:07'),(61,5,'https://onedrive.live.com/vk/est.jpeg',313308,'{\"owner\":\"Coleman Dare\"}',2,'2011-12-27 14:54:11','2021-04-15 09:59:07'),(62,67,'https://onedrive.live.com/vk/enim.mp4',339697,'{\"owner\":\"Lorena West\"}',3,'1983-11-26 18:22:15','2021-04-15 09:59:07'),(63,18,'https://onedrive.live.com/vk/sunt.jpeg',512696200,'{\"owner\":\"Viola Romaguera\"}',3,'1996-04-07 00:31:07','2021-04-15 09:59:03'),(64,89,'https://onedrive.live.com/vk/quis.avi',521607,'{\"owner\":\"Marty Runte\"}',3,'1999-04-10 00:37:10','2021-04-15 09:59:07'),(65,93,'https://onedrive.live.com/vk/labore.mp3',8881226,'{\"owner\":\"Garnet Schoen\"}',1,'1989-12-21 19:23:15','2021-04-15 09:59:07'),(66,94,'https://onedrive.live.com/vk/dolor.mp3',588944,'{\"owner\":\"Max Dicki\"}',2,'2015-10-27 22:24:55','2021-04-15 09:59:07'),(67,92,'https://onedrive.live.com/vk/voluptatibus.jpeg',52525949,'{\"owner\":\"Elisabeth Stroman\"}',1,'1979-07-25 18:04:34','2021-04-15 09:59:07'),(68,78,'https://onedrive.live.com/vk/et.mp3',497261,'{\"owner\":\"Kayla Schuster\"}',2,'1977-11-03 06:29:01','2021-04-15 09:59:07'),(69,14,'https://onedrive.live.com/vk/et.jpeg',379900,'{\"owner\":\"Richie O\'Reilly\"}',3,'1976-04-21 17:31:57','2021-04-15 09:59:07'),(70,34,'https://onedrive.live.com/vk/qui.jpeg',132664,'{\"owner\":\"Sharon Osinski\"}',3,'1986-03-20 22:20:32','2021-04-15 09:59:07'),(71,26,'https://onedrive.live.com/vk/illo.pdf',53160674,'{\"owner\":\"Vita Dickinson\"}',1,'1990-04-15 12:15:34','2021-04-15 09:59:03'),(72,31,'https://onedrive.live.com/vk/dignissimos.avi',523622,'{\"owner\":\"Fannie Klocko\"}',2,'2000-06-20 23:46:20','2021-04-15 09:59:03'),(73,75,'https://onedrive.live.com/vk/odio.avi',220116,'{\"owner\":\"Durward Kub\"}',1,'1996-03-31 02:05:10','2021-04-15 09:59:07'),(74,80,'https://onedrive.live.com/vk/dolores.mp3',529713,'{\"owner\":\"Otilia Kozey\"}',2,'1995-07-20 22:57:20','2021-04-15 09:59:07'),(75,77,'https://onedrive.live.com/vk/amet.mp4',988217,'{\"owner\":\"Monserrat Kerluke\"}',2,'2011-09-06 12:53:07','2021-04-15 09:59:07'),(76,43,'https://onedrive.live.com/vk/nihil.mp3',351944,'{\"owner\":\"Henderson Green\"}',1,'2010-02-24 00:23:34','2021-04-15 09:59:07'),(77,84,'https://onedrive.live.com/vk/ex.mp4',63588718,'{\"owner\":\"Monty Orn\"}',1,'1995-07-11 12:20:18','2021-04-15 09:59:07'),(78,89,'https://onedrive.live.com/vk/ea.mp3',795071,'{\"owner\":\"Marty Runte\"}',1,'2012-05-06 18:03:16','2021-04-15 09:59:07'),(79,92,'https://onedrive.live.com/vk/dolorem.pdf',919522,'{\"owner\":\"Elisabeth Stroman\"}',2,'1992-11-25 13:22:42','2021-04-15 09:59:07'),(80,94,'https://onedrive.live.com/vk/sint.avi',838870,'{\"owner\":\"Max Dicki\"}',3,'1982-01-21 23:24:32','2021-04-15 09:59:07'),(81,91,'https://onedrive.live.com/vk/aut.jpeg',267816,'{\"owner\":\"Cleveland Beer\"}',1,'1982-06-23 06:51:26','2021-04-15 09:59:03'),(82,74,'https://onedrive.live.com/vk/dolores.pdf',26456314,'{\"owner\":\"Pearlie Kirlin\"}',3,'1970-07-16 12:20:56','2021-04-15 09:59:07'),(83,97,'https://onedrive.live.com/vk/voluptatem.jpeg',51290,'{\"owner\":\"Ryley Kuphal\"}',1,'2003-05-20 08:14:17','2021-04-15 09:59:07'),(84,63,'https://onedrive.live.com/vk/est.avi',212395,'{\"owner\":\"Matilde Bartell\"}',1,'2020-06-05 04:46:05','2021-04-15 09:59:07'),(85,21,'https://onedrive.live.com/vk/libero.jpeg',979135,'{\"owner\":\"Elvis Fay\"}',3,'2001-11-24 19:59:36','2021-04-15 09:59:07'),(86,18,'https://onedrive.live.com/vk/est.jpeg',303408,'{\"owner\":\"Viola Romaguera\"}',1,'1986-02-05 22:25:37','2021-04-15 09:59:07'),(87,28,'https://onedrive.live.com/vk/libero.avi',45504,'{\"owner\":\"Harmon O\'Kon\"}',3,'1974-12-11 11:57:53','2021-04-15 09:59:07'),(88,83,'https://onedrive.live.com/vk/perferendis.mp3',879854,'{\"owner\":\"Horace Jakubowski\"}',3,'1977-11-01 08:59:08','2021-04-15 09:59:07'),(89,30,'https://onedrive.live.com/vk/sit.jpeg',489048,'{\"owner\":\"Aniya Bruen\"}',2,'1995-05-08 06:46:35','2021-04-15 09:59:07'),(90,1,'https://onedrive.live.com/vk/qui.pdf',805678,'{\"owner\":\"Samantha Bergstrom\"}',1,'2015-05-06 16:44:19','2021-04-15 09:59:07'),(91,13,'https://onedrive.live.com/vk/sint.mp4',6591917,'{\"owner\":\"Ian Metz\"}',3,'1990-07-08 02:13:13','2021-04-15 09:59:07'),(92,65,'https://onedrive.live.com/vk/temporibus.jpeg',561243,'{\"owner\":\"Lucio Schmitt\"}',1,'1981-03-21 08:46:52','2021-04-15 09:59:07'),(93,82,'https://onedrive.live.com/vk/ullam.mp3',389183,'{\"owner\":\"Lyda Connelly\"}',1,'2005-07-31 23:12:38','2021-04-15 09:59:07'),(94,17,'https://onedrive.live.com/vk/quibusdam.avi',262185,'{\"owner\":\"Mason Schinner\"}',3,'1987-09-21 01:04:06','2021-04-15 09:59:07'),(95,36,'https://onedrive.live.com/vk/voluptatem.mp3',13248586,'{\"owner\":\"Ramiro Price\"}',3,'1977-06-10 17:05:21','2021-04-15 09:59:07'),(96,29,'https://onedrive.live.com/vk/non.pdf',54619840,'{\"owner\":\"Cristina Nader\"}',2,'2011-06-27 17:05:40','2021-04-15 09:59:07'),(97,39,'https://onedrive.live.com/vk/corporis.jpeg',614291929,'{\"owner\":\"Concepcion Lueilwitz\"}',3,'1981-09-11 08:21:40','2021-04-15 09:59:07'),(98,6,'https://onedrive.live.com/vk/eum.avi',83472,'{\"owner\":\"Lilla Kessler\"}',2,'1972-12-14 21:04:26','2021-04-15 09:59:07'),(99,12,'https://onedrive.live.com/vk/rerum.pdf',550423,'{\"owner\":\"Keara Ondricka\"}',1,'2006-04-27 01:04:25','2021-04-15 09:59:07'),(100,41,'https://onedrive.live.com/vk/in.mp4',143376,'{\"owner\":\"Delmer Windler\"}',1,'2016-11-29 06:55:41','2021-04-15 09:59:07');
/*!40000 ALTER TABLE `media` ENABLE KEYS */;
UNLOCK TABLES;

--
-- Table structure for table `media_types`
--

DROP TABLE IF EXISTS `media_types`;
/*!40101 SET @saved_cs_client     = @@character_set_client */;
/*!50503 SET character_set_client = utf8mb4 */;
CREATE TABLE `media_types` (
  `id` int unsigned NOT NULL AUTO_INCREMENT COMMENT '╨Ш╨┤╨╡╨╜╤В╨╕╤Д╨╕╨║╨░╤В╨╛╤А ╤Б╤В╤А╨╛╨║╨╕',
  `name` varchar(255) CHARACTER SET utf8mb4 COLLATE utf8mb4_unicode_ci NOT NULL COMMENT '╨Э╨░╨╖╨▓╨░╨╜╨╕╨╡ ╤В╨╕╨┐╨░',
  `created_at` datetime DEFAULT CURRENT_TIMESTAMP COMMENT '╨Т╤А╨╡╨╝╤П ╤Б╨╛╨╖╨┤╨░╨╜╨╕╤П ╤Б╤В╤А╨╛╨║╨╕',
  `updated_at` datetime DEFAULT CURRENT_TIMESTAMP ON UPDATE CURRENT_TIMESTAMP COMMENT '╨Т╤А╨╡╨╝╤П ╨╛╨▒╨╜╨╛╨▓╨╗╨╡╨╜╨╕╤П ╤Б╤В╤А╨╛╨║╨╕',
  PRIMARY KEY (`id`),
  UNIQUE KEY `name` (`name`)
) ENGINE=InnoDB AUTO_INCREMENT=4 DEFAULT CHARSET=utf8mb4 COLLATE=utf8mb4_unicode_ci COMMENT='╨в╨╕╨┐╤Л ╨╝╨╡╨┤╨╕╨░╤Д╨░╨╣╨╗╨╛╨▓';
/*!40101 SET character_set_client = @saved_cs_client */;

--
-- Dumping data for table `media_types`
--

LOCK TABLES `media_types` WRITE;
/*!40000 ALTER TABLE `media_types` DISABLE KEYS */;
INSERT INTO `media_types` VALUES (1,'photo','2021-04-15 09:59:13','2021-04-15 09:59:13'),(2,'audio','2021-04-15 09:59:13','2021-04-15 09:59:13'),(3,'video','2021-04-15 09:59:13','2021-04-15 09:59:13');
/*!40000 ALTER TABLE `media_types` ENABLE KEYS */;
UNLOCK TABLES;

--
-- Table structure for table `messages`
--

DROP TABLE IF EXISTS `messages`;
/*!40101 SET @saved_cs_client     = @@character_set_client */;
/*!50503 SET character_set_client = utf8mb4 */;
CREATE TABLE `messages` (
  `id` int unsigned NOT NULL AUTO_INCREMENT COMMENT '╨Ш╨┤╨╡╨╜╤В╨╕╤Д╨╕╨║╨░╤В╨╛╤А ╤Б╤В╤А╨╛╨║╨╕',
  `from_user_id` int unsigned NOT NULL COMMENT '╨б╤Б╤Л╨╗╨║╨░ ╨╜╨░ ╨╛╤В╨┐╤А╨░╨▓╨╕╤В╨╡╨╗╤П ╤Б╨╛╨╛╨▒╤Й╨╡╨╜╨╕╤П',
  `to_user_id` int unsigned NOT NULL COMMENT '╨б╤Б╤Л╨╗╨║╨░ ╨╜╨░ ╨┐╨╛╨╗╤Г╤З╨░╤В╨╡╨╗╤П ╤Б╨╛╨╛╨▒╤Й╨╡╨╜╨╕╤П',
  `body` text CHARACTER SET utf8mb4 COLLATE utf8mb4_unicode_ci NOT NULL COMMENT '╨в╨╡╨║╤Б╤В ╤Б╨╛╨╛╨▒╤Й╨╡╨╜╨╕╤П',
  `is_important` tinyint(1) DEFAULT NULL COMMENT '╨Я╤А╨╕╨╖╨╜╨░╨║ ╨▓╨░╨╢╨╜╨╛╤Б╤В╨╕',
  `is_delivered` tinyint(1) DEFAULT NULL COMMENT '╨Я╤А╨╕╨╖╨╜╨░╨║ ╨┤╨╛╤Б╤В╨░╨▓╨║╨╕',
  `created_at` datetime DEFAULT CURRENT_TIMESTAMP COMMENT '╨Т╤А╨╡╨╝╤П ╤Б╨╛╨╖╨┤╨░╨╜╨╕╤П ╤Б╤В╤А╨╛╨║╨╕',
  PRIMARY KEY (`id`),
  KEY `messages_from_user_id_fk` (`from_user_id`),
  KEY `messages_to_user_id_fk` (`to_user_id`),
  CONSTRAINT `messages_from_user_id_fk` FOREIGN KEY (`from_user_id`) REFERENCES `users` (`id`) ON DELETE CASCADE,
  CONSTRAINT `messages_to_user_id_fk` FOREIGN KEY (`to_user_id`) REFERENCES `users` (`id`) ON DELETE CASCADE
) ENGINE=InnoDB AUTO_INCREMENT=101 DEFAULT CHARSET=utf8mb4 COLLATE=utf8mb4_unicode_ci COMMENT='╨б╨╛╨╛╨▒╤Й╨╡╨╜╨╕╤П';
/*!40101 SET character_set_client = @saved_cs_client */;

--
-- Dumping data for table `messages`
--

LOCK TABLES `messages` WRITE;
/*!40000 ALTER TABLE `messages` DISABLE KEYS */;
INSERT INTO `messages` VALUES (1,71,74,'And he added looking angrily at the window.\' \'THAT you won\'t\' thought Alice, \'shall I NEVER get any older than I am to see the Mock Turtle a little before she made some tarts, All on a little girl,\'.',0,1,'2015-02-05 15:31:10'),(2,10,99,'Alice, very much at this, she came up to her daughter \'Ah, my dear! Let this be a walrus or hippopotamus, but then she had got its neck nicely straightened out, and was a little of it?\' said the.',1,0,'2011-12-16 09:23:08'),(3,36,70,'Caterpillar. \'Not QUITE right, I\'m afraid,\' said Alice, surprised at this, she was trying to explain the mistake it had entirely disappeared; so the King replied. Here the other end of the day; and.',0,0,'2016-09-13 14:19:20'),(4,50,53,'Because he knows it teases.\' CHORUS. (In which the words did not dare to disobey, though she felt a little queer, won\'t you?\' \'Not a bit,\' said the King. The White Rabbit blew three blasts on the.',1,0,'2019-09-06 23:32:33'),(5,42,55,'I almost wish I\'d gone to see some meaning in it, and very neatly and simply arranged; the only one who got any advantage from the time they had a large mustard-mine near here. And the moral of that.',1,0,'2014-01-11 10:02:38'),(6,60,17,'Hatter: \'it\'s very rude.\' The Hatter looked at the top of her ever getting out of a large pigeon had flown into her eyes; and once she remembered that she let the Dormouse began in a mournful tone,.',1,0,'2017-09-26 23:00:17'),(7,74,20,'TWO little shrieks, and more faintly came, carried on the floor, as it happens; and if it wasn\'t trouble enough hatching the eggs,\' said the Mock Turtle said: \'advance twice, set to work nibbling at.',0,0,'2012-03-02 13:55:24'),(8,88,49,'WHAT? The other side of the window, I only knew the meaning of it appeared. \'I don\'t quite understand you,\' she said, \'and see whether it\'s marked \"poison\" or not\'; for she felt sure she would.',0,0,'2012-02-11 17:23:07'),(9,19,83,'Duchess, as she stood watching them, and it\'ll sit up and said, without even waiting to put it right; \'not that it led into the sky all the rats and--oh dear!\' cried Alice again, in a melancholy.',1,0,'2011-09-19 11:48:17'),(10,31,69,'There was not much larger than a pig, and she put it. She felt very curious thing, and longed to get very tired of sitting by her sister on the whole window!\' \'Sure, it does, yer honour: but it\'s an.',0,1,'2017-08-09 11:39:56'),(11,97,93,'But there seemed to her lips. \'I know SOMETHING interesting is sure to kill it in large letters. It was the first to break the silence. \'What day of the table, half hoping that they could not help.',1,0,'2016-03-25 15:32:35'),(12,93,60,'Forty-two. ALL PERSONS MORE THAN A MILE HIGH TO LEAVE THE COURT.\' Everybody looked at each other for some minutes. Alice thought she might find another key on it, for she felt sure it would be the.',0,0,'2019-07-08 07:15:20'),(13,72,21,'Alice was beginning to feel a little bird as soon as she did not see anything that looked like the look of the table, but it was done. They had a large pigeon had flown into her eyes; and once again.',1,0,'2018-10-13 15:56:46'),(14,81,22,'NOT marked \'poison,\' so Alice went on, \'you throw the--\' \'The lobsters!\' shouted the Queen till she fancied she heard something splashing about in the middle, wondering how she was ready to ask them.',0,1,'2017-01-16 21:22:45'),(15,90,48,'Mock Turtle, \'but if you\'ve seen them at last, more calmly, though still sobbing a little sharp bark just over her head through the door, and knocked. \'There\'s no sort of chance of this, so she set.',1,0,'2017-03-06 17:56:43'),(16,6,71,'Dodo managed it.) First it marked out a new idea to Alice, and sighing. \'It IS the same age as herself, to see what was coming. It was all about, and make out which were the verses on his.',1,0,'2018-06-12 09:37:28'),(17,60,14,'I should like to go and take it away!\' There was a table in the lap of her skirt, upsetting all the jurymen are back in their mouths. So they got thrown out to sea!\" But the snail replied \"Too far,.',1,1,'2020-11-22 00:03:23'),(18,80,53,'Alice. \'Why, SHE,\' said the March Hare went on. \'Or would you tell me,\' said Alice, looking down at her side. She was looking at them with one finger pressed upon its forehead (the position in which.',1,0,'2014-04-10 15:11:24'),(19,21,26,'Hatter: and in another moment down went Alice like the three gardeners, oblong and flat, with their fur clinging close to them, and the White Rabbit cried out, \'Silence in the morning, just time to.',1,0,'2017-04-07 14:56:47'),(20,64,69,'Turtle.\' These words were followed by a very humble tone, going down on one of the garden, and marked, with one finger pressed upon its nose. The Dormouse again took a minute or two the Caterpillar.',1,1,'2020-03-02 06:21:02'),(21,58,66,'White Rabbit cried out, \'Silence in the distance, and she dropped it hastily, just in time to hear her try and say \"How doth the little golden key, and Alice\'s first thought was that it seemed quite.',0,1,'2015-02-07 01:23:44'),(22,97,24,'They had not gone (We know it was only the pepper that had slipped in like herself. \'Would it be of very little use without my shoulders. Oh, how I wish you wouldn\'t keep appearing and vanishing so.',1,0,'2019-02-09 06:13:06'),(23,10,22,'They are waiting on the stairs. Alice knew it was a dispute going on rather better now,\' she added in an encouraging tone. Alice looked up, and reduced the answer to it?\' said the King. \'When did.',0,0,'2014-12-25 04:15:16'),(24,58,36,'Dormouse began in a tone of delight, which changed into alarm in another moment it was very likely it can talk: at any rate,\' said Alice: \'three inches is such a capital one for catching mice you.',1,1,'2012-08-30 04:10:08'),(25,61,12,'He says it kills all the same, shedding gallons of tears, until there was silence for some time with one eye; but to open it; but, as the door with his nose, you know?\' \'It\'s the thing at all..',1,0,'2019-01-31 15:52:21'),(26,28,53,'I eat one of them.\' In another moment down went Alice after it, never once considering how in the sea, some children digging in the air: it puzzled her too much, so she went back for a dunce? Go.',0,1,'2013-05-12 04:42:50'),(27,59,28,'Bill,\' thought Alice,) \'Well, I should like to try the whole cause, and condemn you to offer it,\' said the Footman. \'That\'s the most confusing thing I ever was at in all their simple joys,.',1,1,'2014-04-12 04:55:29'),(28,9,80,'Duchess by this time). \'Don\'t grunt,\' said Alice; \'you needn\'t be so easily offended, you know!\' The Mouse gave a little faster?\" said a sleepy voice behind her. \'Collar that Dormouse,\' the Queen.',0,1,'2012-11-29 11:50:19'),(29,68,16,'Alice again, for this time with the Queen never left off writing on his spectacles and looked at each other for some time after the birds! Why, she\'ll eat a bat?\' when suddenly, thump! thump! down.',1,0,'2014-09-02 14:33:42'),(30,15,40,'King said to herself as she ran; but the Dormouse fell asleep instantly, and Alice joined the procession, wondering very much at this, she was losing her temper. \'Are you content now?\' said the.',0,1,'2014-11-05 16:07:25'),(31,67,50,'White Rabbit cried out, \'Silence in the house down!\' said the Footman, \'and that for two reasons. First, because I\'m on the glass table as before, \'and things are \"much of a bottle. They all sat.',0,1,'2015-06-02 04:13:44'),(32,89,28,'Gryphon, and the sounds will take care of the way to change them--\' when she looked up, but it all came different!\' the Mock Turtle, suddenly dropping his voice; and the others all joined in chorus,.',1,1,'2015-05-12 17:26:37'),(33,47,92,'Caterpillar. \'Not QUITE right, I\'m afraid,\' said Alice, always ready to sink into the wood for fear of their hearing her; and the fan, and skurried away into the book her sister sat still and said.',0,0,'2017-02-12 23:13:21'),(34,64,76,'Queen. \'Sentence first--verdict afterwards.\' \'Stuff and nonsense!\' said Alice loudly. \'The idea of the March Hare. \'I didn\'t write it, and found that, as nearly as large as the hall was very like a.',0,1,'2017-11-15 18:59:37'),(35,80,4,'Alice hastily replied; \'at least--at least I mean what I used to know. Let me see: four times five is twelve, and four times five is twelve, and four times five is twelve, and four times six is.',1,0,'2011-10-20 20:35:26'),(36,9,91,'Beautiful, beauti--FUL SOUP!\' \'Chorus again!\' cried the Mock Turtle sighed deeply, and drew the back of one flapper across his eyes. He looked at the mouth with strings: into this they slipped the.',1,0,'2016-02-17 22:43:06'),(37,5,44,'I\'ll stay down here! It\'ll be no sort of idea that they couldn\'t see it?\' So she went on saying to her very much what would happen next. First, she dreamed of little Alice and all that,\' said Alice..',0,0,'2017-05-07 19:31:28'),(38,96,43,'Mock Turtle would be grand, certainly,\' said Alice, (she had grown so large a house, that she did it so quickly that the cause of this elegant thimble\'; and, when it grunted again, so violently,.',0,0,'2016-08-08 01:07:28'),(39,65,85,'King. \'It began with the next witness!\' said the March Hare. Visit either you like: they\'re both mad.\' \'But I don\'t keep the same solemn tone, \'For the Duchess. An invitation from the roof. There.',0,0,'2020-05-21 10:53:46'),(40,37,94,'The Hatter was the White Rabbit blew three blasts on the table. \'Have some wine,\' the March Hare. \'Yes, please do!\' pleaded Alice. \'And ever since that,\' the Hatter went on, half to herself, \'to be.',1,0,'2020-04-29 01:08:04'),(41,88,15,'How puzzling all these strange Adventures of hers would, in the last few minutes, and began to repeat it, but her head made her feel very uneasy: to be said. At last the Mock Turtle. \'And how many.',1,0,'2019-02-15 00:21:45'),(42,29,95,'Hatter. \'I deny it!\' said the Mock Turtle. So she began fancying the sort of lullaby to it as you can--\' \'Swim after them!\' screamed the Gryphon. \'I\'ve forgotten the words.\' So they sat down again.',0,0,'2012-08-01 10:02:03'),(43,80,26,'Alice went on, \'\"--found it advisable to go on. \'And so these three little sisters--they were learning to draw, you know--\' She had not a regular rule: you invented it just grazed his nose, and.',1,0,'2012-04-13 14:04:16'),(44,14,47,'Drawling, Stretching, and Fainting in Coils.\' \'What was THAT like?\' said Alice. \'Why not?\' said the Cat, \'if you don\'t like them!\' When the sands are all pardoned.\' \'Come, THAT\'S a good way off,.',0,0,'2020-02-01 02:39:05'),(45,29,54,'Mouse. \'Of course,\' the Gryphon went on, turning to Alice. \'Only a thimble,\' said Alice loudly. \'The idea of having nothing to what I was going off into a butterfly, I should think you\'ll feel it a.',1,1,'2013-12-29 22:01:14'),(46,4,30,'I\'ll eat it,\' said Alice. \'Who\'s making personal remarks now?\' the Hatter with a sudden burst of tears, \'I do wish they COULD! I\'m sure I can\'t remember,\' said the March Hare went \'Sh! sh!\' and the.',0,0,'2015-12-29 04:37:40'),(47,31,87,'I don\'t believe there\'s an atom of meaning in it.\' The jury all wrote down on her lap as if she did it so VERY much out of THIS!\' (Sounds of more broken glass.) \'Now tell me, Pat, what\'s that in the.',1,1,'2011-05-22 11:46:13'),(48,41,44,'Gryphon, and the Panther received knife and fork with a table set out under a tree in front of them, with her head in the world she was holding, and she jumped up on tiptoe, and peeped over the.',1,0,'2017-07-02 21:41:09'),(49,14,60,'Majesty!\' the Duchess asked, with another hedgehog, which seemed to follow, except a little wider. \'Come, it\'s pleased so far,\' said the Mouse, turning to Alice, very much of a dance is it?\' The.',0,0,'2017-01-08 01:57:51'),(50,46,69,'King, looking round the court with a cart-horse, and expecting every moment to be told so. \'It\'s really dreadful,\' she muttered to herself, \'in my going out altogether, like a sky-rocket!\' \'So you.',1,0,'2020-03-01 18:13:34'),(51,86,62,'I mean what I get\" is the same thing as a drawing of a dance is it?\' he said, \'on and off, for days and days.\' \'But what am I to get in?\' \'There might be some sense in your knocking,\' the Footman.',0,1,'2011-12-08 11:08:10'),(52,91,2,'Alice replied, so eagerly that the hedgehog had unrolled itself, and was beating her violently with its arms folded, frowning like a Jack-in-the-box, and up I goes like a wild beast, screamed \'Off.',0,1,'2012-10-13 17:35:43'),(53,98,24,'Some of the tea--\' \'The twinkling of the Lobster Quadrille?\' the Gryphon said to herself, and shouted out, \'You\'d better not do that again!\' which produced another dead silence. \'It\'s a friend of.',0,1,'2020-11-08 20:45:43'),(54,18,12,'CAN I have to whisper a hint to Time, and round goes the clock in a frightened tone. \'The Queen of Hearts were seated on their throne when they passed too close, and waving their forepaws to mark.',0,1,'2015-02-05 20:31:37'),(55,94,89,'The next thing was snorting like a Jack-in-the-box, and up the chimney, and said to herself, \'Which way? Which way?\', holding her hand on the trumpet, and then unrolled the parchment scroll, and.',0,0,'2012-04-08 07:15:34'),(56,15,8,'It means much the most interesting, and perhaps as this before, never! And I declare it\'s too bad, that it is!\' As she said to herself, \'the way all the children she knew, who might do very well to.',0,0,'2014-05-25 15:08:45'),(57,94,71,'CAN all that stuff,\' the Mock Turtle at last, they must be getting somewhere near the door, and knocked. \'There\'s no such thing!\' Alice was too dark to see what would happen next. The first witness.',0,1,'2018-10-05 08:09:06'),(58,24,34,'King and Queen of Hearts, who only bowed and smiled in reply. \'That\'s right!\' shouted the Queen, tossing her head in the world you fly, Like a tea-tray in the air: it puzzled her too much, so she.',0,1,'2020-08-15 03:17:05'),(59,36,53,'WOULD put their heads down! I am in the chimney as she spoke; \'either you or your head must be off, and had to ask any more questions about it, even if my head would go round and swam slowly back.',0,0,'2012-07-03 13:26:15'),(60,10,63,'Alice very humbly: \'you had got so close to them, and then quietly marched off after the others. \'Are their heads down! I am to see some meaning in it, \'and what is the same tone, exactly as if he.',1,1,'2013-07-23 21:40:42'),(61,38,56,'VERY turn-up nose, much more like a Jack-in-the-box, and up I goes like a stalk out of the garden, called out \'The Queen! The Queen!\' and the Queen, \'and take this young lady to see if there were.',0,1,'2014-06-30 16:00:39'),(62,63,92,'Hatter instead!\' CHAPTER VII. A Mad Tea-Party There was not a mile high,\' said Alice. \'What sort of idea that they must be the right thing to get in at the stick, and made another rush at Alice for.',1,0,'2015-11-11 03:54:12'),(63,99,91,'EVER happen in a low voice, to the jury, in a moment like a snout than a pig, and she jumped up in a few minutes that she was not an encouraging opening for a minute, while Alice thought she had sat.',0,1,'2016-05-21 12:15:04'),(64,5,78,'I\'ll have you executed.\' The miserable Hatter dropped his teacup instead of onions.\' Seven flung down his face, as long as there was the White Rabbit as he spoke, and the moment how large she had.',1,0,'2012-06-06 17:23:13'),(65,29,15,'Queen, \'Really, my dear, YOU must cross-examine THIS witness.\' \'Well, if I shall be punished for it to the other, trying every door, she found herself safe in a low, hurried tone. He looked.',1,1,'2014-08-06 04:14:14'),(66,30,41,'Alice. \'Oh, don\'t talk about her any more HERE.\' \'But then,\' thought she, \'what would become of it; so, after hunting all about as much use in talking to herself, as usual. I wonder who will put on.',1,1,'2020-02-11 01:31:44'),(67,62,58,'Alice said nothing; she had grown so large in the sea, though you mayn\'t believe it--\' \'I never heard it say to itself, \'Oh dear! Oh dear! I\'d nearly forgotten to ask.\' \'It turned into a sort of.',0,1,'2018-08-15 12:31:36'),(68,21,67,'March Hare. Alice was rather doubtful whether she could not answer without a porpoise.\' \'Wouldn\'t it really?\' said Alice indignantly. \'Ah! then yours wasn\'t a really good school,\' said the Hatter;.',1,0,'2018-08-30 10:37:30'),(69,16,63,'HAVE tasted eggs, certainly,\' said Alice, in a tone of great dismay, and began by producing from under his arm a great hurry. An enormous puppy was looking up into hers--she could hear the words:--.',0,1,'2012-10-28 14:49:11'),(70,18,13,'Queen in front of them, and it\'ll sit up and down in a very deep well. Either the well was very deep, or she fell very slowly, for she had brought herself down to the Cheshire Cat, she was shrinking.',0,0,'2020-01-19 16:50:04'),(71,39,73,'Alice; \'and I wish you wouldn\'t mind,\' said Alice: \'allow me to sell you a present of everything I\'ve said as yet.\' \'A cheap sort of mixed flavour of cherry-tart, custard, pine-apple, roast turkey,.',0,1,'2015-09-04 14:39:23'),(72,44,27,'Alice, thinking it was out of sight. Alice remained looking thoughtfully at the Mouse\'s tail; \'but why do you like to go on for some time in silence: at last she stretched her arms folded, frowning.',0,0,'2016-08-26 01:14:15'),(73,100,13,'March Hare interrupted in a dreamy sort of people live about here?\' \'In THAT direction,\' the Cat again, sitting on the slate. \'Herald, read the accusation!\' said the Gryphon. \'I mean, what makes.',0,0,'2011-08-26 01:05:33'),(74,68,87,'Caterpillar The Caterpillar and Alice was not a VERY unpleasant state of mind, she turned to the other, and growing sometimes taller and sometimes she scolded herself so severely as to go on. \'And.',0,0,'2017-01-10 16:52:37'),(75,39,94,'King, with an M--\' \'Why with an M--\' \'Why with an anxious look at all a pity. I said \"What for?\"\' \'She boxed the Queen\'s absence, and were resting in the sand with wooden spades, then a great hurry;.',0,1,'2014-01-20 20:07:01'),(76,93,9,'King. On this the whole she thought it had some kind of thing that would happen: \'\"Miss Alice! Come here directly, and get ready for your interesting story,\' but she had got its neck nicely.',0,1,'2014-01-16 13:08:33'),(77,45,62,'Duchess, digging her sharp little chin into Alice\'s head. \'Is that the way wherever she wanted much to know, but the Dormouse began in a frightened tone. \'The Queen will hear you! You see, she came.',1,0,'2019-10-05 17:37:08'),(78,47,83,'But she went hunting about, and called out to sea as you might do something better with the dream of Wonderland of long ago: and how she would keep, through all her fancy, that: he hasn\'t got no.',0,0,'2015-08-09 11:11:58'),(79,99,29,'I grow at a reasonable pace,\' said the March Hare. \'Then it doesn\'t matter a bit,\' she thought at first she would keep, through all her coaxing. Hardly knowing what she was trying to put everything.',1,1,'2012-06-28 03:58:19'),(80,53,96,'Alice hastily; \'but I\'m not Ada,\' she said, \'for her hair goes in such a thing before, but she stopped hastily, for the White Rabbit read:-- \'They told me you had been jumping about like that!\' But.',1,0,'2012-03-21 02:24:04'),(81,66,91,'You know the song, \'I\'d have said to the jury, in a low curtain she had peeped into the court, she said this, she noticed a curious appearance in the way down one side and then said, \'It WAS a.',0,0,'2018-07-13 02:21:39'),(82,74,65,'There were doors all round her, about four inches deep and reaching half down the middle, wondering how she would have appeared to them she heard a little timidly, for she felt unhappy. \'It was the.',1,0,'2012-08-08 20:51:45'),(83,69,53,'Duchess. \'I make you grow shorter.\' \'One side will make you dry enough!\' They all returned from him to be in before the officer could get to the baby, and not to lie down on the bank, with her head.',0,0,'2013-01-23 23:48:50'),(84,21,71,'THAT. Then again--\"BEFORE SHE HAD THIS FIT--\" you never tasted an egg!\' \'I HAVE tasted eggs, certainly,\' said Alice, who always took a great hurry. An enormous puppy was looking down at her hands,.',1,1,'2017-07-18 22:10:18'),(85,1,93,'I was, I shouldn\'t like THAT!\' \'Oh, you can\'t help it,\' said the Queen. \'You make me smaller, I suppose.\' So she stood still where she was now about a thousand times as large as himself, and this.',1,0,'2015-08-30 00:17:00'),(86,39,54,'Mouse only shook its head impatiently, and walked off; the Dormouse turned out, and, by the time at the Caterpillar\'s making such VERY short remarks, and she had got so much surprised, that for two.',0,0,'2020-12-01 09:03:01'),(87,90,91,'SOME change in my size; and as he could think of any that do,\' Alice hastily replied; \'only one doesn\'t like changing so often, of course was, how to set about it; if I\'m not looking for the.',1,1,'2012-06-19 03:54:05'),(88,36,92,'Mock Turtle replied; \'and then the Mock Turtle sang this, very slowly and sadly:-- \'\"Will you walk a little scream of laughter. \'Oh, hush!\' the Rabbit coming to look down and began singing in its.',0,0,'2016-06-27 07:56:08'),(89,6,85,'And in she went. Once more she found that it might be hungry, in which you usually see Shakespeare, in the sea, some children digging in the common way. So she swallowed one of the jurymen. \'No,.',1,1,'2021-03-17 21:02:56'),(90,24,51,'Mouse was bristling all over, and both footmen, Alice noticed, had powdered hair that WOULD always get into the garden at once; but, alas for poor Alice! when she had someone to listen to her. \'I.',1,1,'2013-10-22 20:58:27'),(91,100,97,'Queen\'s hedgehog just now, only it ran away when it had been. But her sister was reading, but it puzzled her too much, so she bore it as you liked.\' \'Is that all?\' said Alice, \'and those twelve.',0,0,'2015-08-02 15:50:36'),(92,29,32,'March Hare. \'Yes, please do!\' but the Hatter went on at last, more calmly, though still sobbing a little way forwards each time and a great many more than that, if you could only hear whispers now.',0,1,'2015-12-09 11:04:02'),(93,43,67,'I say again!\' repeated the Pigeon, raising its voice to its feet, \'I move that the way to change the subject. \'Ten hours the first position in dancing.\' Alice said; but was dreadfully puzzled by the.',1,0,'2017-10-14 10:24:46'),(94,28,39,'Alice heard the Queen had never heard before, \'Sure then I\'m here! Digging for apples, indeed!\' said the King, with an M?\' said Alice. \'Well, I should say \"With what porpoise?\"\' \'Don\'t you mean by.',0,1,'2021-02-12 05:48:33'),(95,11,93,'After a minute or two, they began moving about again, and Alice looked at it, busily painting them red. Alice thought she might find another key on it, for she had grown so large in the other: the.',0,1,'2018-07-11 18:44:19'),(96,69,48,'Alice angrily. \'It wasn\'t very civil of you to learn?\' \'Well, there was a paper label, with the dream of Wonderland of long ago: and how she would keep, through all her wonderful Adventures, till.',1,0,'2018-08-02 22:16:54'),(97,11,62,'Dodo had paused as if he would not join the dance? \"You can really have no answers.\' \'If you knew Time as well as pigs, and was going to be, from one foot up the fan she was ready to make ONE.',1,1,'2016-10-29 20:58:37'),(98,50,65,'Long Tale They were just beginning to get rather sleepy, and went down on their slates, when the Rabbit say, \'A barrowful of WHAT?\' thought Alice; \'only, as it\'s asleep, I suppose you\'ll be asleep.',1,1,'2016-05-15 14:41:31'),(99,15,37,'Rabbit, and had been anything near the door, and tried to fancy to cats if you please! \"William the Conqueror, whose cause was favoured by the soldiers, who of course had to pinch it to annoy,.',0,1,'2015-02-12 23:26:14'),(100,24,90,'I will prosecute YOU.--Come, I\'ll take no denial; We must have been that,\' said the King: \'leave out that the Mouse to tell me who YOU are, first.\' \'Why?\' said the Dormouse, who was sitting next to.',0,1,'2012-02-13 02:38:58');
/*!40000 ALTER TABLE `messages` ENABLE KEYS */;
UNLOCK TABLES;

--
-- Table structure for table `posts`
--

DROP TABLE IF EXISTS `posts`;
/*!40101 SET @saved_cs_client     = @@character_set_client */;
/*!50503 SET character_set_client = utf8mb4 */;
CREATE TABLE `posts` (
  `id` int unsigned NOT NULL AUTO_INCREMENT,
  `user_id` int unsigned NOT NULL,
  `community_id` int unsigned DEFAULT NULL,
  `head` varchar(255) CHARACTER SET utf8mb4 COLLATE utf8mb4_unicode_ci DEFAULT NULL,
  `body` text CHARACTER SET utf8mb4 COLLATE utf8mb4_unicode_ci NOT NULL,
  `media_id` int unsigned DEFAULT NULL,
  `is_public` tinyint(1) DEFAULT '1',
  `is_archived` tinyint(1) DEFAULT '0',
  `created_at` datetime DEFAULT CURRENT_TIMESTAMP,
  `updated_at` datetime DEFAULT CURRENT_TIMESTAMP ON UPDATE CURRENT_TIMESTAMP,
  PRIMARY KEY (`id`)
) ENGINE=InnoDB AUTO_INCREMENT=101 DEFAULT CHARSET=utf8mb4 COLLATE=utf8mb4_unicode_ci;
/*!40101 SET character_set_client = @saved_cs_client */;

--
-- Dumping data for table `posts`
--

LOCK TABLES `posts` WRITE;
/*!40000 ALTER TABLE `posts` DISABLE KEYS */;
INSERT INTO `posts` VALUES (1,1,1,'odio','Caterpillar. Alice folded her hands, and began:-- \'You are old,\' said the Caterpillar. \'Well, perhaps you haven\'t found it advisable--\"\' \'Found WHAT?\' said the March Hare, who had got to the other.',1,1,1,'1999-05-04 16:59:46','1995-09-17 19:08:54'),(2,2,2,'ipsa','I only wish they WOULD go with the birds hurried off at once to eat her up in such long ringlets, and mine doesn\'t go in at once.\' And in she went. Once more she found a little bird as soon as there.',2,0,0,'1971-08-18 20:38:35','1995-09-25 03:03:26'),(3,3,3,'vel','Seven looked up eagerly, half hoping she might as well as she ran; but the tops of the game, feeling very curious thing, and she looked down into a line along the passage into the sea, though you.',3,0,0,'1974-04-20 15:17:36','1982-12-03 13:55:00'),(4,4,4,'dolor','King put on his spectacles and looked along the course, here and there. There was a long and a crash of broken glass. \'What a pity it wouldn\'t stay!\' sighed the Hatter. \'You MUST remember,\' remarked.',4,0,1,'2010-01-24 06:46:24','2009-03-21 14:56:22'),(5,5,5,'alias','However, it was done. They had a consultation about this, and Alice guessed in a coaxing tone, and everybody laughed, \'Let the jury eagerly wrote down on one side, to look for her, and she was now.',5,0,1,'1981-02-17 20:33:26','2007-07-24 10:59:45'),(6,6,6,'sunt','I will just explain to you to get very tired of being upset, and their curls got entangled together. Alice was not easy to take the place where it had made. \'He took me for his housemaid,\' she said.',6,1,1,'2001-01-13 12:49:53','1987-10-03 13:20:22'),(7,7,7,'cupiditate','Queen shrieked out. \'Behead that Dormouse! Turn that Dormouse out of its voice. \'Back to land again, and the others all joined in chorus, \'Yes, please do!\' pleaded Alice. \'And ever since that,\' the.',7,0,1,'1990-04-24 00:35:08','1980-04-23 03:25:14'),(8,8,8,'cum','Alice was beginning to write out a history of the right-hand bit to try the first verse,\' said the Hatter. \'It isn\'t a bird,\' Alice remarked. \'Right, as usual,\' said the Eaglet. \'I don\'t quite.',8,1,1,'1984-06-22 21:49:22','1997-04-30 18:04:27'),(9,9,9,'ut','Rabbit noticed Alice, as she could, for the pool as it went, \'One side of WHAT? The other guests had taken his watch out of sight before the trial\'s over!\' thought Alice. The King looked anxiously.',9,1,0,'1994-11-27 12:34:45','1995-08-29 20:57:54'),(10,10,10,'sit','WHAT?\' thought Alice to herself, and once again the tiny hands were clasped upon her face. \'Very,\' said Alice: \'I don\'t see how he did with the Lory, with a kind of authority among them, called out,.',10,0,1,'2001-09-04 22:02:28','2005-10-19 18:26:55'),(11,11,11,'mollitia','By the time at the end of the room again, no wonder she felt that it made no mark; but he now hastily began again, using the ink, that was trickling down his brush, and had to sing you a couple?\'.',11,1,0,'1976-12-30 10:11:37','2011-10-25 09:24:04'),(12,12,12,'cupiditate','Soup of the thing Mock Turtle persisted. \'How COULD he turn them out again. That\'s all.\' \'Thank you,\' said the Mouse. \'--I proceed. \"Edwin and Morcar, the earls of Mercia and Northumbria--\"\' \'Ugh!\'.',12,0,1,'1980-06-23 08:24:57','2019-09-07 01:54:54'),(13,13,13,'amet','How she longed to get into the roof bear?--Mind that loose slate--Oh, it\'s coming down! Heads below!\' (a loud crash)--\'Now, who did that?--It was Bill, I fancy--Who\'s to go down--Here, Bill! the.',13,1,1,'1971-05-13 03:22:56','2006-09-04 00:33:48'),(14,14,14,'inventore','Gryphon, before Alice could only see her. She is such a very fine day!\' said a sleepy voice behind her. \'Collar that Dormouse,\' the Queen to play croquet.\' The Frog-Footman repeated, in the middle,.',14,1,0,'1976-06-22 17:18:28','1987-09-24 15:20:00'),(15,15,15,'natus','If I or she should meet the real Mary Ann, what ARE you talking to?\' said one of the e--e--evening, Beautiful, beautiful Soup!\' CHAPTER XI. Who Stole the Tarts? The King and Queen of Hearts were.',15,0,1,'1994-01-29 15:24:01','1974-02-09 05:13:53'),(16,16,16,'voluptate','THIS size: why, I should frighten them out with his nose Trims his belt and his friends shared their never-ending meal, and the little golden key in the sea. But they HAVE their tails fast in their.',16,1,1,'1976-06-17 14:48:11','2003-02-03 09:59:35'),(17,17,17,'quia','After a while she ran, as well as she picked up a little timidly, \'why you are very dull!\' \'You ought to be rude, so she set the little dears came jumping merrily along hand in hand with Dinah, and.',17,0,1,'2008-04-25 17:02:14','1983-12-02 01:50:53'),(18,18,18,'asperiores','Caterpillar took the hookah out of breath, and till the puppy\'s bark sounded quite faint in the court!\' and the March Hare. \'Then it ought to speak, but for a dunce? Go on!\' \'I\'m a poor man,\' the.',18,0,0,'1991-04-12 16:17:21','2015-05-23 19:12:11'),(19,19,19,'quam','And she opened it, and very neatly and simply arranged; the only one who had got to grow up any more if you\'d rather not.\' \'We indeed!\' cried the Mock Turtle, suddenly dropping his voice; and Alice.',19,0,0,'1991-05-26 01:52:10','1978-07-15 09:18:09'),(20,20,20,'magni','MARMALADE\', but to get out of that is--\"Oh, \'tis love, that makes the world you fly, Like a tea-tray in the night? Let me see: that would happen: \'\"Miss Alice! Come here directly, and get ready for.',20,1,1,'1986-07-29 13:28:52','1991-03-27 09:34:40'),(21,21,21,'quos','I was going to begin with.\' \'A barrowful of WHAT?\' thought Alice; \'only, as it\'s asleep, I suppose it were white, but there was generally a ridge or furrow in the distance. \'And yet what a dear.',21,0,0,'1975-05-16 08:27:46','2017-07-05 05:31:48'),(22,22,22,'ipsum','Alice\'s, and they lived at the end.\' \'If you knew Time as well as the other.\' As soon as she left her, leaning her head was so long that they must be what he did with the lobsters, out to sea!\" But.',22,1,1,'1993-10-17 05:01:03','1987-03-07 13:06:24'),(23,23,23,'ut','Alice\'s head. \'Is that all?\' said the Cat, and vanished again. Alice waited patiently until it chose to speak again. In a minute or two she walked sadly down the chimney close above her: then,.',23,0,0,'1990-03-05 14:33:00','2010-05-07 03:14:24'),(24,24,24,'consectetur','While she was playing against herself, for this curious child was very glad she had nothing yet,\' Alice replied thoughtfully. \'They have their tails in their mouths; and the moon, and memory, and.',24,0,1,'1990-03-12 14:39:03','2015-12-02 14:23:42'),(25,25,25,'minus','Come on!\' \'Everybody says \"come on!\" here,\' thought Alice, \'they\'re sure to happen,\' she said to herself \'Suppose it should be raving mad--at least not so mad as it settled down in an offended tone,.',25,1,0,'1987-08-18 21:03:17','1991-04-13 08:07:52'),(26,26,26,'fugiat','Alice, looking down at her feet, they seemed to be sure, this generally happens when one eats cake, but Alice had got burnt, and eaten up by a very decided tone: \'tell her something worth hearing..',26,0,0,'1995-10-10 13:00:42','1972-04-06 04:58:12'),(27,27,27,'fuga','Alice looked at her, and she grew no larger: still it had VERY long claws and a pair of the room. The cook threw a frying-pan after her as she passed; it was all ridges and furrows; the balls were.',27,1,1,'1985-07-06 23:35:33','2005-10-28 16:23:37'),(28,28,28,'non','Alice. \'Oh, don\'t bother ME,\' said the Duchess: \'what a clear way you go,\' said the Caterpillar sternly. \'Explain yourself!\' \'I can\'t help it,\' said Alice, who always took a minute or two, she made.',28,1,1,'1993-11-29 15:55:30','1972-09-27 00:24:27'),(29,29,29,'quo','Turtle--we used to do:-- \'How doth the little--\"\' and she had got its head to feel very sleepy and stupid), whether the blows hurt it or not. \'Oh, PLEASE mind what you\'re doing!\' cried Alice, with a.',29,0,0,'1971-10-28 11:21:43','2020-02-19 15:13:19'),(30,30,30,'qui','Gryphon went on, \'What\'s your name, child?\' \'My name is Alice, so please your Majesty!\' the Duchess to play with, and oh! ever so many different sizes in a very grave voice, \'until all the arches.',30,0,1,'2010-07-19 21:13:24','1977-10-15 16:59:14'),(31,31,31,'veritatis','I should think very likely to eat the comfits: this caused some noise and confusion, as the Dormouse denied nothing, being fast asleep. \'After that,\' continued the Gryphon. \'Of course,\' the Dodo.',31,0,0,'2001-05-05 19:03:37','1971-01-05 04:12:10'),(32,32,32,'et','Dodo solemnly presented the thimble, saying \'We beg your pardon!\' she exclaimed in a low, weak voice. \'Now, I give you fair warning,\' shouted the Queen in front of the same solemn tone, \'For the.',32,0,0,'1984-06-29 19:02:15','1987-02-17 22:45:22'),(33,33,33,'tempore','Was kindly permitted to pocket the spoon: While the Duchess said after a pause: \'the reason is, that there\'s any one of its voice. \'Back to land again, and put it into his cup of tea, and looked at.',33,1,1,'1999-06-28 08:36:33','2013-12-22 00:54:16'),(34,34,34,'porro','He was an old Crab took the cauldron of soup off the fire, licking her paws and washing her face--and she is of mine, the less there is of mine, the less there is of finding morals in things!\' Alice.',34,0,1,'1996-04-18 17:41:18','1996-10-11 10:31:05'),(35,35,35,'earum','Mouse with an air of great relief. \'Now at OURS they had a door leading right into a line along the course, here and there. There was not otherwise than what it was: she was now more than that, if.',35,0,0,'1976-10-25 07:07:20','1972-10-31 04:04:31'),(36,36,36,'voluptas','They are waiting on the twelfth?\' Alice went timidly up to her ear, and whispered \'She\'s under sentence of execution.\' \'What for?\' said Alice. \'Why not?\' said the Mock Turtle, and to her lips. \'I.',36,1,0,'1988-06-20 07:25:58','1978-03-04 23:07:15'),(37,37,37,'incidunt','CHAPTER IV. The Rabbit Sends in a dreamy sort of idea that they would call after her: the last few minutes, and she put one arm out of the way out of its mouth, and addressed her in a hurry that she.',37,0,0,'2008-05-10 05:54:38','1973-05-19 21:03:26'),(38,38,38,'voluptatem','Alice, \'or perhaps they won\'t walk the way down one side and up I goes like a serpent. She had quite forgotten the little thing grunted in reply (it had left off quarrelling with the next thing was.',38,0,1,'2003-07-25 21:32:14','2014-02-27 12:59:46'),(39,39,39,'tempore','Hardly knowing what she was beginning very angrily, but the cook till his eyes were nearly out of it, and they can\'t prove I did: there\'s no room to grow here,\' said the King, \'or I\'ll have you.',39,0,1,'1994-09-13 19:51:31','2009-01-13 07:03:21'),(40,40,40,'dolor','But said I could not be denied, so she began looking at the Hatter, and, just as I used--and I don\'t believe it,\' said Alice, as she went on. \'Would you like the three gardeners, but she stopped.',40,0,0,'1972-09-01 06:16:43','1974-09-04 22:54:44'),(41,41,41,'id','I used to come before that!\' \'Call the first question, you know.\' \'Not at all,\' said Alice: \'three inches is such a nice soft thing to nurse--and she\'s such a neck as that! No, no! You\'re a serpent;.',41,1,0,'2009-12-07 03:35:07','1974-05-19 11:54:00'),(42,42,42,'fugit','Alice heard the Rabbit began. Alice gave a look askance-- Said he thanked the whiting kindly, but he could go. Alice took up the fan she was peering about anxiously among the people that walk with.',42,0,1,'1987-12-04 03:00:26','2019-09-07 00:26:48'),(43,43,43,'quae','The first witness was the fan and a large caterpillar, that was trickling down his face, as long as you are; secondly, because she was now the right height to rest herself, and nibbled a little.',43,1,0,'1990-01-03 15:29:13','1994-07-22 20:57:58'),(44,44,44,'iure','Some of the gloves, and she jumped up in such long curly brown hair! And it\'ll fetch things when you throw them, and considered a little sharp bark just over her head in the wood, \'is to grow to my.',44,1,1,'1978-11-27 22:32:29','1975-06-09 18:53:08'),(45,45,45,'distinctio','Puss,\' she began, rather timidly, saying to herself \'It\'s the thing yourself, some winter day, I will just explain to you never tasted an egg!\' \'I HAVE tasted eggs, certainly,\' said Alice, looking.',45,0,1,'2010-11-12 20:55:42','2019-06-22 08:09:19'),(46,46,46,'expedita','I ever saw in my kitchen AT ALL. Soup does very well without--Maybe it\'s always pepper that had made out the Fish-Footman was gone, and, by the carrier,\' she thought; \'and how funny it\'ll seem to.',46,0,0,'1979-09-17 21:05:08','1995-03-01 02:43:10'),(47,47,47,'velit','Hatter began, in a voice she had brought herself down to her great delight it fitted! Alice opened the door with his tea spoon at the other, and growing sometimes taller and sometimes shorter, until.',47,1,1,'1976-05-18 18:59:28','1992-03-02 20:38:23'),(48,48,48,'saepe','Mock Turtle yet?\' \'No,\' said Alice. \'Why, there they are!\' said the sage, as he could think of any one; so, when the White Rabbit. She was walking hand in her hand, and made believe to worry it;.',48,1,0,'1998-12-09 20:47:33','2009-12-03 01:50:33'),(49,49,49,'veritatis','There was nothing so VERY nearly at the mushroom for a minute or two, they began running about in a great deal to ME,\' said Alice to herself. \'I dare say you\'re wondering why I don\'t like them!\'.',49,1,0,'1985-02-03 05:40:39','1977-08-11 17:48:49'),(50,50,50,'voluptates','King sharply. \'Do you mean that you have to beat time when I sleep\" is the capital of Rome, and Rome--no, THAT\'S all wrong, I\'m certain! I must have got altered.\' \'It is a very long silence, broken.',50,1,0,'2008-12-07 21:25:13','1994-02-20 15:19:25'),(51,51,51,'non','I am now? That\'ll be a person of authority over Alice. \'Stand up and throw us, with the game,\' the Queen put on his spectacles and looked at each other for some time without interrupting it. \'They.',51,0,0,'1998-07-18 04:16:12','1974-06-15 23:17:56'),(52,52,52,'ea','Alice said nothing; she had gone through that day. \'A likely story indeed!\' said the Mock Turtle had just begun to dream that she did so, very carefully, with one elbow against the roof bear?--Mind.',52,0,1,'2018-06-19 13:56:32','2014-12-16 03:45:11'),(53,53,53,'aliquam','Indeed, she had read several nice little histories about children who had been (Before she had brought herself down to her full size by this time, and was looking down with one finger for the pool.',53,0,0,'1983-06-02 23:40:18','2017-08-06 16:32:39'),(54,54,54,'repudiandae','SOME change in my kitchen AT ALL. Soup does very well without--Maybe it\'s always pepper that makes the world you fly, Like a tea-tray in the sea. But they HAVE their tails fast in their mouths--and.',54,0,1,'2010-11-01 15:42:36','1972-02-22 09:55:22'),(55,55,55,'expedita','Queen in a deep voice, \'What are you thinking of?\' \'I beg pardon, your Majesty,\' said Two, in a minute or two the Caterpillar sternly. \'Explain yourself!\' \'I can\'t go no lower,\' said the White.',55,1,0,'1990-01-01 02:04:15','2013-11-12 07:33:39'),(56,56,56,'excepturi','How puzzling all these strange Adventures of hers that you couldn\'t cut off a head could be NO mistake about it: it was talking in a deep sigh, \'I was a large cat which was a sound of a tree. By the.',56,1,0,'2020-04-20 12:46:04','1984-10-28 23:45:17'),(57,57,57,'a','I got up this morning, but I think that will be the right distance--but then I wonder if I must, I must,\' the King said, for about the crumbs,\' said the Cat, as soon as the door and went stamping.',57,0,0,'2008-04-10 13:32:15','2013-06-07 03:50:45'),(58,58,58,'aliquid','Gryphon repeated impatiently: \'it begins \"I passed by his face only, she would feel very queer to ME.\' \'You!\' said the White Rabbit read out, at the bottom of a muchness?\' \'Really, now you ask me,\'.',58,1,1,'2013-08-29 12:07:42','1989-12-08 04:32:32'),(59,59,59,'enim','The first witness was the Duchess\'s voice died away, even in the last words out loud, and the Queen, but she did not much surprised at her own children. \'How should I know?\' said Alice, and looking.',59,0,1,'1984-06-03 12:29:44','2017-03-29 05:21:56'),(60,60,60,'nobis','Gryphon repeated impatiently: \'it begins \"I passed by his face only, she would manage it. \'They must go by the time she found herself lying on the top with its wings. \'Serpent!\' screamed the.',60,0,0,'2010-06-27 09:13:10','1971-09-17 18:29:35'),(61,61,61,'nesciunt','Hatter: and in a mournful tone, \'he won\'t do a thing I know. Silence all round, if you were INSIDE, you might like to try the experiment?\' \'HE might bite,\' Alice cautiously replied: \'but I haven\'t.',61,0,1,'1981-11-17 12:36:46','2012-11-18 04:22:26'),(62,62,62,'cupiditate','King. \'It began with the dream of Wonderland of long ago: and how she would have this cat removed!\' The Queen smiled and passed on. \'Who ARE you doing out here? Run home this moment, and fetch me a.',62,0,1,'2020-03-22 11:07:13','1973-12-09 11:03:24'),(63,63,63,'et','Just as she spoke; \'either you or your head must be removed,\' said the Gryphon repeated impatiently: \'it begins \"I passed by his garden.\"\' Alice did not see anything that had made out that the cause.',63,1,0,'1981-09-27 15:52:15','1991-03-25 18:58:05'),(64,64,64,'ut','Alice, (she had kept a piece of it had no very clear notion how long ago anything had happened.) So she swallowed one of the wood to listen. The Fish-Footman began by producing from under his arm a.',64,1,0,'1981-11-02 09:54:42','1996-12-19 18:25:10'),(65,65,65,'natus','Alice sharply, for she was looking down at her own mind (as well as she went round the table, half hoping that the best plan.\' It sounded an excellent plan, no doubt, and very soon found out that.',65,1,0,'1990-12-10 03:32:01','1998-01-12 02:38:57'),(66,66,66,'inventore','The executioner\'s argument was, that her shoulders were nowhere to be listening, so she went round the hall, but they were getting so far off). \'Oh, my poor hands, how is it twelve? I--\' \'Oh, don\'t.',66,0,1,'1972-06-16 09:35:05','1982-05-02 22:06:20'),(67,67,67,'consectetur','Mock Turtle sighed deeply, and drew the back of one flapper across his eyes. \'I wasn\'t asleep,\' he said in a mournful tone, \'he won\'t do a thing as \"I sleep when I find a number of cucumber-frames.',67,1,0,'2013-07-08 19:51:46','2013-06-10 00:10:16'),(68,68,68,'aliquid','Drawling, Stretching, and Fainting in Coils.\' \'What was THAT like?\' said Alice. \'I\'ve so often read in the last words out loud, and the turtles all advance! They are waiting on the floor: in another.',68,1,1,'1989-12-07 22:30:18','1973-03-20 11:33:36'),(69,69,69,'ratione','Number One,\' said Alice. \'Why, SHE,\' said the Dormouse. \'Fourteenth of March, I think it would all come wrong, and she could not be denied, so she began shrinking directly. As soon as she ran. \'How.',69,0,0,'1975-01-13 20:48:45','1988-07-30 04:04:39'),(70,70,70,'illum','King said gravely, \'and go on till you come to the Dormouse, and repeated her question. \'Why did you call him Tortoise--\' \'Why did you do lessons?\' said Alice, feeling very curious sensation, which.',70,1,1,'1996-02-22 06:16:08','2009-03-24 16:34:33'),(71,71,71,'consequatur','Alice soon began talking again. \'Dinah\'ll miss me very much confused, \'I don\'t know what they\'re about!\' \'Read them,\' said the cook. \'Treacle,\' said the Dodo had paused as if he would deny it too:.',71,0,1,'2018-06-19 08:06:30','2013-12-27 05:32:09'),(72,72,72,'similique','I THINK; or is it I can\'t remember,\' said the Dodo, pointing to Alice with one eye, How the Owl had the best of educations--in fact, we went to work very diligently to write with one elbow against.',72,1,1,'2003-08-26 18:18:38','2016-05-01 02:49:11'),(73,73,73,'blanditiis','Alice; \'I can\'t remember things as I used--and I don\'t think,\' Alice went on growing, and growing, and very nearly in the court!\' and the Queen to-day?\' \'I should like it very hard indeed to make.',73,1,1,'2002-11-25 21:40:32','2001-11-16 13:19:05'),(74,74,74,'repellat','Oh, how I wish you wouldn\'t keep appearing and vanishing so suddenly: you make one repeat lessons!\' thought Alice; but she did it at all; and I\'m sure I have to whisper a hint to Time, and round.',74,0,1,'2010-01-31 13:58:30','1996-11-01 07:23:42'),(75,75,75,'dignissimos','WOULD go with the Queen, and in a hoarse growl, \'the world would go through,\' thought poor Alice, \'to pretend to be listening, so she went on, \'that they\'d let Dinah stop in the other. \'I beg your.',75,1,0,'1989-11-17 17:48:04','2010-06-13 06:30:42'),(76,76,76,'excepturi','I\'ll try if I like being that person, I\'ll come up: if not, I\'ll stay down here! It\'ll be no chance of her knowledge. \'Just think of anything to say, she simply bowed, and took the place where it.',76,0,0,'1985-06-11 08:23:43','2021-04-11 21:41:03'),(77,77,77,'et','The Queen turned crimson with fury, and, after folding his arms and legs in all directions, tumbling up against each other; however, they got thrown out to sea!\" But the insolence of his tail. \'As.',77,0,1,'2018-11-27 17:49:35','1995-09-14 18:28:33'),(78,78,78,'eaque','I only wish it was,\' said the Dormouse, who seemed ready to talk nonsense. The Queen\'s argument was, that you have just been picked up.\' \'What\'s in it?\' said the Mock Turtle went on. Her listeners.',78,1,1,'1987-08-10 23:57:48','2012-11-29 07:41:18'),(79,79,79,'quas','And so she sat down a very fine day!\' said a sleepy voice behind her. \'Collar that Dormouse,\' the Queen was silent. The King and the bright eager eyes were nearly out of its mouth, and addressed her.',79,1,0,'2013-04-02 02:56:22','2000-07-28 23:09:01'),(80,80,80,'voluptas','HAVE tasted eggs, certainly,\' said Alice, \'how am I to get out at the moment, \'My dear! I wish you wouldn\'t keep appearing and vanishing so suddenly: you make one quite giddy.\' \'All right,\' said the.',80,0,1,'2004-10-24 04:17:41','1993-11-17 22:07:45'),(81,81,81,'quae','Mock Turtle went on again:-- \'I didn\'t know it was the only difficulty was, that her idea of having nothing to what I like\"!\' \'You might just as usual. \'Come, there\'s no use their putting their.',81,1,0,'1998-03-25 01:38:18','1989-10-03 03:13:01'),(82,82,82,'non','Alice replied in a low, hurried tone. He looked at it gloomily: then he dipped it into one of the ground.\' So she stood watching them, and just as she could, for the hot day made her next remark..',82,0,0,'2000-01-14 06:30:44','1996-06-28 22:56:24'),(83,83,83,'rerum','Mock Turtle, \'but if they do, why then they\'re a kind of sob, \'I\'ve tried the effect of lying down on the other arm curled round her at the window.\' \'THAT you won\'t\' thought Alice, \'it\'ll never do.',83,0,1,'1984-08-29 00:20:16','1976-12-23 09:05:34'),(84,84,84,'quos','Dormouse, without considering at all the party sat silent and looked at the Cat\'s head with great curiosity. \'It\'s a friend of mine--a Cheshire Cat,\' said Alice: \'allow me to him: She gave me a pair.',84,1,0,'1988-04-06 19:27:26','1978-11-01 23:29:51'),(85,85,85,'repellendus','CHAPTER X. The Lobster Quadrille The Mock Turtle repeated thoughtfully. \'I should like to go down the bottle, she found that it was quite impossible to say anything. \'Why,\' said the Duchess; \'and.',85,0,0,'2004-11-18 18:45:13','1983-06-12 00:05:34'),(86,86,86,'dolor','Cat in a few minutes she heard was a large ring, with the distant sobs of the others all joined in chorus, \'Yes, please do!\' but the three gardeners instantly threw themselves flat upon their faces,.',86,1,1,'2003-09-22 17:16:46','1976-12-31 23:53:09'),(87,87,87,'debitis','I wonder?\' And here Alice began in a hurry. \'No, I\'ll look first,\' she said, \'for her hair goes in such a thing as \"I get what I say,\' the Mock Turtle, and said to the confused clamour of the doors.',87,0,1,'2007-11-29 01:59:20','2018-10-27 14:40:51'),(88,88,88,'est','Mock Turtle went on. \'Would you like the look of the guinea-pigs cheered, and was just going to say,\' said the Gryphon, before Alice could not join the dance? Will you, won\'t you, will you join the.',88,0,0,'2001-09-25 10:24:55','2010-07-02 16:16:12'),(89,89,89,'voluptatibus','Alice, (she had grown to her very earnestly, \'Now, Dinah, tell me your history, you know,\' Alice gently remarked; \'they\'d have been changed for any of them. \'I\'m sure I\'m not Ada,\' she said, by way.',89,0,1,'1979-01-01 15:53:19','2008-05-30 03:52:08'),(90,90,90,'nostrum','King, rubbing his hands; \'so now let the jury--\' \'If any one of the same thing a bit!\' said the King, the Queen, pointing to the whiting,\' said the young Crab, a little pattering of footsteps in the.',90,0,0,'1977-10-15 20:19:11','1980-01-23 06:29:16'),(91,91,91,'inventore','Queen, tossing her head was so much at this, that she had read about them in books, and she trembled till she was out of the same thing a bit!\' said the King. (The jury all looked so good, that it.',91,0,1,'2009-04-09 14:39:27','1993-05-31 19:25:11'),(92,92,92,'quam','Bill had left off writing on his spectacles and looked very uncomfortable. The moment Alice felt so desperate that she hardly knew what she did, she picked her way into that lovely garden. First,.',92,0,0,'1979-02-17 16:03:18','1978-06-05 09:47:08'),(93,93,93,'voluptate','King, who had spoken first. \'That\'s none of YOUR business, Two!\' said Seven. \'Yes, it IS his business!\' said Five, \'and I\'ll tell him--it was for bringing the cook till his eyes were looking up into.',93,0,1,'2015-01-11 23:52:29','2018-12-10 21:38:42'),(94,94,94,'sint','Alice hastily; \'but I\'m not looking for it, while the rest were quite dry again, the Dodo solemnly, rising to its feet, ran round the rosetree; for, you see, Miss, we\'re doing our best, afore she.',94,1,1,'1985-01-04 04:03:38','1995-11-02 22:06:12'),(95,95,95,'est','Mouse had changed his mind, and was going to say,\' said the March Hare said in a loud, indignant voice, but she gained courage as she went down to look for her, and said, very gravely, \'I think, you.',95,1,1,'1990-10-08 19:24:48','1981-09-19 05:03:55'),(96,96,96,'nam','The jury all wrote down all three to settle the question, and they went on without attending to her, though, as they lay on the stairs. Alice knew it was as steady as ever; Yet you balanced an eel.',96,0,0,'1991-05-01 15:11:56','1991-12-12 08:28:39'),(97,97,97,'est','Edwin and Morcar, the earls of Mercia and Northumbria--\"\' \'Ugh!\' said the Queen, and Alice could see, when she first saw the White Rabbit, who said in a Little Bill It was the BEST butter, you.',97,1,1,'1978-06-06 10:49:32','2011-04-21 11:07:46'),(98,98,98,'in','Prizes!\' Alice had never had fits, my dear, YOU must cross-examine THIS witness.\' \'Well, if I like being that person, I\'ll come up: if not, I\'ll stay down here! It\'ll be no doubt that it might be.',98,0,1,'2007-10-24 13:16:31','1981-03-21 17:05:56'),(99,99,99,'amet','YOU?\' Which brought them back again to the end of your nose-- What made you so awfully clever?\' \'I have answered three questions, and that if something wasn\'t done about it while the Mock Turtle.',99,1,1,'1972-04-19 03:02:06','1987-06-12 05:18:21'),(100,100,100,'aperiam','Gryphon, \'she wants for to know what they\'re like.\' \'I believe so,\' Alice replied very readily: \'but that\'s because it stays the same size for going through the doorway; \'and even if I was, I.',100,0,0,'1980-11-14 14:52:13','2016-07-31 15:06:14');
/*!40000 ALTER TABLE `posts` ENABLE KEYS */;
UNLOCK TABLES;

--
-- Table structure for table `profiles`
--

DROP TABLE IF EXISTS `profiles`;
/*!40101 SET @saved_cs_client     = @@character_set_client */;
/*!50503 SET character_set_client = utf8mb4 */;
CREATE TABLE `profiles` (
  `user_id` int unsigned NOT NULL COMMENT '╨б╤Б╤Л╨╗╨║╨░ ╨╜╨░ ╨┐╨╛╨╗╤М╨╖╨╛╨▓╨░╤В╨╡╨╗╤П',
  `gender` char(1) CHARACTER SET utf8mb4 COLLATE utf8mb4_unicode_ci NOT NULL COMMENT '╨Я╨╛╨╗',
  `birthday` date DEFAULT NULL COMMENT '╨Ф╨░╤В╨░ ╤А╨╛╨╢╨┤╨╡╨╜╨╕╤П',
  `city` varchar(130) CHARACTER SET utf8mb4 COLLATE utf8mb4_unicode_ci DEFAULT NULL COMMENT '╨У╨╛╤А╨╛╨┤ ╨┐╤А╨╛╨╢╨╕╨▓╨░╨╜╨╕╤П',
  `country` varchar(130) CHARACTER SET utf8mb4 COLLATE utf8mb4_unicode_ci DEFAULT NULL COMMENT '╨б╤В╤А╨░╨╜╨░ ╨┐╤А╨╛╨╢╨╕╨▓╨░╨╜╨╕╤П',
  `last_login` datetime DEFAULT NULL COMMENT '╨Я╨╛╤Б╨╗╨╡╨┤╨╜╨╕╨╣ ╨▓╤Е╨╛╨┤ ╨▓ ╤Б╨╕╤Б╤В╨╡╨╝╤Г',
  `created_at` datetime DEFAULT CURRENT_TIMESTAMP COMMENT '╨Т╤А╨╡╨╝╤П ╤Б╨╛╨╖╨┤╨░╨╜╨╕╤П ╤Б╤В╤А╨╛╨║╨╕',
  `updated_at` datetime DEFAULT CURRENT_TIMESTAMP ON UPDATE CURRENT_TIMESTAMP COMMENT '╨Т╤А╨╡╨╝╤П ╨╛╨▒╨╜╨╛╨▓╨╗╨╡╨╜╨╕╤П ╤Б╤В╤А╨╛╨║╨╕',
  PRIMARY KEY (`user_id`),
  CONSTRAINT `profiles_user_id_fk` FOREIGN KEY (`user_id`) REFERENCES `users` (`id`) ON DELETE CASCADE
) ENGINE=InnoDB DEFAULT CHARSET=utf8mb4 COLLATE=utf8mb4_unicode_ci COMMENT='╨Я╤А╨╛╤Д╨╕╨╗╨╕';
/*!40101 SET character_set_client = @saved_cs_client */;

--
-- Dumping data for table `profiles`
--

LOCK TABLES `profiles` WRITE;
/*!40000 ALTER TABLE `profiles` DISABLE KEYS */;
INSERT INTO `profiles` VALUES (1,'m','1975-07-16','Jarredport','Brunei Darussalam','2014-10-30 04:53:54','2017-11-18 03:38:53','2020-07-16 05:49:39'),(2,'m','2003-08-18','Port Lia','Ethiopia','2020-04-24 07:25:55','2014-05-18 17:42:02','2016-11-29 19:00:56'),(3,'m','2015-01-31','West Nico','Mauritius','2014-09-12 10:27:39','2019-11-27 18:21:03','2021-04-15 09:58:39'),(4,'m','2018-01-06','East Keon','New Zealand','2020-06-17 03:37:33','2019-05-24 18:01:35','2019-07-25 05:03:55'),(5,'m','2020-01-23','Lake Cecelia','United States of America','2012-06-20 21:56:25','2012-02-04 07:27:35','2015-09-30 08:42:44'),(6,'m','2019-03-27','Ortizbury','Martinique','2018-07-25 10:33:32','2015-02-18 05:10:59','2016-05-11 02:55:32'),(7,'m','1993-08-15','South Dexterhaven','Spain','2014-11-25 21:29:37','2013-05-02 16:08:03','2021-04-15 09:58:39'),(8,'m','2009-09-17','Kristaberg','Bhutan','2013-10-07 09:14:32','2015-10-05 02:29:32','2015-11-06 14:33:51'),(9,'m','2003-08-09','South Gabrielhaven','Vietnam','2015-03-22 19:07:00','2015-05-18 01:50:19','2021-04-15 09:58:39'),(10,'f','1994-05-06','McLaughlinstad','Norfolk Island','2016-09-22 03:53:02','2018-02-01 16:15:05','2019-07-03 03:38:47'),(11,'f','2015-09-13','North Gerardomouth','Malaysia','2018-02-10 20:43:54','2011-06-08 00:43:45','2016-07-14 11:18:10'),(12,'m','1996-02-28','East Aleen','Reunion','2013-01-18 07:35:03','2015-02-28 11:57:13','2015-03-14 19:25:30'),(13,'f','1998-09-14','Lake Markusside','Bahamas','2019-08-19 18:31:28','2014-02-07 00:58:12','2015-06-02 23:37:20'),(14,'f','1978-09-07','Marjoryfort','Colombia','2015-02-16 19:16:30','2013-11-04 16:17:57','2015-07-15 14:23:32'),(15,'f','1982-02-19','New Cierramouth','India','2013-11-14 10:33:03','2017-05-07 06:17:46','2021-04-15 09:58:39'),(16,'f','1979-10-05','Corrinechester','Nigeria','2016-04-09 05:03:23','2014-08-13 04:29:06','2021-04-15 09:58:39'),(17,'f','2000-10-31','Balistreriview','Benin','2014-04-16 20:38:16','2013-03-23 23:30:19','2021-04-15 09:58:39'),(18,'f','1990-05-03','Ornberg','Mayotte','2017-12-17 06:17:28','2012-11-11 04:40:26','2021-04-15 09:58:39'),(19,'f','1987-05-19','North Aliceburgh','Djibouti','2016-08-05 20:05:33','2019-09-25 20:53:51','2021-04-15 09:58:39'),(20,'f','2010-07-08','Julieborough','Bulgaria','2016-12-11 07:17:04','2015-07-31 23:34:54','2020-09-16 14:59:25'),(21,'m','1989-12-25','Kellenbury','Japan','2015-10-17 10:42:15','2017-10-14 04:50:25','2021-04-15 09:58:39'),(22,'f','2004-05-20','Leschville','Belgium','2019-10-20 13:38:32','2019-05-30 09:12:45','2021-04-15 09:58:39'),(23,'m','2011-04-22','Port Jamison','Albania','2012-04-04 14:04:45','2015-05-24 22:54:03','2021-03-04 15:24:28'),(24,'m','1984-05-05','Rutherfordland','Italy','2019-04-25 16:13:58','2015-04-01 00:29:26','2018-06-26 11:02:05'),(25,'m','1988-12-03','Onieland','Bolivia','2016-06-04 08:29:07','2018-07-17 20:08:13','2021-04-15 09:58:39'),(26,'f','1979-10-18','Murphyfort','New Zealand','2017-03-14 02:05:59','2013-10-06 10:48:27','2021-04-15 09:58:39'),(27,'f','1987-05-22','North Lyric','Seychelles','2014-07-05 01:28:28','2014-07-16 19:25:48','2016-03-16 01:34:39'),(28,'f','1977-12-16','North Tressie','Uzbekistan','2011-07-06 07:33:09','2019-06-25 18:54:21','2020-06-13 16:48:18'),(29,'m','1970-05-12','Sadieborough','Turkmenistan','2019-11-29 11:58:52','2015-02-26 11:54:21','2018-03-09 07:25:58'),(30,'f','1975-08-14','North Francesca','Zambia','2017-09-08 04:19:00','2018-10-21 00:24:46','2021-04-15 09:58:39'),(31,'f','2006-10-25','East Olliestad','Western Sahara','2019-07-01 14:48:21','2020-11-30 17:53:49','2021-04-15 09:58:39'),(32,'m','2005-01-20','Murphyport','Norfolk Island','2021-04-12 18:55:23','2013-12-28 12:08:48','2015-01-27 02:07:40'),(33,'f','1970-11-06','New Bruce','Liechtenstein','2015-05-16 21:32:22','2019-12-31 00:34:03','2021-04-15 09:58:39'),(34,'m','2013-08-16','Damarisview','Cyprus','2016-01-03 15:18:54','2017-12-31 04:05:27','2021-04-15 09:58:39'),(35,'f','2007-09-28','East Erich','Belize','2011-12-17 04:53:01','2019-09-18 17:57:06','2021-04-15 09:58:39'),(36,'f','1984-04-05','Sonyaburgh','Tokelau','2014-02-25 23:32:47','2012-09-29 01:28:42','2014-01-22 06:10:56'),(37,'f','2014-12-17','North Angelitahaven','Iceland','2020-08-17 04:14:19','2019-12-22 11:25:18','2021-04-15 09:58:39'),(38,'f','1978-05-13','South Billy','Spain','2015-11-29 01:29:41','2016-06-06 12:27:34','2021-04-15 09:58:39'),(39,'m','2008-10-02','Kovacekfort','Philippines','2015-11-09 21:17:06','2018-04-13 19:28:41','2021-04-15 09:58:39'),(40,'m','1993-07-04','Port Lilian','Bulgaria','2014-10-11 15:41:21','2016-09-14 11:08:00','2021-04-15 09:58:39'),(41,'f','2006-01-06','Audiechester','Haiti','2014-11-11 02:08:18','2020-04-10 11:04:30','2021-04-15 09:58:39'),(42,'f','1970-12-25','Beierland','Egypt','2018-05-12 00:06:11','2015-10-24 06:08:14','2020-07-18 09:57:42'),(43,'f','2014-08-11','Jonesside','Montenegro','2018-07-05 23:09:45','2013-06-11 19:59:52','2021-04-15 09:58:39'),(44,'f','2007-05-23','Annabeltown','Monaco','2020-07-15 18:48:54','2014-04-22 23:34:35','2021-04-15 09:58:39'),(45,'f','2015-04-02','South Bethanybury','Guinea-Bissau','2019-10-09 02:02:52','2014-08-27 00:06:07','2021-04-15 09:58:39'),(46,'m','1998-11-22','Bechtelartown','Liechtenstein','2018-11-22 09:00:49','2021-01-12 02:45:46','2021-04-15 09:58:39'),(47,'f','1992-08-09','Quigleyburgh','Turkey','2011-07-13 19:40:49','2012-06-26 15:30:59','2013-05-21 16:04:15'),(48,'f','1973-08-13','East Edwinbury','Libyan Arab Jamahiriya','2012-07-25 04:01:32','2014-12-14 15:08:11','2021-04-15 09:58:39'),(49,'f','2005-10-22','Josephinefort','Luxembourg','2015-08-05 13:47:53','2019-09-12 04:25:07','2021-04-15 09:58:39'),(50,'m','1970-12-13','East Hermann','Nauru','2012-05-04 06:38:23','2012-09-12 01:36:33','2016-09-28 00:40:22'),(51,'m','1998-02-07','Camylleview','Uganda','2013-03-28 05:28:52','2012-01-24 14:34:58','2014-02-16 13:58:27'),(52,'m','1995-10-04','East Hiltonborough','Spain','2011-07-19 08:29:58','2012-10-23 19:15:11','2019-03-25 04:00:55'),(53,'f','1982-10-18','Port Mazie','Western Sahara','2013-12-13 16:31:53','2015-12-15 22:38:08','2020-09-19 11:52:15'),(54,'f','2000-10-02','South Elta','Colombia','2014-07-17 06:41:11','2013-09-24 22:44:23','2016-09-26 05:04:39'),(55,'m','2015-05-31','Lake Alejandra','Greece','2016-09-28 00:19:29','2019-07-22 05:50:28','2021-04-15 09:58:39'),(56,'m','1979-01-19','Port Adriel','Martinique','2017-02-11 07:21:47','2014-10-03 22:51:57','2021-04-15 09:58:39'),(57,'f','2011-01-19','East Maximillian','British Virgin Islands','2021-02-20 21:59:34','2019-01-11 13:50:52','2021-04-15 09:58:39'),(58,'f','2012-05-24','Keanuport','Kiribati','2017-09-26 08:08:53','2016-08-17 09:30:10','2021-04-15 09:58:39'),(59,'f','2005-07-21','South Syble','Malawi','2017-12-07 19:21:51','2017-05-11 14:21:08','2021-04-15 09:58:39'),(60,'f','2010-01-12','East Frederic','Tonga','2019-12-25 12:15:15','2016-08-14 17:30:39','2021-04-15 09:58:39'),(61,'m','1971-08-14','Dayanamouth','Burundi','2012-11-17 00:25:36','2017-11-12 11:38:45','2021-04-15 09:58:39'),(62,'f','1990-04-13','Jordyberg','Cape Verde','2017-11-24 22:46:09','2013-08-27 22:16:18','2017-05-10 13:45:10'),(63,'f','2009-08-01','North Scottie','Antigua and Barbuda','2018-10-28 07:05:47','2019-01-09 08:07:18','2021-04-15 09:58:39'),(64,'f','2007-04-15','Lake Breannastad','Western Sahara','2017-01-28 07:24:42','2019-11-18 11:05:20','2021-04-15 09:58:39'),(65,'f','1983-03-18','New Jorgeview','Liberia','2011-11-18 16:59:44','2012-03-04 11:40:27','2018-02-16 09:14:27'),(66,'f','2012-03-15','South Alicia','Cuba','2011-08-03 19:17:02','2020-02-21 03:43:12','2021-04-15 09:58:39'),(67,'m','1977-01-23','New Genesisfort','Guadeloupe','2013-09-15 23:30:47','2014-07-16 18:29:43','2021-04-15 09:58:39'),(68,'m','2010-08-23','Lake Carlofort','Suriname','2020-12-16 10:06:04','2013-05-17 00:16:18','2021-04-15 09:58:39'),(69,'m','2012-05-09','East Kurtis','Yemen','2013-12-19 11:37:31','2014-11-27 13:54:33','2020-12-14 08:45:16'),(70,'f','1989-12-03','Langbury','United Kingdom','2021-03-03 21:56:06','2016-12-20 02:44:37','2021-04-15 09:58:39'),(71,'m','1992-05-01','New Elna','Burundi','2016-10-14 21:02:20','2013-01-29 14:55:05','2013-11-18 06:32:35'),(72,'f','2021-04-03','East Lauriane','Burundi','2014-12-02 03:34:11','2015-09-06 17:27:49','2021-04-15 09:58:39'),(73,'f','1975-07-09','New Otho','Angola','2017-12-18 20:06:10','2014-08-29 14:46:29','2021-04-15 09:58:39'),(74,'f','2003-05-02','Kobytown','Pitcairn Islands','2015-06-22 07:51:21','2018-02-03 08:10:04','2021-04-15 09:58:39'),(75,'m','1980-06-03','East Clara','Swaziland','2017-03-26 23:43:05','2016-05-08 17:37:06','2021-04-15 09:58:39'),(76,'m','1981-08-13','Hilmaside','Uzbekistan','2016-03-16 18:38:06','2011-11-30 17:48:58','2012-07-12 18:54:43'),(77,'f','1995-02-14','Moisesfort','Qatar','2015-11-22 03:06:44','2017-06-14 22:42:59','2021-04-15 09:58:39'),(78,'m','1997-10-05','New Caitlyn','Madagascar','2016-12-24 15:21:47','2011-09-26 01:37:17','2018-03-04 17:51:20'),(79,'m','1977-03-25','East Fleta','Angola','2016-07-23 17:33:09','2020-09-13 15:41:56','2021-04-15 09:58:39'),(80,'f','2011-04-15','North Taylor','Guadeloupe','2012-07-21 08:22:57','2011-10-25 00:25:24','2019-02-05 05:43:02'),(81,'f','2003-05-31','Smithfort','Swaziland','2014-11-19 04:28:42','2021-01-28 14:44:11','2021-04-15 09:58:39'),(82,'f','2006-11-10','Handchester','Burundi','2019-10-05 04:44:22','2019-11-24 07:43:09','2021-04-15 09:58:39'),(83,'f','1990-07-22','New Aaron','Russian Federation','2013-07-17 23:33:52','2017-04-29 11:46:15','2021-04-15 09:58:39'),(84,'m','1985-07-10','Osinskibury','Mozambique','2019-05-19 21:47:17','2019-06-05 15:17:11','2021-04-15 09:58:39'),(85,'f','2003-10-25','Farrellberg','El Salvador','2014-09-01 02:31:37','2012-04-10 18:24:40','2019-02-16 10:41:50'),(86,'m','2017-10-24','Kuhlmanberg','Iraq','2015-12-29 10:33:49','2017-07-20 09:42:57','2017-11-04 08:51:52'),(87,'m','1980-12-30','Bertramstad','Cape Verde','2012-08-23 22:09:35','2021-04-15 02:11:48','2021-04-15 09:58:39'),(88,'m','2002-03-19','East Ronnyhaven','Serbia','2017-04-11 05:50:02','2015-04-10 03:18:10','2016-02-19 16:56:07'),(89,'f','2009-12-28','East Clementine','Brazil','2013-02-08 20:17:34','2014-07-02 00:52:51','2018-10-07 16:05:45'),(90,'f','1970-09-06','South Chanceland','American Samoa','2013-01-04 23:54:44','2011-09-15 19:09:09','2016-05-09 17:29:45'),(91,'m','1990-02-13','South Rosalindfort','Romania','2013-06-12 11:15:48','2016-06-16 15:31:26','2021-04-15 09:58:39'),(92,'f','1996-04-17','Dollyhaven','Taiwan','2015-05-17 15:05:39','2016-10-19 14:55:48','2021-04-15 09:58:39'),(93,'m','2011-06-09','East Pierrefurt','Norway','2013-06-03 06:31:24','2017-05-25 17:10:19','2021-04-15 09:58:39'),(94,'m','1985-07-17','Emmaleeside','Aruba','2011-11-11 03:37:48','2016-01-19 09:34:17','2021-04-15 09:58:39'),(95,'m','1984-04-22','Moorefort','Heard Island and McDonald Islands','2017-04-23 00:16:14','2017-05-28 06:02:35','2018-03-05 21:31:38'),(96,'f','1983-10-02','New Oral','Monaco','2016-07-31 21:39:54','2011-07-24 14:41:01','2019-01-17 05:47:04'),(97,'f','2018-05-05','West Delfinatown','British Virgin Islands','2020-01-06 07:39:05','2019-10-30 06:08:23','2021-04-15 09:58:39'),(98,'m','1972-10-17','East Gussieside','Latvia','2012-08-28 03:28:29','2017-07-20 03:26:41','2021-04-15 09:58:39'),(99,'f','1986-04-28','South Marcelle','Afghanistan','2016-03-07 05:36:10','2020-01-02 09:20:25','2021-04-15 09:58:39'),(100,'m','2017-05-08','Austynville','Norway','2011-07-07 09:59:59','2018-08-30 05:42:43','2021-04-15 09:58:39');
/*!40000 ALTER TABLE `profiles` ENABLE KEYS */;
UNLOCK TABLES;

--
-- Table structure for table `target_types`
--

DROP TABLE IF EXISTS `target_types`;
/*!40101 SET @saved_cs_client     = @@character_set_client */;
/*!50503 SET character_set_client = utf8mb4 */;
CREATE TABLE `target_types` (
  `id` int unsigned NOT NULL AUTO_INCREMENT,
  `name` varchar(255) NOT NULL,
  `created_at` datetime DEFAULT CURRENT_TIMESTAMP,
  PRIMARY KEY (`id`),
  UNIQUE KEY `name` (`name`)
) ENGINE=InnoDB AUTO_INCREMENT=5 DEFAULT CHARSET=utf8mb4 COLLATE=utf8mb4_0900_ai_ci;
/*!40101 SET character_set_client = @saved_cs_client */;

--
-- Dumping data for table `target_types`
--

LOCK TABLES `target_types` WRITE;
/*!40000 ALTER TABLE `target_types` DISABLE KEYS */;
INSERT INTO `target_types` VALUES (1,'messages','2021-04-15 10:00:46'),(2,'users','2021-04-15 10:00:46'),(3,'media','2021-04-15 10:00:46'),(4,'posts','2021-04-15 10:00:46');
/*!40000 ALTER TABLE `target_types` ENABLE KEYS */;
UNLOCK TABLES;

--
-- Table structure for table `users`
--

DROP TABLE IF EXISTS `users`;
/*!40101 SET @saved_cs_client     = @@character_set_client */;
/*!50503 SET character_set_client = utf8mb4 */;
CREATE TABLE `users` (
  `id` int unsigned NOT NULL AUTO_INCREMENT COMMENT '╨Ш╨┤╨╡╨╜╤В╨╕╤Д╨╕╨║╨░╤В╨╛╤А ╤Б╤В╤А╨╛╨║╨╕',
  `first_name` varchar(100) CHARACTER SET utf8mb4 COLLATE utf8mb4_unicode_ci NOT NULL COMMENT '╨Ш╨╝╤П ╨┐╨╛╨╗╤М╨╖╨╛╨▓╨░╤В╨╡╨╗╤П',
  `last_name` varchar(100) CHARACTER SET utf8mb4 COLLATE utf8mb4_unicode_ci NOT NULL COMMENT '╨д╨░╨╝╨╕╨╗╨╕╤П ╨┐╨╛╨╗╤М╨╖╨╛╨▓╨░╤В╨╡╨╗╤П',
  `email` varchar(100) CHARACTER SET utf8mb4 COLLATE utf8mb4_unicode_ci NOT NULL COMMENT '╨Я╨╛╤З╤В╨░',
  `phone` varchar(100) CHARACTER SET utf8mb4 COLLATE utf8mb4_unicode_ci NOT NULL COMMENT '╨в╨╡╨╗╨╡╤Д╨╛╨╜',
  `created_at` datetime DEFAULT CURRENT_TIMESTAMP COMMENT '╨Т╤А╨╡╨╝╤П ╤Б╨╛╨╖╨┤╨░╨╜╨╕╤П ╤Б╤В╤А╨╛╨║╨╕',
  `updated_at` datetime DEFAULT CURRENT_TIMESTAMP ON UPDATE CURRENT_TIMESTAMP COMMENT '╨Т╤А╨╡╨╝╤П ╨╛╨▒╨╜╨╛╨▓╨╗╨╡╨╜╨╕╤П ╤Б╤В╤А╨╛╨║╨╕',
  PRIMARY KEY (`id`),
  UNIQUE KEY `email` (`email`),
  UNIQUE KEY `phone` (`phone`)
) ENGINE=InnoDB AUTO_INCREMENT=101 DEFAULT CHARSET=utf8mb4 COLLATE=utf8mb4_unicode_ci COMMENT='╨Я╨╛╨╗╤М╨╖╨╛╨▓╨░╤В╨╡╨╗╨╕';
/*!40101 SET character_set_client = @saved_cs_client */;

--
-- Dumping data for table `users`
--

LOCK TABLES `users` WRITE;
/*!40000 ALTER TABLE `users` DISABLE KEYS */;
INSERT INTO `users` VALUES (1,'Samantha','Bergstrom','marisol09@example.org','551-438-2396x684','2017-08-05 09:57:26','2019-04-23 20:30:08'),(2,'Lois','Reynolds','vsatterfield@example.com','1-523-097-0842x9570','2020-11-25 05:44:33','2021-04-15 09:58:34'),(3,'Brenda','Wisozk','turcotte.jonas@example.com','01878747977','2017-10-20 19:40:35','2019-07-17 23:07:16'),(4,'Jaime','Kozey','aritchie@example.net','692.794.3198x234','2012-10-05 19:31:03','2019-02-19 05:52:01'),(5,'Coleman','Dare','kub.jean@example.net','386-998-3496x3195','2016-02-15 13:40:40','2017-07-14 15:42:05'),(6,'Lilla','Kessler','keeling.kaylee@example.com','1-254-264-3340x6647','2017-09-13 16:08:06','2018-03-13 06:43:37'),(7,'Jerrod','Hauck','nyost@example.org','(861)933-3771x57314','2011-06-18 17:27:39','2012-10-30 16:20:53'),(8,'Camren','Ratke','wmarks@example.org','(858)723-0392x9588','2015-08-03 09:08:14','2021-04-15 09:58:34'),(9,'Dexter','Pacocha','eusebio54@example.com','(139)155-9549','2016-03-02 06:36:14','2021-04-15 09:58:34'),(10,'Elisha','Rowe','isporer@example.com','+35(3)0261739972','2017-11-14 14:06:48','2021-04-15 09:58:34'),(11,'Ruthe','Koelpin','demarcus.davis@example.net','1-756-270-1979x7307','2020-03-25 15:27:28','2021-04-15 09:58:34'),(12,'Keara','Ondricka','cooper.cummings@example.org','08668629641','2014-07-18 05:54:11','2021-04-15 09:58:34'),(13,'Ian','Metz','orpha.gleichner@example.com','+75(6)5727810135','2016-02-29 20:33:59','2021-04-15 09:58:34'),(14,'Richie','O\'Reilly','wilburn24@example.com','174.791.5194x9911','2019-04-07 09:19:08','2021-04-15 09:58:34'),(15,'Heather','Hyatt','hmarquardt@example.net','+67(1)9905367784','2013-02-07 03:52:21','2021-04-15 09:58:34'),(16,'Elinor','Murazik','kkerluke@example.com','175-043-5053x52598','2012-09-29 14:09:10','2021-04-15 09:58:34'),(17,'Mason','Schinner','chelsea.olson@example.net','728.898.2988','2020-07-20 14:06:30','2021-04-15 09:58:34'),(18,'Viola','Romaguera','jada84@example.org','196-188-3918x14868','2018-04-04 10:50:47','2021-04-15 09:58:34'),(19,'Tressie','Satterfield','fatima.price@example.org','+10(5)1134266390','2017-09-17 18:43:11','2020-11-04 10:54:29'),(20,'Yolanda','Lesch','maryjane44@example.org','+84(0)0632777020','2011-11-09 19:40:44','2017-02-15 07:40:44'),(21,'Elvis','Fay','norval.russel@example.org','1-440-924-9128','2019-10-05 13:06:18','2021-04-15 09:58:34'),(22,'Garret','Abernathy','carroll.rachelle@example.org','434-457-1398x8329','2019-06-23 14:30:32','2021-04-15 09:58:34'),(23,'Francisco','Williamson','tianna80@example.org','(452)770-4226x579','2013-09-02 02:17:16','2016-09-09 18:29:41'),(24,'Albertha','Sipes','shanna33@example.net','1-494-561-9973x5273','2015-08-04 02:26:19','2017-10-19 03:09:54'),(25,'Jamaal','Orn','destinee.dooley@example.net','840-006-3857x507','2020-07-03 09:12:36','2021-04-15 09:58:34'),(26,'Vita','Dickinson','bridie.auer@example.com','732.234.5143x6095','2015-05-19 21:05:15','2019-02-25 19:51:07'),(27,'Icie','Dickens','gorczany.caroline@example.net','1-016-774-1199','2011-05-22 19:14:06','2013-12-17 18:18:15'),(28,'Harmon','O\'Kon','tabitha.prosacco@example.net','113-093-8743x5222','2012-08-15 20:13:47','2013-01-08 08:39:15'),(29,'Cristina','Nader','conn.corrine@example.org','(907)898-1287x27227','2017-04-26 15:51:31','2018-02-12 04:11:02'),(30,'Aniya','Bruen','danielle64@example.net','067.549.3726x716','2016-08-07 19:00:55','2021-04-15 09:58:34'),(31,'Fannie','Klocko','wehner.dan@example.org','(061)473-3553','2019-11-23 05:18:56','2021-04-15 09:58:34'),(32,'Brook','Bechtelar','narciso02@example.net','+75(8)8905490641','2018-02-04 17:27:54','2018-08-30 03:13:32'),(33,'Demarcus','Rogahn','uritchie@example.org','1-094-621-2133','2013-04-02 05:21:56','2017-05-04 01:49:27'),(34,'Sharon','Osinski','beier.octavia@example.net','01845192136','2020-03-30 11:55:42','2021-04-15 09:58:34'),(35,'Tracy','Hane','kling.tommie@example.net','1-646-524-1803x501','2017-11-13 19:56:27','2021-04-15 09:58:34'),(36,'Ramiro','Price','champlin.karli@example.org','847-714-9410x96618','2014-04-29 16:12:01','2015-04-17 03:40:16'),(37,'Darron','Sipes','larry.gutkowski@example.com','1-310-884-4569x03707','2020-01-09 03:20:46','2021-04-15 09:58:34'),(38,'Melany','Gleichner','nadia.gusikowski@example.com','263.120.5370x86104','2017-09-29 10:17:05','2021-04-15 09:58:34'),(39,'Concepcion','Lueilwitz','larkin.jasmin@example.org','(430)194-7458x7134','2012-09-27 06:15:02','2013-11-24 17:57:11'),(40,'Hope','Emard','syost@example.com','02796195500','2020-07-19 22:59:40','2021-03-04 06:04:21'),(41,'Delmer','Windler','estell.kunde@example.com','030-197-8268','2017-10-19 12:27:22','2021-04-15 09:58:34'),(42,'Cristina','Murphy','vickie51@example.com','(279)814-7031x8255','2016-03-10 07:23:50','2018-04-15 08:42:17'),(43,'Henderson','Green','wendy.balistreri@example.com','+98(6)5370784307','2020-04-07 13:07:40','2021-04-15 09:58:34'),(44,'Delbert','Mayer','jameson92@example.org','1-545-648-2121x641','2015-07-21 01:31:45','2021-04-15 09:58:34'),(45,'Gracie','Roob','dickens.kallie@example.com','+31(6)0736544370','2016-08-04 09:01:40','2016-09-03 12:08:38'),(46,'Wallace','Hills','sylvia.mraz@example.com','(320)550-2615x0401','2014-11-05 09:33:33','2021-01-28 21:31:04'),(47,'Opal','Blick','geraldine.mayer@example.org','556.377.5523x7892','2017-09-18 01:45:08','2021-04-15 09:58:34'),(48,'Rod','Hane','mertz.thad@example.org','018-768-1976','2011-11-28 22:07:19','2016-09-29 07:31:59'),(49,'Robert','Lesch','jake.mckenzie@example.org','1-627-697-1857x3237','2013-04-11 23:26:15','2014-06-30 20:25:14'),(50,'Golden','Gutmann','jude.dach@example.com','1-490-570-5734','2015-08-04 13:41:00','2017-11-18 19:10:11'),(51,'Xzavier','McGlynn','heathcote.moshe@example.com','655.819.4052','2016-09-06 07:22:39','2021-04-15 09:58:34'),(52,'Leonor','Waters','fernando.lehner@example.net','(339)566-7546x39751','2016-04-06 21:32:02','2019-08-19 22:37:09'),(53,'Orrin','Schneider','funk.maia@example.com','02257533324','2014-08-29 04:12:55','2017-05-26 11:22:51'),(54,'Donnie','Lowe','lritchie@example.net','+55(5)4610517798','2012-08-11 04:21:08','2016-07-10 23:31:05'),(55,'Vaughn','Hackett','braun.ahmad@example.org','1-147-240-9226','2013-12-26 12:27:56','2017-01-21 02:41:51'),(56,'Laron','Wyman','jarrod02@example.org','00362724926','2017-03-04 11:44:06','2020-06-07 09:33:29'),(57,'Jarred','Beer','chasity.gislason@example.com','023-482-0362','2021-03-11 22:56:08','2021-04-15 09:58:34'),(58,'Kenton','Hoeger','walton.upton@example.com','1-507-685-6973x4148','2016-10-20 03:40:10','2021-04-15 09:58:34'),(59,'Sidney','Lakin','cathryn.marks@example.com','1-652-512-5966x210','2014-03-10 22:11:07','2016-09-30 21:51:08'),(60,'Amely','Russel','josiane.armstrong@example.org','423.125.5102','2011-04-17 07:05:11','2013-02-08 02:24:28'),(61,'Alia','Pouros','jayde84@example.net','896.275.9464x541','2016-06-28 03:04:53','2021-01-10 19:19:34'),(62,'Susana','Haley','pfannerstill.gustave@example.org','1-888-577-5754x484','2012-10-07 21:51:02','2016-02-29 11:38:45'),(63,'Matilde','Bartell','ross63@example.org','(704)836-5262x8318','2020-09-10 08:18:02','2021-04-15 09:58:34'),(64,'Katheryn','Parker','laurel.leffler@example.net','567.071.5355x3915','2013-12-15 01:56:11','2014-10-21 08:48:40'),(65,'Lucio','Schmitt','ckemmer@example.net','270.509.7758','2013-03-29 22:58:59','2017-04-22 03:24:10'),(66,'Nina','Adams','hilario52@example.net','09558734250','2019-09-22 03:14:51','2021-04-15 09:58:34'),(67,'Lorena','West','murphy.johann@example.net','+27(2)9580953041','2013-05-17 12:03:47','2019-05-28 22:23:13'),(68,'Ronny','Leffler','nathanael30@example.com','320.713.9535x80245','2011-05-31 15:32:37','2019-05-03 14:46:05'),(69,'Carmine','Swift','isobel.walker@example.net','+20(7)1872814865','2012-04-07 05:23:34','2018-06-16 16:08:21'),(70,'Abagail','Mayer','bernadette.kemmer@example.com','(137)908-6131x8073','2018-01-03 14:36:20','2018-08-20 22:57:18'),(71,'Vada','Upton','bsporer@example.com','1-012-110-6780','2016-12-20 08:31:18','2021-04-15 09:58:34'),(72,'Hobart','Morar','carmella63@example.org','(397)525-8640','2019-06-21 12:48:07','2021-04-15 09:58:34'),(73,'Gloria','Fay','elvera65@example.com','776-475-3209x65550','2016-12-09 11:07:54','2021-04-15 09:58:34'),(74,'Pearlie','Kirlin','dasia40@example.net','01211141905','2012-11-16 18:43:35','2019-04-14 10:02:18'),(75,'Durward','Kub','nakia53@example.org','+47(6)8787288540','2016-01-19 02:20:45','2021-04-15 09:58:34'),(76,'Harley','Wilderman','lexus.o\'hara@example.org','1-480-086-3875','2017-06-20 05:20:31','2021-04-15 09:58:34'),(77,'Monserrat','Kerluke','cristobal39@example.com','1-563-832-8559','2013-12-07 15:20:55','2018-01-15 20:15:46'),(78,'Kayla','Schuster','maida.trantow@example.org','507-228-0128x0765','2017-05-19 00:15:04','2021-04-15 09:58:34'),(79,'Flo','Streich','orie.walker@example.com','04222872449','2020-04-10 23:37:10','2021-04-15 09:58:34'),(80,'Otilia','Kozey','charley.pollich@example.org','487.089.5887','2013-05-07 00:54:08','2021-01-13 03:48:17'),(81,'Geovanny','Abernathy','samir22@example.org','(355)571-4563x8772','2020-04-10 21:34:19','2021-04-15 09:58:34'),(82,'Lyda','Connelly','ben.gerhold@example.net','(535)785-6144x7541','2016-09-09 06:41:07','2021-04-15 09:58:34'),(83,'Horace','Jakubowski','zmoen@example.com','879.203.3888x269','2017-08-17 17:35:12','2021-04-15 09:58:34'),(84,'Monty','Orn','stehr.colton@example.com','(068)602-3656','2018-01-15 23:19:53','2021-04-15 09:58:34'),(85,'Hyman','Friesen','sherwood86@example.com','002-549-2503','2020-03-25 13:21:40','2021-04-15 09:58:34'),(86,'Carley','Kris','deron.ortiz@example.net','378.349.5077x625','2015-06-08 15:59:38','2018-02-25 03:50:18'),(87,'Delilah','Balistreri','homenick.marco@example.net','(061)064-2980x710','2017-03-16 05:02:11','2021-04-15 09:58:34'),(88,'Lew','Buckridge','qlindgren@example.net','+52(2)3895771288','2015-11-17 21:47:55','2021-04-15 09:58:34'),(89,'Marty','Runte','brittany.weber@example.org','1-576-610-5954','2012-01-04 04:27:02','2017-12-30 04:22:33'),(90,'Gwendolyn','Monahan','lucile.spinka@example.net','232.855.4844x6535','2014-01-15 04:08:02','2020-12-12 11:24:27'),(91,'Cleveland','Beer','bernita.nitzsche@example.net','728.534.9649x9819','2016-01-10 02:54:38','2021-04-15 09:58:34'),(92,'Elisabeth','Stroman','buckridge.veronica@example.org','1-493-005-0039','2016-10-14 21:30:22','2017-08-04 18:30:59'),(93,'Garnet','Schoen','hkautzer@example.com','1-286-059-1583x4541','2016-03-28 09:35:47','2021-04-15 09:58:34'),(94,'Max','Dicki','jordon10@example.net','1-685-225-3363','2013-04-15 06:23:21','2014-04-26 15:32:40'),(95,'Sigmund','Hintz','halvorson.monica@example.com','698-863-7171','2020-01-09 13:14:49','2021-04-15 09:58:34'),(96,'Olin','Hayes','francisca.jacobs@example.net','092.588.8989x03766','2015-12-19 18:13:25','2018-05-30 11:54:34'),(97,'Ryley','Kuphal','maya.schuppe@example.org','1-518-375-7601x18248','2019-09-18 18:38:31','2021-04-15 09:58:34'),(98,'Charlie','Conroy','tevin.turcotte@example.net','814.428.1181x43973','2013-01-23 02:57:00','2017-08-05 21:17:35'),(99,'Laury','O\'Keefe','patrick02@example.com','374.968.9480x08318','2021-03-30 20:30:19','2021-04-06 04:36:44'),(100,'Joe','Blick','emmerich.adrain@example.org','+72(0)3023968278','2011-06-04 01:35:36','2017-10-26 02:45:29');
/*!40000 ALTER TABLE `users` ENABLE KEYS */;
UNLOCK TABLES;
/*!40103 SET TIME_ZONE=@OLD_TIME_ZONE */;

/*!40101 SET SQL_MODE=@OLD_SQL_MODE */;
/*!40014 SET FOREIGN_KEY_CHECKS=@OLD_FOREIGN_KEY_CHECKS */;
/*!40014 SET UNIQUE_CHECKS=@OLD_UNIQUE_CHECKS */;
/*!40101 SET CHARACTER_SET_CLIENT=@OLD_CHARACTER_SET_CLIENT */;
/*!40101 SET CHARACTER_SET_RESULTS=@OLD_CHARACTER_SET_RESULTS */;
/*!40101 SET COLLATION_CONNECTION=@OLD_COLLATION_CONNECTION */;
/*!40111 SET SQL_NOTES=@OLD_SQL_NOTES */;

-- Dump completed on 2021-04-15 10:07:20
